EPOCH_1,EPOCH_2
38.75178909301758,6.9080939292907715
37.74555015563965,6.546215534210205
35.60798199971517,6.168759981791179
35.46414232254028,5.807883858680725
35.62510032653809,5.790940189361573
35.4443883895874,6.068532943725586
34.660914284842356,6.2596555437360495
34.053439140319824,6.253505289554596
33.47908592224121,6.275143994225396
33.387497138977054,6.26113543510437
33.42600024830211,6.21493556282737
33.33442989985148,6.21778158346812
33.09318454448994,6.242695331573486
32.934920583452495,6.237665755408151
32.88543510437012,6.2398839314778645
32.71749138832092,6.251503944396973
32.586906769696405,6.256308331209071
32.52531083424886,6.198114607069227
32.29364646108527,6.155076353173507
32.12797927856445,6.1554854154586796
31.98062542506627,6.159770534152076
31.780307336287066,6.173010370948098
31.75143457495648,6.225265088288681
31.470666646957397,6.232071280479431
31.405198364257814,6.204180583953858
31.32925503070538,6.189249478853666
31.402811403627748,6.260692101937753
31.303416320255824,6.270660196031843
31.1736406128982,6.326026439666748
31.179713122049968,6.317095708847046
31.038842662688225,6.299497958152525
30.773975551128387,6.314205601811409
30.62920027068167,6.29191441969438
30.481963886934167,6.2892820414374855
30.398249108450752,6.31185930797032
30.279188844892715,6.260919650395711
30.152079556439375,6.231129581863816
30.111360298959834,6.2402668250234505
30.090196169339695,6.23623539851262
30.01696434020996,6.215712749958039
29.859597182855374,6.2013135188963355
29.847941761925107,6.201186452593122
29.70570577577103,6.195929061534793
29.649607094851408,6.20330146226016
29.469984266493057,6.216521337297228
29.349795009778894,6.221047453258349
29.269699299589117,6.192269842675391
29.11356504758199,6.203076094388962
28.940537472160496,6.211506493237554
28.82743095397949,6.228512506484986
28.682663225660136,6.240813283359303
28.512345974261944,6.231936317223769
28.3713522137336,6.198445149187772
28.250677638583714,6.19809103012085
28.17986647865989,6.191882584311745
28.079757349831716,6.185309571879251
27.871888813219574,6.175903094442267
27.79750846994334,6.160982477253881
27.679725937924143,6.164444301087977
27.580525557200115,6.190305248896281
27.50714527192663,6.20477252710061
27.41633670560775,6.193064512745027
27.283709177895197,6.199753556932722
27.132342129945755,6.198607802391052
27.05794592637282,6.214278940054086
27.034423452435117,6.201911550579649
26.900685694680284,6.176688585708391
26.834447075338925,6.170613064485438
26.711840588113535,6.1538947008658145
26.630828039986746,6.159622873578753
26.554374990328938,6.166199099849647
26.4679172039032,6.153833985328674
26.411051841631327,6.1446830932408165
26.33779984551507,6.151203174848814
26.221047821044923,6.146702264149984
26.12700547670063,6.144971502454657
26.080735937341466,6.137177665512283
25.998851287059296,6.136198416734353
25.951927354064168,6.145464667791052
25.888573908805846,6.146456837654114
25.79609548309703,6.169550177491741
25.769923396226837,6.176844288663166
25.69287182911333,6.156334681683276
25.654541265396844,6.159876187642415
25.57905632467831,6.154896938099581
25.4746763318084,6.1695066939952765
25.3773979318553,6.168251218466923
25.2943482615731,6.169968399134549
25.21004747540763,6.175235367892833
25.094353410932754,6.171592129601373
25.02916234404176,6.165099730858436
24.96738596584486,6.167535030323526
24.884601951927266,6.162472632623488
24.810317881563876,6.169003694615466
24.738104017157305,6.174024576889841
24.68596785267194,6.181615695357323
24.616718007117203,6.18616005317452
24.55706383257496,6.189067412395866
24.51775451621624,6.184454383272113
24.439123487472536,6.184573926925659
24.380832077252983,6.190793976925387
24.34891944773057,6.186491452011407
24.321803426279605,6.171013933940999
24.23597339483408,6.180142434743734
24.213410422915505,6.17687703541347
24.160053253173828,6.168412226550984
24.09198240476234,6.163207481954699
24.029311621630633,6.161141731120922
23.977773403902667,6.153666837499776
23.89666435068304,6.158478103984486
23.829650182981748,6.154891521007091
23.7881332721029,6.1512264013290405
23.733062803217795,6.153473250633847
23.68277771431103,6.15235003672148
23.61712755120319,6.143317413330078
23.53328281435473,6.158433877188584
23.451129424266327,6.160774006802812
23.379508996413925,6.1550115892442605
23.318713444621622,6.1412131606029865
23.272512793540955,6.140831323464711
23.20178945399513,6.142096495825397
23.148944518605216,6.1465302998902365
23.078728482006042,6.158659407762977
23.023334087864047,6.1547293163114976
22.954741798400878,6.145341121673584
22.91025481905256,6.143369402204241
22.844712707940047,6.137972993174876
22.765393562614918,6.136039387434721
22.706792934920436,6.1320813829584635
22.643529833280123,6.127881156481229
22.57909054792564,6.122270678745881
22.52199480750344,6.111266165068655
22.460067082168464,6.112761135388138
22.411634181862446,6.118566986340196
22.347949833340117,6.110248540948938
22.30158251173356,6.107913269716151
22.2618835407452,6.110633272324165
22.193818341130797,6.103610519049824
22.145523572139602,6.108914069992175
22.084607778276716,6.110474981580462
22.030486397709407,6.10132253254559
21.982809698077993,6.107886415132334
21.93194700787951,6.11498636965985
21.88933953311708,6.108859638373057
21.83602910535089,6.1118877838397845
21.78296136856079,6.113489137936945
21.732825415475027,6.111505161337301
21.68446869463534,6.10007939467559
21.638814324500576,6.1094566127597885
21.574199810028077,6.109831813176473
21.533077903141248,6.114151964124465
21.47541374281833,6.117611969772138
21.429684526780072,6.127125796149759
21.381263181760712,6.122788503572538
21.328427007121423,6.1236126284445485
21.289928595225017,6.128849136523711
21.24605857338875,6.128295776950326
21.190698756447322,6.124743123597737
21.143776935601384,6.126393702045177
21.105788856744766,6.12282384634018
21.060062171509546,6.1202271976826355
21.01933083122159,6.12423496776157
20.98558914442004,6.122720899757432
20.942252694106685,6.118973141763268
20.888747614080255,6.117777939998742
20.84126944139779,6.123524125800075
20.79858161446577,6.121751462628028
20.758050447418576,6.118043462435405
20.714945020054923,6.113345259040065
20.668099308013915,6.118409900104298
20.624065694753188,6.1172344754313865
20.572220342103826,6.114625162856523
20.535299560238172,6.109599344992224
20.484160373950825,6.107136978500191
20.442675051007953,6.111217498779297
20.39985146305778,6.110503608530218
20.352027779918608,6.107462284928661
20.29892860369736,6.113061342346534
20.279590798489874,6.121946851634447
20.23733574019538,6.119977320565118
20.198619326175248,6.1224796758830875
20.157670167776253,6.127561873132056
20.111280972840355,6.141878930597358
20.06974056492681,6.138553002606267
20.04200930208773,6.1445555248776
20.010458407863492,6.147221544737457
19.975297422970044,6.140623148749857
19.941234842259835,6.144419127322258
19.893492784449663,6.13830546979551
19.856320305874473,6.142411405161807
19.83338523784857,6.143217131729525
19.802599827448528,6.145387329161167
19.765997352995402,6.137503962442665
19.732858117093745,6.145222194416007
19.68769879952455,6.1435212624378694
19.659959335716405,6.144974246317027
19.632610185497303,6.143225352776232
19.587402907284822,6.133261579455751
19.556244188816702,6.126058875615873
19.513835577964784,6.127123057842255
19.485441763009597,6.135715100302625
19.459285188429426,6.135264037859322
19.431395140774733,6.141962880571487
19.388288998136332,6.145107851308935
19.35594371702613,6.143108558654785
19.319971255885743,6.1499485668626805
19.29658688439263,6.148055869024157
19.265846146987034,6.15101755123872
19.23013323459899,6.156010260422264
19.208570244198754,6.152643430800665
19.18088262567023,6.152599698559368
19.14155902952518,6.1642243974613695
19.103450551279273,6.160122305014883
19.075820080587796,6.161151674306281
19.03756976903871,6.16192258790482
19.007636383727746,6.159543858634101
18.98099871165192,6.1563209740247595
18.950184445862376,6.153069229300963
18.920196977380204,6.155107903153929
18.891992803053423,6.155978207154708
18.86173102434944,6.161061224354878
18.829733470538716,6.162291728698455
18.805133332051504,6.159091549603929
18.778201588562556,6.155162000230381
18.746859385172527,6.152486896514892
18.725946071928583,6.152929230073912
18.700757694664507,6.148399724834291
18.674434724606964,6.15318234761556
18.648561152828833,6.157474551138399
18.618908732870352,6.1600962908371635
18.589659558746206,6.157074366813098
18.5635576946982,6.159207415991816
18.534821985105587,6.159944585464543
18.498219253670456,6.159686977027828
18.46825119180882,6.163917563823944
18.445291119106745,6.163797709901454
18.428820537615426,6.163081666085287
18.39878474163408,6.162315923626683
18.37360726440302,6.157918499104648
18.341807870070138,6.159787658850352
18.321526745048303,6.159889709900029
18.29597508611758,6.1647893850468405
18.270398724716877,6.167437286533937
18.246875821566974,6.16094844067683
18.21467251680335,6.15788658881674
18.18434556712949,6.160360545646854
18.16094173786611,6.1604981943663315
18.13386930573371,6.159094072157337
18.114311122511285,6.158370655703258
18.09156506729126,6.1627862148284915
18.07318188564711,6.166329560526814
18.0532926377796,6.163521781800285
18.024571324525613,6.161480997862081
18.00052339073241,6.157957140854963
17.97971387750962,6.162852034849279
17.955103632062674,6.167340459302068
17.92952510818897,6.163476843778262
17.91195681668067,6.166753944500472
17.887444790726004,6.165183304819822
17.86500185086177,6.169371502216046
17.847939187996232,6.172464832948999
17.826189685413855,6.168282379630868
17.800423701906386,6.1661895545263254
17.786960981108926,6.165789418148272
17.75958435490446,6.171289076895084
17.742322394722386,6.169157976494696
17.717692893096125,6.168772668874219
17.69645035088952,6.172301329783539
17.671441485890668,6.1718597872992875
17.64679143693712,6.167170960814865
17.619993463213593,6.167658702033912
17.59879677435931,6.160937531906016
17.57715096665826,6.159901865236052
17.548865885630143,6.15910034980217
17.528784349614924,6.159850984053178
17.50771891552469,6.157543752504432
17.48474308041459,6.15940635040779
17.4626683331222,6.159933599636709
17.44360112289374,6.1603391110683425
17.421137547492982,6.161644302095685
17.402732126229175,6.159347948230458
17.375844289225043,6.156626993882741
17.352572525347924,6.156918283064879
17.332863528963546,6.155500262555941
17.31947482928895,6.15630432095444
17.30885969508778,6.1524991305558
17.289441853034788,6.153119372989242
17.27271900905503,6.151592685116662
17.25753773289981,6.1491839365975665
17.247148947880184,6.146457436989094
17.2268855170286,6.147457702872679
17.208409110160723,6.14373877277113
17.196569439494162,6.146190929738328
17.176744558373276,6.143895063270517
17.15053266751564,6.1420265763492905
17.132534597371077,6.146625496245719
17.121708789658467,6.146929742511274
17.10696611468424,6.143274796889132
17.086617045577952,6.139287025234771
17.0674587281545,6.142377260526021
17.047682670263754,6.148237985629972
17.034596695805227,6.146691207064698
17.014121524571586,6.146919986989238
16.99064668228752,6.146979002576125
16.972585352913278,6.145831084642254
16.9542245896034,6.147105223213146
16.93584750296627,6.151179012335861
16.913487291955327,6.149873879048731
16.890435178688815,6.149286858086447
16.87408141782207,6.145537676349763
16.85495816013054,6.142196414555
16.83671176739228,6.141899287700653
16.823853876644048,6.140250801659239
16.801637704205362,6.1392714263527255
16.786189227634004,6.13521887915475
16.774621477609948,6.136014345326001
16.754057730786055,6.138293729595581
16.734118023758416,6.137939777014391
16.714742965459077,6.135175474758806
16.697207272052765,6.132206839323044
16.677544142226935,6.130722142454248
16.654237797541647,6.130376849855695
16.634503760204964,6.131748285086901
16.623665070828096,6.13597595397337
16.603362802358774,6.133877623631404
16.58749812951117,6.135180101804207
16.56971378501402,6.135284148224997
16.552496104705625,6.133728517264855
16.539910354150464,6.131432279627374
16.519451262734155,6.127941617098721
16.498183322457027,6.125034147879148
16.48316965907453,6.126027405980122
16.47028928476053,6.124135227890702
16.449396127712227,6.120264363146114
16.429846601343865,6.116890824730716
16.4128631126313,6.118522057930629
16.395233813662202,6.115275032088736
16.380948526619456,6.113215648210966
16.370212501480868,6.1124495545671405
16.353419783536125,6.109497325560626
16.338023966008965,6.1099619977285435
16.318447765551117,6.109329103726393
16.300753220872352,6.111490164831846
16.282212027283602,6.110098873460015
16.261210988915487,6.113016505863356
16.241664699047288,6.11339300905349
16.22320613256449,6.111545711154553
16.211085259229286,6.109713377623723
16.199769643111352,6.11104756439996
16.18541293007987,6.114086125237601
16.165928568935122,6.114774809943305
16.151857706633482,6.11694218760187
16.132695235881858,6.113939889091945
16.11876352223973,6.112532627784599
16.100820656897316,6.114020778763462
16.082764320159228,6.114754459831152
16.067648636526755,6.116116864340646
16.05040917583018,6.1147714340487
16.037210889513446,6.113325938540913
16.023044119940863,6.11333978705936
16.014366599001054,6.110308478083307
16.00227238987032,6.112584817475377
15.988668538978933,6.115413283513597
15.976068187545945,6.115991811175923
15.962892879851877,6.116776633589235
15.95156908295845,6.116160919106072
15.935723429479781,6.115340610940709
15.922352324361386,6.11879528346269
15.904514824471823,6.122320737296004
15.895304674715609,6.124500015619639
15.880266981304816,6.122655621757405
15.865314896388721,6.121959062032802
15.852515394502287,6.120384923254837
15.841107279221642,6.117960912021086
15.827695960998534,6.119496251424153
15.81416161009606,6.11960032899329
15.800291314365376,6.117897373927999
15.787259273428134,6.114980167812771
15.77703655363702,6.119398274333622
15.765842957245676,6.118194703051919
15.749896762877936,6.114041223300724
15.730963362449126,6.110427221078523
15.716677317108871,6.112039384269217
15.705158298214277,6.111860518654187
15.692074394226074,6.108844031296767
15.675703194474927,6.106685207297765
15.660575452701066,6.1059471778475345
15.648847122782284,6.106353978520816
15.637198149085352,6.106379591100933
15.6273058059888,6.109506065417559
15.611932730125954,6.112240665708966
15.602965196784663,6.110909702826519
15.590738949278233,6.111124147895638
15.577959128442755,6.109205134628993
15.564214839210994,6.109279624118081
15.554460301543727,6.108034418086813
15.545904418983747,6.1084553961189325
15.529935808037992,6.10780950047862
15.518271527493509,6.1080391663955265
15.505798802375793,6.106152002811432
15.496828849773454,6.104698082455376
15.487397488076889,6.104248249708717
15.478635104063427,6.102315393925896
15.468123181031482,6.103080090909901
15.454656049940322,6.104026148054335
15.443043887321585,6.108549249583278
15.42753032150081,6.1094965536412795
15.413496912694445,6.106102615010505
15.402444529358506,6.10457523994166
15.392559635348436,6.106096093247577
15.38080199907586,6.1042575453319685
15.3694281207705,6.105085571992745
15.360344355677865,6.1033517846760965
15.34690270677281,6.102919410392282
15.33933484410665,6.103911452695548
15.324891393001263,6.100972841565426
15.312208351757315,6.100441447836603
15.295679779143995,6.10142475794377
15.28151436580394,6.099472108490427
15.274727585202172,6.097762401898702
15.264416803373576,6.094924532602632
15.251843678442787,6.099749716537259
15.241195588528969,6.099019047216321
15.229192409875258,6.0983507194609015
15.216110108319452,6.094430982926313
15.204258692656325,6.0945414713290935
15.189922616409195,6.095854589475681
15.180641845007923,6.096896485747578
15.172862935455251,6.098122118792056
15.160717165747354,6.096504320100296
15.153355861761177,6.09211235422546
15.144204406826585,6.094928806578672
15.130570528413628,6.095730195695203
15.125540478438277,6.093746090814265
15.110981143206015,6.09446988050965
15.1005173210704,6.094223193072398
15.087703442955453,6.09272867809444
15.072179659316529,6.0922256953095735
15.059539125829188,6.089739333524248
15.04748085195368,6.08756329796531
15.03528750888885,6.088638503535265
15.025495065283451,6.089636291314035
15.013306469196122,6.085757714092866
15.00236904298937,6.083785862536044
14.992388030920136,6.079616495196739
14.981347627169349,6.079411432882061
14.970299031643792,6.0778465761701
14.958567621452469,6.077863735812051
14.947638305630079,6.07862400424507
14.93853511598375,6.079766262902154
14.927869724857304,6.077940046390779
14.91539673256663,6.076907830955708
14.907489521877128,6.078141260883929
14.896827985536685,6.079493088869271
14.8864502959199,6.07766789656419
14.875949621200562,6.08002804977852
14.864370527622215,6.081111805705064
14.857570652357875,6.081512360593638
14.846208591087192,6.079817972411777
14.84230491389399,6.081273118309353
14.834211157097474,6.082939545141125
14.824001178080902,6.085305226313603
14.812755080072721,6.085131101422897
14.802322675441873,6.088017624000023
14.793368667684575,6.088797412380096
14.78305479999264,6.089024292041303
14.774821324317818,6.091224087382282
14.763415827710404,6.0924167857210865
14.75448130544569,6.095535778541809
14.749084180466673,6.095592321233546
14.740010261535645,6.094696554155613
14.729984032905708,6.096390222088766
14.722147282283856,6.094518438706186
14.71230800845955,6.095296057970715
14.704077479713842,6.0935032302454895
14.69784843420782,6.091371434075492
14.686823037185508,6.091442682957999
14.677002866896625,6.088387743698503
14.66789369841956,6.089217384075571
14.65332852502664,6.086278932293256
14.646914534658007,6.086130119410969
14.63749561962745,6.08920303024197
14.626801517439185,6.0892111657815935
14.617471918586856,6.092239859675573
14.60610490484336,6.094973437319097
14.595699219056117,6.095780905382133
14.58660285428809,6.094708884276404
14.57661511370393,6.095881930140198
14.570507863791686,6.094349892349087
14.564378433811422,6.09461122240339
14.558313790261138,6.091754123780975
14.547679027890771,6.091361942330027
14.536026690601094,6.094988911920822
14.522792611527539,6.09228064753266
14.518804419161093,6.092294848085654
14.512790976032134,6.090914026383431
14.502792007246727,6.091478599149217
14.495183892996915,6.091060871101288
14.486781433732332,6.091545356299452
14.4796097240448,6.090108323097229
14.473231957106295,6.089440107821466
14.462964152909844,6.0893824603928035
14.45328800057322,6.0882287963958195
14.443607483591352,6.088333175295875
14.43418865959243,6.08950146590129
14.427876125682484,6.09109603557662
14.419464914521287,6.0904070940713675
14.408314397015909,6.089521457829814
14.399213251290012,6.08908197781426
14.388569149316526,6.088516915078257
14.379700746554917,6.087798851110231
14.370044371113181,6.086644063703716
14.360148141723394,6.087487463365521
14.351365777768978,6.0890226911478
14.341623421085691,6.088201763560471
14.337209367012793,6.090101853821629
14.326459947361014,6.090561529192749
14.318674595659765,6.0912688956757775
14.309103653380406,6.090891624002328
14.30062468968905,6.089761987099281
14.2939439689358,6.090312034292093
14.285552351867558,6.0908263734474035
14.273359215738212,6.090811017366486
14.269260019746445,6.094243650218003
14.262232405344646,6.090920259384882
14.255027450989408,6.088406452207964
14.247982554462874,6.090381348155708
14.239931616819266,6.090508843010122
14.230394519344395,6.092031454544212
14.223081969315151,6.0907587249324004
14.214730141526562,6.091002651976102
14.209006690441218,6.091203472668067
14.205006925965787,6.08988836961213
14.195351465810997,6.091216182887331
14.187262309600259,6.0911136422201855
14.177578866481781,6.092554348618237
14.171064706266037,6.091519422371294
14.164189559376373,6.090974839646577
14.157184033756575,6.0906454433094375
14.149384389983283,6.089147990721243
14.14267339283349,6.087251337971573
14.134158881388027,6.088466273902527
14.1245597177228,6.089711878620239
14.116120179786401,6.089632772347507
14.108823456895461,6.089457452406577
14.104779619873662,6.08926262087001
14.095905337952608,6.087086657501444
14.089907140627394,6.087787887475787
14.087268649554643,6.086614318666997
14.077426163933493,6.087151824777776
14.071597347674915,6.086807175686485
14.06373894819315,6.085333136544711
14.057566962664641,6.085460208423745
14.054537985729397,6.084903152410734
14.043961180437792,6.084701003684654
14.038494644405173,6.084122206667344
14.034408717437964,6.0855751397151705
14.031435868218809,6.088256033517981
14.02319927164395,6.0880681107850325
14.014502822501319,6.086840978690556
14.009967305018515,6.086198711565259
14.002586547166002,6.087104278102888
13.994993124296144,6.08533961226631
13.989168991433813,6.082576696754347
13.980982490978409,6.081990639509353
13.971956422387922,6.083345953230302
13.965182251400417,6.084843396720012
13.95826709522328,6.085799975294463
13.94576791049307,6.085209813813543
13.937081976104201,6.08635797584266
13.928677214841292,6.086557627141789
13.923134176881163,6.085819823758586
13.91662150111706,6.08534222248337
13.910762413038194,6.083312705003426
13.90385665561842,6.083900376195493
13.894179001450539,6.083109755482939
13.889258612793075,6.0831179569251
13.878497725952043,6.084898904120633
13.873471777262054,6.085315607990008
13.867095329021586,6.083217525482178
13.860290120267623,6.085438922842686
13.854337100720487,6.084667677731858
13.846189444919801,6.0833628680652865
13.837898830844932,6.084497930252389
13.828209052126631,6.084063468020187
13.82039332471203,6.082780870561307
13.815341257358531,6.0811648815616435
13.809566851375866,6.081939694832783
13.800176586481427,6.083508551424347
13.793587220725367,6.08522115400282
13.786169198967277,6.083856693177458
13.778764270447397,6.083622150324486
13.770466252885017,6.083277235143703
13.764256800063933,6.084313891150734
13.75661817759025,6.084284839309564
13.746605205055852,6.083184232647787
13.73936642993435,6.084563355949057
13.735316779701208,6.085116305877532
13.730380146650718,6.083992629297986
13.726432001590728,6.084021055698395
13.72330886234658,6.084090021009652
13.717481222659647,6.083585956960025
13.710973398800117,6.083265928486687
13.705635038432696,6.084944706878915
13.697649762650167,6.085429588822294
13.692171070835379,6.085049520624747
13.68865284849038,6.0849105498739675
13.685331845754071,6.084481801641615
13.676207701365152,6.0831071872429305
13.668573463158529,6.082116151246868
13.662104101696109,6.0834242138651895
13.653711357147865,6.081612833185134
13.648199671827754,6.081787420524859
13.639731080213664,6.0814984613598755
13.631990056696946,6.081451259395941
13.623658444200244,6.080915041558154
13.617118655379432,6.0799787442533475
13.61078652363379,6.080568815897969
13.601765946155604,6.081211576939399
13.596277900665036,6.081544586919969
13.587667622619973,6.080157911911871
13.58187649947654,6.079944562298692
13.574053387006634,6.077412821890646
13.568561116090187,6.077045011978883
13.563422190093995,6.077322838592529
13.557760856402949,6.075836226582147
13.55350805051399,6.075953028799054
13.550060101375458,6.075465161329622
13.542980211527814,6.075810342221646
13.537472597001091,6.074869677377126
13.530196027408122,6.072188212641068
13.524961208240896,6.074309383012071
13.518132319005932,6.072568824882568
13.514401060549618,6.071544451668435
13.508575799146037,6.071148875379187
13.50247604517067,6.0732088448866355
13.49677394360912,6.073118652241945
13.489423970817398,6.072996608142195
13.482900665026502,6.0730216768052845
13.476018898934125,6.073229036480188
13.470424187164783,6.071204396752225
13.462754603858306,6.072371291965711
13.458559610980851,6.071226330604375
13.452205765321388,6.071237301974563
13.448377201908318,6.070079685920893
13.444087367308768,6.070404364228618
13.438836509698694,6.071774879968516
13.433602689960857,6.070592241522706
13.427975520147196,6.070203743656905
13.421105590967032,6.0721408711946925
13.414889299741356,6.076474034474925
13.40815379502583,6.07652794802847
13.400532401904213,6.075452037828804
13.396059836087241,6.078267445987153
13.389467339115289,6.077611289861548
13.38000791974184,6.0763445394795115
13.373934644179439,6.076480997570392
13.367164132080543,6.075347125711412
13.361405178701027,6.074512506291066
13.356618762738776,6.072493209983364
13.349856737341716,6.072828321702181
13.343444953872359,6.0723636877860905
13.338952864277237,6.071609369050683
13.332686312227365,6.071807822549199
13.328606343090087,6.071332006526172
13.324329225866645,6.0711647819828345
13.31990871543827,6.072090703686853
13.311923502448076,6.071650349451397
13.307583412603769,6.072726323109215
13.300659411700805,6.069804949546928
13.294755590299557,6.0690875380298595
13.289697482472373,6.067802033963657
13.285278914056242,6.067092918180604
13.281066379490522,6.065652961193277
13.275182827137135,6.06420475853814
13.268253931632408,6.0631374734393235
13.262976332288373,6.064281930599466
13.259430028695975,6.064445636265398
13.252203632349119,6.063115652250085
13.246942932465497,6.063942149807425
13.243935943525093,6.063049939585502
13.234601699012465,6.061829336927084
13.228600613718326,6.060940403191272
13.220877960411428,6.061494025570608
13.215860221333747,6.062052384258187
13.212574910839514,6.062643455694437
13.207371788774516,6.061109035469733
13.204232212415961,6.059691291215808
13.19832295430243,6.058748218248475
13.190721367407535,6.0577084285625515
13.186510332413935,6.0557692792757205
13.18216577499588,6.055164337158203
13.175656284948792,6.053660368678545
13.16658847132746,6.056061903406633
13.1591821107933,6.056006632605903
13.155786466324466,6.0544405161649335
13.14734608952592,6.052897360950837
13.143106197559389,6.049948097983199
13.138265761865226,6.048508801003212
13.134802580560956,6.049109456879752
13.126560772366599,6.048116420032975
13.12093044821693,6.047782715908822
13.113768990653677,6.048874699713326
13.109406080435622,6.049686565995216
13.103856203742062,6.050469138774466
13.09878242252231,6.051561057061042
13.091836645377239,6.05258938547914
13.088164041944816,6.052442065066537
13.083653703563137,6.054253028713598
13.077835105170667,6.054462183025521
13.072978326204625,6.055003977693754
13.067290056287572,6.0559496122799565
13.063049850758128,6.055741132225261
13.056730297767148,6.055881482880323
13.052328123746218,6.05428490138554
13.048551457554268,6.053180943654236
13.042260765198051,6.053064110222555
13.03674783348041,6.052528356111149
13.032898821320089,6.050893503037878
13.02904259827402,6.051457693841722
13.023183742607847,6.051808060290248
13.018675898581,6.050428468434764
13.014142754661592,6.04948369892801
13.008164618555353,6.048554938801086
13.002117963988205,6.04779579294139
12.998240662015174,6.048833464131211
12.992126540271911,6.047136466801576
12.986780915286515,6.047393477225041
12.982136720492516,6.046560013408687
12.978488423726331,6.047056058334977
12.972015244527,6.046655047608466
12.968631157458153,6.046783919542865
12.96306524172649,6.046157939697515
12.960056764228467,6.047374884504063
12.956598163137631,6.047992160693318
12.951179541323496,6.046862428602965
12.945347659785194,6.04494734793861
12.94274978779842,6.044604737584184
12.938429220119575,6.0437631019881355
12.935003849622365,6.04422377831227
12.929447240353275,6.043556691503074
12.925407379463998,6.042989834299627
12.919742926293395,6.044471770244203
12.915322562058767,6.0456121519047725
12.909649880300432,6.045922448331078
12.90408748020755,6.046868213060394
12.898451079326462,6.044863435957167
12.89425190821051,6.043864743594817
12.887088981903442,6.041720761476117
12.880425238927206,6.040709079742432
12.873755980109406,6.041446742300346
12.869712763010188,6.04126950083895
12.864024664459635,6.0412003376569405
12.860208425977186,6.042460797636199
12.854481738134725,6.043182193680315
12.848055770788243,6.04543615270544
12.842330329799275,6.044143107954703
12.83728233239267,6.044648013202999
12.832624224963082,6.04401310693291
12.827886988614734,6.044259225067339
12.82418936843471,6.0425913763108925
12.819227164185891,6.041839968188229
12.814456366617746,6.041605251332254
12.806597767700076,6.039544972449697
12.800349889393726,6.037301666284698
12.793647090075222,6.037340238262406
12.789399551132979,6.03794566593394
12.785806866983572,6.0371880736202
12.779447662814851,6.036758866824782
12.774310858218701,6.036207277743848
12.768037848590104,6.035016988811171
12.762514091526288,6.033939152801593
12.755430302367019,6.033576653814871
12.751504347921959,6.034223523250846
12.745914756405739,6.033983438553348
12.742484518547649,6.033297904987925
12.738645317318204,6.034130659803
12.73442212045959,6.033529640163431
12.728897943729308,6.032107662940362
12.722868999456749,6.031823032330244
12.717552426224634,6.031421777380872
12.712658442499693,6.030437771316684
12.708482868369968,6.029309110775457
12.7038304142806,6.028990146456932
12.700908388149966,6.0287111774371684
12.695330116888343,6.0282755668533365
12.690654438968838,6.027954989194567
12.687029454308718,6.0269525807521065
12.684759294125517,6.02528097118866
12.681289546700972,6.024513036993485
12.677523954779701,6.02584453901057
12.675231149100293,6.025521937042776
12.67229691549929,6.02432481578139
12.66689089924022,6.0247564760203325
12.663515805298427,6.023444660954506
12.657860912270282,6.023160110166923
12.654676801736562,6.021814054946229
12.650697513929286,6.021649276403556
12.646203015414585,6.022434860654409
12.641411963105202,6.021756516695023
12.636724778626593,6.021644908985991
12.633093115100243,6.0200439462637965
12.629256257381416,6.02015858658521
12.623811162526335,6.0184269805452715
12.620927763873746,6.020012883369967
12.61920014031176,6.020354157937668
12.61542259686646,6.017788152860147
12.610141144530608,6.018702050541887
12.605837459469903,6.017533870798401
12.602335707935286,6.017578295425133
12.598396113709663,6.0175983059127
12.59457264686453,6.017046994470023
12.591986035068976,6.017332218083362
12.586005411804162,6.0181554632046295
12.582062950017262,6.018457630660636
12.57867411830846,6.017254842554822
12.574343260528115,6.018784658707487
12.569182026940044,6.020100814206093
12.563223789899777,6.019848646843972
12.559888557108437,6.021793695484719
12.554578256084335,6.0221473084588
12.549675937986722,6.022414341750226
12.54745681085969,6.022601637197149
12.543742705317376,6.021290104655386
12.541453685182514,6.020991830247821
12.538175749143734,6.0207193841657105
12.533902518838609,6.020401455038548
12.529768632805865,6.021009200149113
12.524415411908894,6.021313068231138
12.520699907785438,6.022148188338222
12.516140806976209,6.024034075788642
12.512250995406738,6.0221902289642735
12.506109189014046,6.021887485863639
12.50289785547508,6.019595328852427
12.497359698975158,6.020461925061163
12.492398017331174,6.019277224415227
12.486895111156906,6.018351697010236
12.48233653025297,6.01782085758974
12.478931376988044,6.019284187255514
12.473933850015912,6.019439070281528
12.469764017746932,6.020237124632429
12.465445704244944,6.021151339639677
12.46270356116063,6.020374253127074
12.456452095678067,6.0194817066757595
12.451470953472972,6.0200482924309
12.446222725207642,6.021307845769481
12.44136778269636,6.021721160116274
12.436695968767381,6.021968075970434
12.434618456203609,6.021289785281789
12.430659126393936,6.020568286390866
12.427242907177828,6.020607182618174
12.422598287533146,6.022337400017769
12.419285135280346,6.0230527497120505
12.416206957863979,6.023231746720486
12.413194217458804,6.020788548843205
12.410571852020015,6.020049431892199
12.406392524234056,6.0209002102548075
12.400790373484293,6.0224764288722215
12.397986987139488,6.022599627447073
12.395186310036237,6.023842316172844
12.392303028173147,6.022372920615609
12.389265491901584,6.026061785193441
12.384634862216847,6.026050382804208
12.379733764463001,6.027082127277498
12.378195758224223,6.027947488409936
12.375956040882349,6.0287123654235595
12.37191037240738,6.0288109259621905
12.366781649501643,6.028426443651525
12.361910811776534,6.029520674322499
12.356786813955198,6.028320574760437
12.35411498193489,6.027476575426612
12.34908500177051,6.0291855337969755
12.345718298581048,6.030424156003255
12.343196911451745,6.030928192476932
12.337895253862653,6.029836265836443
12.334899547437555,6.0299397573623486
12.329116150889728,6.0297511450377135
12.326739548550652,6.032108110556027
12.324147216289116,6.033801954082797
12.320887330987237,6.0333235131068665
12.319607857542872,6.034045324152363
12.318578408148284,6.031866538281343
12.314883603110049,6.032496656188878
12.309831599843987,6.032478921283964
12.304182830099332,6.031302732532307
12.299960202611057,6.031982082545623
12.297998596608572,6.033179462963995
12.292526677385107,6.0327841062266545
12.289006638178273,6.033532279146535
12.28620339136445,6.034620853220479
12.283363177987729,6.035147390515449
12.280451584824531,6.035801251105664
12.275252166547274,6.036661280763377
12.272891099554313,6.036388193734274
12.269175816647833,6.037385477300463
12.264965683754001,6.036190455779433
12.260197584179865,6.036723878737145
12.25732910712737,6.037448290727187
12.252668476210818,6.037702145910634
12.250397363238864,6.038357419172923
12.247211044557087,6.037587634466597
12.244165354980334,6.037670841502509
12.24298473687663,6.038400844086048
12.236473347760935,6.037839770580815
12.23239790721493,6.038683693975375
12.22803342105537,6.036671957169673
12.222377316034352,6.037039437919625
12.218553188613859,6.038711114339367
12.215239971253213,6.0401201130139945
12.211074231221126,6.0398520241726885
12.208068157263043,6.038344341627722
12.204429797436061,6.036877335425009
12.19852360342053,6.037312178857225
12.19602254965634,6.037996751474343
12.191634050483913,6.036715388428318
12.190651157016838,6.035717695300756
12.186861057447894,6.035485178459692
12.183837113037608,6.034899763292217
12.179478521315914,6.035048121856009
12.176413006886191,6.036188748349314
12.173242939152754,6.036786735122548
12.169874695531718,6.036195341004725
12.164107004973637,6.03539068262342
12.161607047180077,6.0348762761462815
12.158598904480804,6.034803930488793
12.154230678570709,6.033901165937502
12.15069213371318,6.033644373491486
12.147488365399427,6.033493741576014
12.144082099680496,6.034974757513779
12.1395643162471,6.034852088651349
12.133492018047132,6.033829409633108
12.130522461919826,6.034350911179326
12.12587877868456,6.0346218819020265
12.121844474457571,6.033895234990171
12.117936352612501,6.033684912849875
12.114197673960629,6.032998635473414
12.109931722903582,6.033660027362494
12.10800373122128,6.03406096953573
12.105899031804647,6.0343037801809585
12.102361317898366,6.033790993944128
12.097651696990578,6.0320477650345445
12.092926943631182,6.031786165166559
12.088661879522297,6.030046724185964
12.08663545927759,6.031937465576802
12.082274215940446,6.0336856541810215
12.079400125064003,6.033195798291213
12.075642362189772,6.033208896139481
12.071631614668963,6.035102906860883
12.07021731847958,6.034473111933476
12.067492994007312,6.033869148806522
12.065756009580209,6.033533570894307
12.065928986092576,6.033527129588007
12.063208418903171,6.032473456321708
12.05781618704086,6.031634015607134
12.053876913280387,6.031641362724504
12.050743992358571,6.031132604038366
12.045261922674866,6.0320309967332
12.04126631043898,6.031259641020183
12.038177313720098,6.032163539693552
12.034012029071649,6.032759333898624
12.030052843500746,6.033117095588025
12.026621057684853,6.033480189446352
12.023385849573407,6.0332240793440075
12.020009071005825,6.034338289029371
12.016993900654848,6.034176315791866
12.014275311436466,6.033233046531677
12.013240109555108,6.0333409839480225
12.00859185782346,6.033068705442523
12.005469002344784,6.0333624080484745
12.001319989961447,6.033863124404986
11.999611199945672,6.033533422635095
11.995183867682154,6.032786354851821
11.991440508863052,6.032486438996255
11.989755960950127,6.032329830790447
11.987825870513916,6.032768273720374
11.985805056622771,6.032474060771896
11.982371550377461,6.031656957575584
11.980481630941597,6.032439696276846
11.976701027769844,6.0324161315719245
11.972700311213124,6.033438154872583
11.968378527813366,6.033848891564466
11.965069705745597,6.033917756041781
11.959921554534384,6.034805936949178
11.955710287016581,6.034907050006758
11.951286911843392,6.0364274046747814
11.948519196519987,6.0354877686162025
11.946205751270266,6.034755538420595
11.940580188986743,6.032939286608445
11.936238733895266,6.0312044408372
11.933812270983301,6.0326947604767
11.929848496295609,6.033709943956131
11.92540496539685,6.033960145567694
11.921193773532803,6.033227835296985
11.917083490302625,6.032605463590181
11.91316836706957,6.032160369595092
11.909551816293035,6.030859693705318
11.905347726529197,6.031222331248889
11.901790505181811,6.031272747473631
11.898747795456284,6.032262768473353
11.895599264144897,6.032263495206833
11.891735353193559,6.032619832398056
11.889261085830048,6.033592349516893
11.886212791070148,6.033795234807586
11.884789787915599,6.033673926891084
11.883690240964368,6.033454268963183
11.879373182122324,6.033180189654083
11.875386159966931,6.033856268554127
11.872933511223112,6.032967371363489
11.870439493975153,6.033539137589801
11.86735199701668,6.033115247924729
11.864057583813615,6.033355529183332
11.861400810155002,6.033238003140853
11.858314706683748,6.033535131461999
11.857725941452989,6.0319409810109486
11.85542413072633,6.031252257107514
11.852255076404631,6.03029822434966
11.851023568516284,6.031168604553508
11.847800183155682,6.030713986085768
11.845168419277352,6.030598152608001
11.84081813915103,6.031347757928511
11.837455118554812,6.031807010484372
11.835861968900826,6.031623421116584
11.830038001693472,6.032833934879023
11.82598673272878,6.0330880370456725
11.82334266290432,6.031996711870519
11.82154189587569,6.032844859721832
11.81815925011268,6.031974914359489
11.814250232180733,6.03126164563435
11.809773775532596,6.030857385305437
11.807370115946798,6.030822202302877
11.80353849126111,6.029840533879056
11.79914350934731,6.028872506794079
11.795616238530354,6.028890062971014
11.792960023972237,6.029960929079259
11.789351788580706,6.029175218176727
11.786254334173607,6.029387002055709
11.783774932302183,6.030889892532143
11.781504705462153,6.0294060034099575
11.779858115547775,6.029627966811957
11.776010759977193,6.030305176285597
11.773203575874497,6.031417249144555
11.772809175978237,6.030532622978005
11.77097640855886,6.031043784387503
11.766530969133779,6.031401556798781
11.76361628308821,6.030727089649182
11.759947126271848,6.030619332484943
11.757051373621113,6.030972671827591
11.754099555142963,6.030932312020819
11.748864214345316,6.030233479318901
11.746109241758074,6.029479119210016
11.743736419078852,6.029717897937822
11.739877305556613,6.028535228038469
11.735441450153434,6.027888248901874
11.73286119629355,6.0276199923068345
11.730351728737636,6.026828012647222
11.726193843014313,6.0269544018488945
11.722710913944153,6.027717985741463
11.719464697324035,6.028665193087212
11.716787652095835,6.028224115443748
11.714110107691782,6.027127184283058
11.710684686871096,6.02669779811683
11.706805504423526,6.026656172145334
11.704574353943876,6.026217123078268
11.70059327254618,6.026181486988426
11.696571033549422,6.026512153383711
11.694265921612395,6.025636857043511
11.691228996623646,6.025438208387852
11.688435971067193,6.026304715804839
11.685447717404344,6.025371086943139
11.682112966074008,6.024855460630399
11.679171091590831,6.026538656316663
11.677683226652999,6.026212942466807
11.674460601717762,6.02636373431907
11.672507813966918,6.026478115406782
11.670945596473162,6.025171599499015
11.668373812086964,6.024517353804138
11.664945593562077,6.02473382387542
11.661219729120965,6.025409286893586
11.658655248382116,6.024198527906204
11.65462208809676,6.022559310992559
11.650656648524706,6.021906604158118
11.648391464060644,6.021017489503801
11.645125020574005,6.02094086495573
11.643034062702277,6.021064681540556
11.640100563945857,6.0222562093339205
11.63711080015474,6.021012824104196
11.633516785850631,6.0211324715899455
11.630618722561527,6.020607270519523
11.626901707154442,6.020528963884156
11.622881501311555,6.021232709315939
11.621370270534134,6.02124254535252
11.61909043264913,6.023068476727594
11.615198963406101,6.022755725167808
11.612586835620608,6.021972680440551
11.608949073808922,6.020460452554433
11.607364161606252,6.019524394378175
11.60538944072254,6.019859678873498
11.60263185336073,6.019614575556284
11.599604105493825,6.018928759308486
11.597522176829251,6.018671320785176
11.595554857228043,6.019136591460032
11.594397540966526,6.018823363387217
11.59032952817915,6.019100825784429
11.586816063825635,6.019255929451058
11.584333029699541,6.0196086070116825
11.580386798593063,6.0197913730769645
11.576201204146582,6.019385595201046
11.57410284457224,6.018306709153557
11.571034979669761,6.017836712844959
11.567964116087905,6.017476878509865
11.565808484620817,6.017653477073896
11.563295255033232,6.017354443133306
11.559696795591233,6.0177552957097795
11.556669539994354,6.017910816725109
11.552697577284055,6.018784539047378
11.551446067389621,6.018576030876474
11.549192277042591,6.018307492683909
11.54717673683849,6.017928080609958
11.544756900848716,6.017375441722512
11.54099585882255,6.018466493700232
11.53781329383816,6.0178429752880715
11.534128461929566,6.017189034166183
11.53122035542027,6.018021392270272
11.528929799476977,6.018144591635232
11.528110544840494,6.018481818940905
11.525544042062167,6.018812993703473
11.521423129138421,6.018804331638163
11.51983732196456,6.018594212777225
11.517590239789234,6.01826725246845
11.51501415556511,6.017629843897524
11.512370953614685,6.018672871652901
11.509717449282588,6.018772783843873
11.507792139516294,6.018284665307216
11.505272466669638,6.01822104382557
11.501966891099704,6.018541672786427
11.499567739140819,6.0194489890840694
11.497175623894577,6.019125896267652
11.496242241197395,6.01907323512964
11.493966499057331,6.019529825977529
11.491976131890949,6.018787098140047
11.489332830561137,6.018893306867581
11.487357831460582,6.020177539927321
11.485368672318346,6.019749312888919
11.483341315826335,6.01987344755993
11.482212363580429,6.020972591508424
11.48009110037985,6.021079149753843
11.477046460199064,6.021869207738063
11.475220668606642,6.022144917619353
11.471543082161713,6.021722573835607
11.468092724344006,6.021814828333647
11.466300933698692,6.0220055051931185
11.464752387669352,6.021141780954268
11.462429304693641,6.020898794776341
11.459508744641441,6.021011392826431
11.4573351847661,6.0196134858317185
11.455112888738771,6.019667006487665
11.450738705739752,6.019526969387084
11.447826360791458,6.018881365631117
11.44584819836489,6.018863973173219
11.443922542703563,6.018601860054608
11.441993675593361,6.018918761295249
11.43727093021964,6.018361405743584
11.433817850344159,6.0186329669001175
11.432418502892824,6.018443945961719
11.430564554566477,6.019199063747226
11.426522163338767,6.018923285690425
11.42370949837522,6.0184882438989815
11.420779974493263,6.018422930820347
11.418437507440128,6.018357519414101
11.415849058852237,6.018812347681094
11.414065926223612,6.0189750076460085
11.41272219537468,6.018112566487374
11.41025096538833,6.019721853357041
11.408276639967598,6.018407185398537
11.406873573952533,6.0184221939330405
11.404770567303611,6.01817312836647
11.403802875755394,6.017724864241828
11.401118484943954,6.017696078847746
11.39702605432732,6.017132058802856
11.394486561872192,6.0175796983605725
11.39326966283283,6.018246820879427
11.391224843798152,6.0180553891735435
11.389902404678745,6.01765486051345
11.38843124984084,6.017713370959501
11.386524425377825,6.01766825627677
11.385012024771704,6.018200273859561
11.382048022375452,6.018628628392529
11.379935266594293,6.0186728983615785
11.37757148734655,6.01777406436641
11.37341310196564,6.016861941834458
11.372186193938619,6.016810006999249
11.368546586708735,6.016957296821095
11.36569657009985,6.016703228538813
11.3631994844082,6.016550809494415
11.360569149879232,6.016109157905419
11.35719707937145,6.015815182075054
11.355606390220878,6.016390062115446
11.353741219525345,6.01643821492617
11.351054397198038,6.016379053936689
11.34947018345197,6.016366383433342
11.348593454972393,6.015680390730388
11.347368370078367,6.016281060291805
11.34510600002032,6.01594494604014
11.341693164106223,6.015160628925527
11.339556263888031,6.015959274917223
11.338199447438887,6.016172929980466
11.33705538210043,6.0157382950470675
11.334593326445447,6.0165198423609825
11.333256755809925,6.016817276886024
11.330894589621174,6.018578267097473
11.328040812450633,6.017781483054063
11.324478239902962,6.017385407446241
11.321801524464984,6.015991659274499
11.319216608019206,6.015877645726651
11.316375038947589,6.016388756355631
11.314846644668203,6.016514934795468
11.312256081533315,6.0159227589455995
11.309777647012169,6.016394931694557
11.307919534725475,6.015022558105882
11.305856744187777,6.014920072281947
11.303475677137195,6.014266277511622
11.300997768018133,6.014028553291546
11.29908983452049,6.013483239896748
11.297618402764687,6.013524876895294
11.295534888676235,6.013473423743735
11.292993551366287,6.013561147072187
11.289934241489949,6.012175991560447
11.28692785303445,6.012014571346755
11.282760738453504,6.01148117859253
11.28110401455949,6.011447287575016
11.27780812741488,6.011283880128404
11.273871483353826,6.010346187980144
11.270824914237686,6.010230031713469
11.268274818865562,6.011298645450771
11.264245971108256,6.011767956312851
11.262905749302465,6.011845244365988
11.261162725878803,6.010877255961696
11.258008631057615,6.010148080947519
11.255971818512924,6.0099971559954035
11.253141801587997,6.011289268732071
11.25182154099851,6.011487726239213
11.248580232718524,6.0128883265450765
11.245670752475458,6.0134663372776345
11.244749169257677,6.012235346139436
11.242351947539303,6.011927258633227
11.241072310681902,6.0120651815714465
11.238264548080677,6.012223276789894
11.235760319691439,6.0130491220416165
11.233898635479429,6.013621021596024
11.231576721191406,6.013294876670837
11.229312215205862,6.01206688019488
11.227157058045506,6.0115096468133284
11.22457427285903,6.010922554675237
11.221407922261069,6.011637513337143
11.219048408873054,6.010956398519387
11.214769731661317,6.010521678977711
11.212962388043946,6.01071212191191
11.211107528456065,6.009641434505748
11.208941682356516,6.009766012643234
11.207713767460413,6.010600483795953
11.204504061085567,6.009578655864585
11.20101149448691,6.009173113835028
11.199642025848654,6.008749567509075
11.197674269917645,6.0088816558635685
11.195231360032153,6.0082852516249705
11.194201470174685,6.007680425335069
11.19236872943255,6.008040444156554
11.18959815607462,6.008307716259821
11.188161267174614,6.008210168850526
11.185209581044715,6.008024700983303
11.182642049061604,6.007853181037633
11.179824858341577,6.006816520443502
11.179072463222123,6.006832636910354
11.176821094854287,6.0062616689238855
11.175361306433585,6.005838515898761
11.174069668432015,6.00621754940027
11.172507593010026,6.005595325023379
11.168435413139713,6.005773455324308
11.166440510395638,6.005594638476994
11.164529889822006,6.006407756917179
11.163011910485439,6.006783895805234
11.16007196438294,6.006393471113791
11.15796044127419,6.0053553999353
11.155895943210876,6.005847407835666
11.15372917086234,6.00524299840519
11.151186420238963,6.005941454211068
11.148592213094929,6.006153986448452
11.145755290244677,6.006024657384209
11.143982217698435,6.0065030413509986
11.141717018452725,6.006381982056669
11.13989780597406,6.005662498688347
11.13691674371253,6.005558706843078
11.135576124995232,6.005397748135819
11.134061853152339,6.004992787030971
11.130674276388751,6.004749694109884
11.129169560141033,6.004486495881904
11.126377807181894,6.005412242370288
11.124312341305068,6.005622563450289
11.122036131461645,6.005468048252814
11.11849573135376,6.006116595451648
11.115937309939525,6.006466684297449
11.1141250928243,6.005106601297581
11.112458306647042,6.004779437461086
11.109928741411197,6.00437116860612
11.107652146423456,6.004078795809399
11.105864802692057,6.003915586843973
11.10298265713996,6.003746911415911
11.099635518654406,6.003593677956759
11.097696254051215,6.003125706367405
11.094443482479067,6.003670270024365
11.092141282003768,6.003666724438525
11.090576500790876,6.003624923890683
11.088710411214139,6.003527161735482
11.086091648679528,6.002930869613427
11.084554933685768,6.0024375862948345
11.081428715160914,6.001482037244235
11.080865819072217,6.000482210718327
11.08002326738129,5.999924593702614
11.078041016287294,6.000846755965538
11.076877442634467,6.001362373792764
11.074752945867477,6.000759946496806
11.073049847188768,6.000245833180496
11.070477671273622,5.999940445994394
11.068865957937211,5.9993693671917985
11.06609978333959,5.999806352111529
11.064403904689023,5.999272351710864
11.06306414147832,5.999455140961142
11.062136558524097,5.999147334551236
11.060049493659072,5.999292692445651
11.057488723625815,5.999741489905164
11.055155322750558,6.0000183471246915
11.052944497661189,6.0001266906569315
11.050987318057542,5.999287445207154
11.04879492798309,6.000339646925633
11.046522688419184,5.999706847480174
11.04422265826585,5.999790884955915
11.042883598367581,6.000082707351593
11.039595249344236,5.999719771747276
11.03698781749221,5.999872715638769
11.034773415949807,5.999728534648668
11.034110446193163,5.998727130854334
11.032948449187414,5.998424318081931
11.03122281140564,5.99898174975403
11.030748856919152,5.998757169537601
11.02941932820033,5.9981765238325835
11.027900991255603,5.997262265848724
11.025740435854452,5.997216837974327
11.025012861727253,5.995872001089045
11.023721644045954,5.995952660812989
11.02203900584468,5.9954198139685175
11.020005183781102,5.995403061611929
11.017287024026793,5.995705408633813
11.015157589979376,5.99640068035168
11.013031949320784,5.996310306792774
11.010337502314156,5.996264693305941
11.008269631405495,5.996079389500407
11.00687900183389,5.996088147602629
11.004315774114213,5.996058779893462
11.001204779781428,5.996003287254316
10.999238871125614,5.996855931246982
10.99667285138592,5.997403466990553
10.994711381223233,5.9970782883191776
10.991966408486762,5.997561671151367
10.989196763010668,5.996618465419389
10.986490941658998,5.997400881344582
10.983575084722583,5.997490737134506
10.981984393476306,5.997379784873566
10.97907854276791,5.997284584052381
10.9755408664617,5.997525670564984
10.974989087390204,5.998309735660135
10.972690250819657,5.998206446589909
10.970336603701288,5.998735579214013
10.969177134611792,5.998359577549867
10.96716303145174,5.998713252672809
10.964638815099542,5.999408022967252
10.962565601218579,5.999620425666487
10.960831360619572,5.9989446037129035
10.960002964570664,5.9990512039215025
10.958387506621916,5.9995512811924945
10.957589182300843,6.000739362447158
10.955979434585847,6.001549141205022
10.952618012725013,6.000528732188013
10.95110532570299,6.000644916050346
10.949684740146461,6.001335979024799
10.948168199243097,6.002765417787573
10.945320979513303,6.002215150974874
10.943323779295225,6.0014171062309964
10.94274643484385,6.00243333007829
10.941610713585234,6.00175172824324
10.939887421079677,6.001667552543201
10.937853125853987,6.00188763942074
10.936610320176202,6.002560288912949
10.934485389274055,6.0030052939166465
10.932340514198096,6.00257364116406
10.931164439690155,6.002466568724656
10.929104531391985,6.003147613182451
10.926916705768452,6.003455860578937
10.92500613755593,6.002805112769163
10.92303364169521,6.003585198336282
10.922099693502698,6.003678280115127
10.919731100655556,6.003782237112139
10.918435278360581,6.003684122280116
10.916293601690661,6.004114987590189
10.914341021806766,6.004379523275924
10.912251507090504,6.003791234332048
10.910246817180477,6.002811453081296
10.908955649272212,6.003552284830414
10.906289971010251,6.003737607970834
10.904575392572147,6.002439550172361
10.90298297827971,6.001943169756139
10.901231159477856,6.001733019029224
10.89993938575723,6.000359362144308
10.898983950658799,6.000580215150384
10.897243251557734,6.000278629541734
10.895323237092251,5.999600261007518
10.893530169449283,5.998275879917845
10.891932723719046,5.997292544695384
10.88904168138383,5.997936694847343
10.885936234348504,5.9975907886591155
10.885205315200375,5.997741389106697
10.883986416708659,5.998125824770568
10.881641773231925,5.9987357432329205
10.880212306976318,5.999012339726687
10.879508916246756,5.9987548142671585
10.877184776841549,5.999412947704918
10.875260257453437,5.99888335354365
10.873806799051222,5.999014125475118
10.872718282774382,5.9985437605227405
10.869764024682443,5.998704096251555
10.868260425287527,5.998608365258971
10.866220387606084,5.998847117547302
10.864004345246533,5.999006400727693
10.86190197971927,5.999111995277751
10.859943263201535,5.998977156197509
10.857950953905592,5.9990701557451835
10.856314182613554,5.99873716270027
10.856088819152045,5.999022568607795
10.854494182721961,6.000514918971957
10.852663803299405,6.0006722746167105
10.849615616599719,6.000315702127086
10.847518730626843,6.000236620926179
10.845562472257468,6.000015207038012
10.845146416791676,5.99984225826964
10.843015016941482,6.000096710269801
10.841064300009124,6.000595721901495
10.838917083265375,6.000904982020746
10.836869966761359,6.001574997252733
10.83569591150758,6.000109695268599
10.83380162757047,6.00033025728414
10.832485596886997,6.001201118929632
10.830902335563255,6.001218434287137
10.830518997076785,6.00119108437835
10.828738884686276,6.000891094772223
10.827044847086995,6.0008235997642085
10.82487751118506,6.000220776587417
10.822743607091379,5.999726844030422
10.820988996109081,5.999665182423903
10.820074201774858,5.99837510706793
10.816883807152898,5.998014970378078
10.814681293866405,5.997690171411593
10.81298397861875,5.998046933421527
10.81027759344568,5.998168635140039
10.80975761107199,5.998016912156559
10.808222649201669,5.997481364370044
10.806625989516847,5.997909285509546
10.804364995123745,5.998651948827351
10.802474264068188,5.998250117818758
10.800837313771572,5.997788637795305
10.799065239661562,5.997229789697531
10.796975110826038,5.996816203058982
10.79485251966745,5.99657744862124
10.793138937781686,5.996228915193806
10.791625794309057,5.996303721827386
10.78999588350428,5.995766572098233
10.788805399425959,5.996045715525999
10.786203313326125,5.995510837573023
10.78460155376003,5.99612238282841
10.782581691974231,5.995593716553003
10.781897458456271,5.995623672064935
10.77936318017341,5.995275844110025
10.777214908342279,5.994173792066967
10.774984942113178,5.993577810755947
10.77381864626184,5.993433372281487
10.77293973920159,5.993364174410982
10.771307531671493,5.9937647061717225
10.768645973256909,5.994441914205436
10.766034197470608,5.994037473931277
10.763940153262949,5.993399994347685
10.762998689493932,5.993180464865619
10.760507950686769,5.992336798354283
10.759058561203545,5.992188248995724
10.756607763249496,5.992776393251189
10.754927279401448,5.993031140549105
10.753261649145818,5.993776847081012
10.75178092267601,5.993931779574391
10.749595097679505,5.9938991098480425
10.747318975911112,5.9938342184246425
10.745501890997383,5.993666087992201
10.742565644590595,5.993290153004632
10.74053641573588,5.992364619890849
10.738887204240752,5.991824106245657
10.737789438504194,5.99139278642982
10.73704581409792,5.990986937296367
10.735320618177981,5.9908077279303935
10.732814775511276,5.991070439411557
10.7308508067492,5.990955668458267
10.72859485907197,5.990167001738166
10.726180025057705,5.989823077970854
10.725473382126976,5.988722832176052
10.722977480667316,5.9889705774799875
10.720560144226257,5.988620208952303
10.719470074883214,5.988083540447175
10.717616164440047,5.987462927470992
10.715483272406352,5.987619789304947
10.712939519535984,5.988310074255411
10.713082862403589,5.987624308679224
10.711957756437277,5.987905417136165
10.710665399692118,5.987186661193808
10.70868168762438,5.987684064667974
10.707110207645517,5.987514055402655
10.705385580884242,5.9878775557744355
10.702772750804364,5.9874041462696495
10.701872587047434,5.987833507422624
10.700003122407308,5.988345327965543
10.697884577454113,5.989413259224814
10.695495807640206,5.988662760348339
10.693515048748383,5.988067120762533
10.691410183594488,5.988222974133117
10.690249616761392,5.987060264016071
10.68902737517762,5.987405730228798
10.686656193200628,5.987334817628468
10.68446733808393,5.9873870362189665
10.682464360102127,5.987164536256535
10.68144579692179,5.986851689091251
10.679568543884576,5.985406925779212
10.677000337901214,5.984645779089381
10.674575780844952,5.985028094879279
10.672566142906913,5.98462374855235
10.670514740364515,5.984702044450439
10.66960355616235,5.984547361615416
10.667874825457178,5.984720557328558
10.666140279571989,5.9846881498158675
10.664155321003783,5.98419169783206
10.662134686899927,5.983921898924625
10.660977090755328,5.983489226214708
10.659545980480633,5.983117058699683
10.657414941534968,5.9829163639177105
10.655044149982837,5.983242183230644
10.653528903360288,5.9824490742655705
10.652715676523025,5.98257470761576
10.651196714372961,5.982997726886831
10.650007057128493,5.9829165577581245
10.646868640349437,5.982142142764385
10.644645878400274,5.982319997697877
10.643001013323426,5.982460932256324
10.643096351071923,5.982007505807901
10.640636306890096,5.981457049829805
10.638996751072778,5.981674257842812
10.63699751836203,5.981201683733232
10.63719085974571,5.980939512222241
10.6350530591399,5.980477578513215
10.633236465930327,5.979509817500731
10.631087358380768,5.97920152291379
10.629028981908814,5.978842189397349
10.62735154270745,5.979149780486719
10.625861024795668,5.97898260219496
10.624449469439147,5.979110570948977
10.622669063660563,5.978231577696849
10.621485822591302,5.979101582649333
10.618289398691457,5.978222261872261
10.618200403804767,5.978489925116206
10.615375671071254,5.978849246756721
10.613898046291034,5.978918207578422
10.612246743605734,5.978760605846003
10.610425062028188,5.978798492825221
10.608556520212725,5.978015304670721
10.60810648223306,5.977673942255082
10.605494174062828,5.977464856152601
10.603376727077007,5.977491920095519
10.602198561233811,5.977838069125067
10.600274131540857,5.9779362821790105
10.598431829857615,5.97789398412186
10.5967846106519,5.9775086258004455
10.595180307072823,5.978554686061059
10.593627353571943,5.977894953748781
10.592029637977726,5.97754668152197
10.590579994083878,5.977906766896287
10.588854373552337,5.978124464038637
10.587604700356177,5.978461980819702
10.585436187900088,5.978565717643162
10.584686056013604,5.978486651672949
10.58276797658834,5.978844997721102
10.58140494100567,5.978853517707159
10.578660524026064,5.9789755067681725
10.577039668702033,5.979438091594971
10.574574298428413,5.979223653935549
10.572678912633945,5.978593219125278
10.571715397590093,5.9789027715654335
10.569769980387065,5.978872287415056
10.567581198215485,5.978508834689856
10.56568783033944,5.97904011058033
10.565056511227706,5.979323188463847
10.562796860133865,5.978814987264718
10.561319952593777,5.978822872674376
10.559092693091182,5.979123515280608
10.557006417888484,5.979497668900496
10.554701069236618,5.979501240729692
10.554093255332454,5.979752003108684
10.552742802778189,5.979460455602263
10.551759206878472,5.980072389182097
10.549747718927062,5.9801400669756175
10.547482745523192,5.979907725200464
10.545306325180517,5.979380786899299
10.543832769476644,5.979811545936887
10.5421681303727,5.9802054586794355
10.540395272545295,5.979957967553989
10.53850676826142,5.980157270502292
10.536510754279949,5.979806055539323
10.534708182998761,5.979362741526886
10.532768125592927,5.979415068361495
10.532433422460445,5.979495933216196
10.529506817992901,5.979645481385961
10.529000188271645,5.98068991591735
10.527095890691127,5.980295465057119
10.526537460620586,5.980551267330463
10.525045619239666,5.980556185834962
10.523631722192935,5.979573702475156
10.521757046186368,5.9793953917536165
10.519861972719852,5.979812092104889
10.517323790298649,5.979591521309929
10.515563212604627,5.979531304372885
10.513658212096084,5.979010512869732
10.511617512770101,5.979878252295723
10.510139643927099,5.979991397921867
10.50837631313079,5.980142112317799
10.507744943308655,5.979586424483647
10.50674955016167,5.979624973249348
10.505389511366904,5.980301895566622
10.50285223186416,5.980672244112109
10.500734715345429,5.980880862765196
10.499234906207636,5.9812111678754025
10.497221489626366,5.980530816803025
10.49622250473942,5.979569497662786
10.494728251385283,5.980078230664097
10.493170794744984,5.980379567102821
10.49218880101803,5.980307550505619
10.49053464228266,5.980680026932782
10.487904573528512,5.980007694618216
10.485430694624032,5.980463645182066
10.484363534233786,5.979866446437257
10.482875129369301,5.97976882135702
10.481586008037262,5.979238365666341
10.479571797381872,5.9784761650664695
10.478608396350257,5.9784776811299905
10.477522524750125,5.978104573938421
10.476221246707842,5.978185938896188
10.474464193481095,5.978276782965329
10.473010426982608,5.977950933183778
10.471708819979714,5.977608560725391
10.469680861105402,5.977858715315899
10.467283550046568,5.97763424778042
10.465951284059692,5.977593417775903
10.465482317533969,5.977680946213613
10.46431842761544,5.977474798520024
10.463060737873342,5.9775982689213105
10.461591554861538,5.977494816963269
10.460329106988203,5.97783019561287
10.459524287594308,5.9780613345493805
10.45718580980798,5.977839432054112
10.455367958046006,5.977401242998546
10.454557527260178,5.977010154067792
10.453563382751064,5.976344288108452
10.452425716739889,5.97702380375312
10.450533433911906,5.977193900049089
10.449841750984762,5.977239080827627
10.44799729064996,5.977004677270648
10.446328809450408,5.976669375073291
10.444649854348583,5.975969125175931
10.443402807793495,5.9765138778039
10.44177974632808,5.976066565655526
10.440415375010021,5.975975338012813
10.438863764194757,5.975924082091532
10.437829198117633,5.975924681285557
10.436234217641472,5.975774617914349
10.435220985525794,5.975956863748568
10.432591133694633,5.976741627724852
10.430853440341824,5.9766314106010165
10.429350843079282,5.976536692460002
10.427321960546337,5.976380001376408
10.425683305954792,5.976246781179891
10.42442886142742,5.97605308662992
10.422531833321772,5.9755373036325965
10.420376638794396,5.976092028603777
10.41827314578375,5.976356201920628
10.416896626238978,5.976662853404132
10.414536551765675,5.976910793978088
10.413018727063712,5.976840220273209
10.411110419687871,5.975689887298431
10.410456704560135,5.975201962203261
10.408937545103186,5.976353407046374
10.407155107288483,5.976440667265097
10.405609375441538,5.976673112912968
10.404336813121981,5.976253608220897
10.403428616937896,5.97575051082132
10.401951095435626,5.9755404328321085
10.399485870374745,5.975552137823206
10.396781982283322,5.9755661752954445
10.394926339457689,5.975503357707477
10.393410595904463,5.9750409984253805
10.392290015806232,5.974795215032254
10.391030215994089,5.975049371540999
10.389589905460305,5.975070820372795
10.38719376443216,5.974862108854126
10.384879068844239,5.974061584667397
10.383429643225044,5.973264794725023
10.38221134644844,5.9727097662178785
10.380390817367829,5.971507186173143
10.380435039056193,5.971414368283068
10.379855699356106,5.971550343825832
10.378089600385621,5.971453184998313
10.37644581847382,5.970909749401787
10.375957657374295,5.969801593602188
10.374816236424017,5.969644711589094
10.373326393678404,5.969378977668257
10.372201142518417,5.969106208276058
10.371083441642593,5.969062400029957
10.369693728216687,5.969401757842761
10.367725489592111,5.969200362899789
10.365502266748715,5.969677049345609
10.363142838230022,5.969844975912502
10.361522602112151,5.9697578989102755
10.359953519103158,5.969538827553633
10.358447594650894,5.969334155923015
10.356726342831516,5.9687560227503
10.355511532324535,5.968550861671954
10.354283447089832,5.9686719444215575
10.352272552255247,5.968643453248836
10.351707402801075,5.9689797245317555
10.349805801198563,5.968976504093892
10.348889240177199,5.968205839327012
10.34805231899588,5.9678021807016
10.347172305723555,5.968214424688425
10.344605083378033,5.968015697996847
10.344112695630537,5.967885825748837
10.343235830454567,5.967778743782152
10.341892861009054,5.967642064083619
10.34008068429721,5.967764607278292
10.338555216516456,5.967766587057703
10.336454679108538,5.967018778900749
10.334450703212193,5.966275272505624
10.332657721436139,5.966359534037583
10.329948784281674,5.965969083652104
10.328081801491198,5.965243509682124
10.326486900975523,5.964710934404093
10.325769491005488,5.964324804316898
10.32473116067656,5.964000147811916
10.323400852689705,5.963769699540678
10.322235717979579,5.963646135368173
10.321426683559277,5.96347520770235
10.320778334953568,5.962993443960493
10.318888191199315,5.962792575934745
10.317788436653666,5.962939127755354
10.317130582953338,5.963829290846567
10.316866832795867,5.963149928046462
10.315633245095315,5.962668553290219
10.315203785761296,5.961887843071537
10.314625714414863,5.961639212563541
10.312864454623261,5.960775014367039
10.311587719677396,5.961008137535281
10.310496094267247,5.960406503434909
10.308694213746564,5.960257369337077
10.306894101892045,5.960324857762382
10.305756414266071,5.960359246194262
10.304601540022531,5.960235526220371
10.302428321301097,5.959908744785148
10.300999959578386,5.959627800562361
10.299670989552306,5.959424993598736
10.298567663027546,5.960022306683629
10.297766423882093,5.959656363594994
10.296276151999999,5.95910268004021
10.29544663148138,5.959235852518355
10.293700983494888,5.959026286765248
10.291968714435383,5.958995377689817
10.290571265156494,5.958562970562366
10.288776798675707,5.958111977643993
10.287618612255255,5.958633778343542
10.286472517748951,5.959324131615014
10.285090484341787,5.959141870873086
10.283454499476578,5.958224638671832
10.282796484132053,5.95824190051862
10.2811941048874,5.958249680627198
10.279585380639348,5.958409039968891
10.277640970073728,5.95818302542287
10.275941357564767,5.958022250379607
10.274481326026173,5.957801595836629
10.272638569430413,5.957151366899699
10.270386536916098,5.95671563222797
10.268657649319216,5.957371542398073
10.268312139336171,5.956888688014838
10.267218343946668,5.956367631620831
10.266220746207145,5.955952787717007
10.265655258784152,5.955464085384161
10.26424933405499,5.954716648978785
10.262623274934265,5.95458578997335
10.261344456606624,5.953412294123642
10.258986533546237,5.953792728194895
10.257117774912713,5.954189740826428
10.255501014996419,5.954913889280463
10.25422656200023,5.954485374105905
10.252851633472337,5.954521466223574
10.25131202573476,5.954625985031297
10.249674894688672,5.954398225343254
10.247921628052532,5.954228866317295
10.246443828910818,5.953114705548397
10.245706488869407,5.952588761673814
10.244626365569195,5.952642771509775
10.242527008581503,5.9524784737651535
10.240799956326962,5.952346939064882
10.239105523976079,5.951611798172668
10.236661157241235,5.951678888483362
10.235095985376985,5.9516432905904155
10.233923107810915,5.951363702636911
10.232021875323925,5.951108483514875
10.230967740217844,5.95070047323641
10.2297032601866,5.951330391217584
10.22826251743396,5.951198629716663
10.226593628305519,5.951343776622495
10.225146124086443,5.950381740047321
10.223402976468329,5.949993907460233
10.222565570685381,5.949258102484739
10.221782976001549,5.94901426355413
10.220327680808488,5.949035181358912
10.218558212609091,5.9485079870156365
10.217184999646902,5.947758792010882
10.216145301839637,5.947408806465627
10.21533871320338,5.947529655006716
10.214334826918485,5.947581208264886
10.213186472103049,5.947045898152124
10.211998674518197,5.947180608616632
10.211023987376171,5.947367241978645
10.209760078200175,5.947908614006851
10.208799096323897,5.947896074782753
10.20858248976088,5.94728546833384
10.206701039492179,5.947234623732122
10.205849553188335,5.9468982090471885
10.203949030403972,5.947854498096561
10.202796649468159,5.947626029857766
10.201663240209802,5.947789235419525
10.200520114166276,5.947885329559599
10.198986525922209,5.948154789563771
10.196657913945804,5.948643490535256
10.194816794560229,5.948610382641366
10.194932242566935,5.948885280636922
10.193929391128474,5.948148238620326
10.192708663220676,5.948258952503256
10.191814916914907,5.947813146972451
10.190409540680704,5.948208595644612
10.188229231839545,5.948315411645707
10.186845350034652,5.9488377120945
10.185919877021544,5.949313164398235
10.186121934463362,5.949330405097441
10.184741592816968,5.949759140818767
10.183744914289834,5.949492149051005
10.181824334701243,5.948928875856645
10.180333047513987,5.948173183538319
10.179556535882327,5.948050024808412
10.177055791794583,5.947915567966088
10.175385274519503,5.947442419906755
10.174797160667554,5.946947933710343
10.1741863786218,5.947113367197986
10.172266817169353,5.947311882919197
10.170570576292837,5.9471883286013565
10.169150496063804,5.946935526266877
10.167073657698413,5.946151504521691
10.165042652130127,5.946148927688599
10.163709540865314,5.94631127927349
10.161986286486473,5.945291062270192
10.160732027821647,5.94504418705726
10.159450276219001,5.944784016606654
10.15832195079073,5.944780754408938
10.156119709633437,5.944200349576546
10.155116377677471,5.943583969482074
10.1532892978261,5.943264533152811
10.152012557993523,5.942927214876608
10.149947305573077,5.942245814654808
10.149369182667575,5.942964132492008
10.14850511384124,5.943371918445298
10.147992120961012,5.943210458477675
10.146704025531081,5.942984913568007
10.145245576787877,5.942798047217112
10.143235395472873,5.942159341164583
10.141638515615565,5.941841165182707
10.140898366233879,5.941834712116667
10.139948364799604,5.942362053844971
10.138036723879207,5.942553351988579
10.1364234255839,5.942446526218567
10.13541472253513,5.9422432516648005
10.133838854549557,5.9421006026584555
10.132316825639705,5.941973328527618
10.13121450951225,5.941792135364131
10.129409353586324,5.941600318082943
10.128269224888895,5.941575725873311
10.126693884197563,5.9418558323940855
10.12600057941525,5.9417884005468435
10.124103287574187,5.941750389134164
10.123549197928478,5.94128401219407
10.122848486987845,5.940666122091461
10.122122468438539,5.942006871760267
10.120925732967802,5.942170815170591
10.119223539741876,5.942748272356563
10.118319555828547,5.942872408108833
10.11699294171074,5.942101057727966
10.115599670150925,5.9423138287699295
10.114089538809399,5.942198766436323
10.112456080434217,5.9415533612353375
10.110639456916203,5.941102624810563
10.109672551610286,5.940735071602126
10.108150595793262,5.9414513052690765
10.107327678167552,5.942139267113881
10.106106325735649,5.942018254225453
10.104777494238913,5.942023933213059
10.10338316747723,5.941502598272278
10.10273092808478,5.941126163713769
10.10029170840297,5.940923491411546
10.099424551678942,5.94104432527121
10.098098631836049,5.939967633902965
10.09728767863196,5.939724815157825
10.09654855802346,5.9398207554431375
10.095513731163978,5.939521615155439
10.094069783551705,5.9390224752030845
10.09284952327663,5.9392046630845545
10.092398870805775,5.938797004598022
10.091630207215697,5.939064346196056
10.090784000635393,5.9394962283423425
10.089145252809352,5.939037178468334
10.088442806862602,5.938782076328254
10.087639247380277,5.939271452627541
10.087058186900135,5.938831449539177
10.08725809350095,5.938685203102706
10.086587746610347,5.938459309228917
10.085235841860174,5.938352689860961
10.084437360969803,5.938503491890787
10.083741878150237,5.938324584583001
10.083836617293182,5.938040854876915
10.082723058832949,5.938528233628653
10.083050126774584,5.938297024366177
10.082287923825602,5.938054963877462
10.080753383695223,5.938049026705646
10.079248786523074,5.9383849890920795
10.078003337077606,5.9391000927411595
10.077142432920143,5.9387852962294465
10.075731516861525,5.939017316723456
10.07489037648019,5.938469652511863
10.073202065093978,5.938243818746741
10.071068845197672,5.938240375787096
10.070142268159394,5.9382550154483145
10.069052598765143,5.938032106775743
10.0685981666713,5.938092146392253
10.06848333124119,5.938243931565375
10.0672240816817,5.937263130776736
10.065447979226276,5.937285954462272
10.064313245232803,5.937317627164081
10.063757587681604,5.937798908275424
10.062735460683431,5.937764676792316
10.060955257270173,5.9379606835411405
10.059306240033278,5.937577386474803
10.058614739804446,5.937139917765405
10.05713746654309,5.937051700019255
10.056201302260538,5.93692839079063
10.054645017197895,5.93680153219833
10.053354667322942,5.937412518042105
10.052189394136471,5.936889572390195
10.050815195343667,5.936920451562053
10.049227806814052,5.937171195294961
10.047795118742352,5.93655760185628
10.04593988323984,5.935832529053514
10.043544516276397,5.935837220229099
10.042572368384613,5.935268818789715
10.041934925838815,5.935046294893262
10.04111056014745,5.934720919951044
10.040107064870558,5.935177686658548
10.039834266714564,5.935037559144552
10.037962709600976,5.9351681182917115
10.03823899597891,5.934774843074622
10.038220792333185,5.9340148014145475
10.037061809653121,5.9341940165526434
10.036506189913622,5.933812336880895
10.035463289235919,5.933125560312444
10.03408081750884,5.9325959325256274
10.032561337648325,5.932551261647862
10.031109527509336,5.932198281266592
10.029815409796305,5.932249376931822
10.02908893021518,5.932491661493825
10.027702840185214,5.932200313570985
10.026341594370983,5.931823362264418
10.025361405345864,5.93180104881107
10.023746136850157,5.931555605077959
10.022256778883147,5.9317625701367795
10.02043051836549,5.931956245995808
10.018468860864639,5.932683742165565
10.017146191318174,5.9325151480417855
10.016833703834694,5.932421412382212
10.01580147545634,5.932228354650679
10.014576852916482,5.932402738197121
10.013142420466702,5.932318943932169
10.01198265131782,5.93227117760469
10.010759578632607,5.9325829556051275
10.0100805728559,5.932685773092437
10.008838915362057,5.93309109777049
10.007711217889739,5.932745272484585
10.00642985553068,5.932189641100799
10.004983738449885,5.932488216676011
10.00435221805184,5.932313703626054
10.003524089877631,5.932293562690219
10.002433168917673,5.931941121032753
10.001380060636809,5.931825764240727
10.000016431851025,5.931428427618213
9.998436371327864,5.930321016207677
9.997519193869406,5.930182722903171
9.996427220873313,5.930145261075237
9.996146374560418,5.930322262982458
9.994745465579538,5.93068711835482
9.99417884480641,5.930488675523382
9.992862970225897,5.9304479278123425
9.991455032678298,5.931017319950056
9.99111525162775,5.930648104459606
9.989293649388348,5.930618189448021
9.98779364920697,5.930538545228556
9.986513489158709,5.931089467988219
9.985564444922462,5.93115109175884
9.984422261112726,5.931353136332149
9.98348566960162,5.931248936831482
9.982031245215211,5.931283276244097
9.980607631283876,5.931479395666657
9.979486575583568,5.93159983702901
9.97863400193235,5.931299763016241
9.977311662206711,5.9313262324738165
9.97561468015826,5.931177274518673
9.97434608231227,5.930351853896847
9.973338177624871,5.930187453241909
9.972245299074359,5.930439393699081
9.971063597078539,5.930611216473182
9.969537222904723,5.930681993724432
9.968016052666009,5.930558173157231
9.966822933626059,5.9308189562305555
9.965609955531294,5.931746502426013
9.964285377414855,5.931907208185983
9.9628450863529,5.93205101811327
9.962201670706708,5.931821652771264
9.960795305065993,5.931766360678324
9.959478576842429,5.932046029580506
9.957809831663878,5.931912089649
9.956729269236748,5.931676684852002
9.95547673022039,5.931909375436814
9.95383084568664,5.931869277350804
9.952670006900446,5.9320570272230455
9.951593890720973,5.932220868827883
9.949630023207447,5.931872186438335
9.949002450273245,5.931809269959282
9.947399718321643,5.932052068108494
9.946108963812282,5.93184970872371
9.945614417933585,5.932282975758313
9.944435260622928,5.932143296423434
9.94296128019806,5.9319002974865045
9.941582762415704,5.9317673960263155
9.940382088026949,5.931254937826491
9.939157089405033,5.931671760367148
9.937845510486477,5.930605912923352
9.93677537760451,5.930588086945472
9.935402962090313,5.930366033402042
9.934469141746016,5.929956720394538
9.932919919490814,5.929724321056977
9.931808199332753,5.928920855455449
9.930965097109171,5.928923432714339
9.929633978418558,5.928948071606188
9.928601213273286,5.929495881862493
9.927921685222024,5.929489766053414
9.926286522532106,5.929504210152686
9.925326519140892,5.9294393138279995
9.923756804374548,5.929422247065948
9.922133085763209,5.929480430198827
9.920503765201477,5.929216816491742
9.919822218094202,5.929004555760355
9.918455987882705,5.928355582730555
9.91700998187351,5.928609216470512
9.915577231066111,5.928581245450708
9.914978893738816,5.92886500285468
9.914363330808179,5.929181507834986
9.91316043525977,5.929297878503685
9.912876962588735,5.929633376586951
9.911640444080092,5.930048342471713
9.909782515885041,5.92931971985341
9.908590727768273,5.929141947827838
9.907546669614804,5.928967478054415
9.90604456830992,5.929251967068219
9.904502778790379,5.92937291271359
9.903161951855472,5.928958223044559
9.901557573713042,5.928361438477573
9.900312015020944,5.928174952883673
9.89855180422465,5.928383221512749
9.897963428088792,5.928241770475153
9.896604071788625,5.927921136938652
9.89519951244904,5.9278248111463645
9.894127611198353,5.928051148190698
9.892918652650014,5.927882686646704
9.891261834817508,5.927587577873259
9.89061827268089,5.927762403270901
9.889554384537394,5.927666249831669
9.88890396129921,5.9277664183892025
9.888739020225561,5.928061846986201
9.887818428872604,5.928114697584209
9.88681456853043,5.92811581729488
9.88576421430762,5.92787905265187
9.884540085535402,5.927760075146901
9.883228198969054,5.92746293888588
9.882220358163513,5.926772230852304
9.881334112678207,5.926612653425971
9.88024751322803,5.92635407922851
9.879145849082986,5.926159906297317
9.878559798114704,5.926168432213226
9.877675870745207,5.9256755541316295
9.87692364334049,5.9257220971370845
9.875734017022197,5.925635551316975
9.874572799479669,5.925408590423634
9.8739450748668,5.925543264837826
9.872994888983913,5.925353562618804
9.871721123998917,5.924517821077456
9.870955544979052,5.923820031876851
9.869927682021013,5.9232289932209765
9.868854706723925,5.9234389803219285
9.86772994825058,5.923124781576807
9.866977954223948,5.923350588130235
9.865866572321496,5.922996305826959
9.864922537575733,5.923805619693852
9.864770245384555,5.924090422846953
9.863834134648355,5.924400254916609
9.862823077546809,5.924248727393251
9.861664368796282,5.9243754244385975
9.860337354580674,5.924808675967515
9.859618072420638,5.924724084974449
9.858896056829575,5.924579716241009
9.857394933255335,5.9242599369987605
9.856468684863554,5.924064994358983
9.855221143631793,5.924355061307772
9.854227441729922,5.9245981081938135
9.853619037781046,5.9244435850083
9.85262309755344,5.923914766000713
9.851090545094879,5.924481570942664
9.850075333436848,5.924599299046981
9.849345157091008,5.9246295714932815
9.847261350136034,5.925577165802264
9.846627587501,5.925801546046282
9.846086823879372,5.925612721064453
9.844911181716423,5.925461433834795
9.843713430462193,5.925609671046175
9.842415713202312,5.925121592347388
9.841526421894892,5.924747919229429
9.840582212106954,5.9246999193276375
9.839853986428258,5.924383981628736
9.839067245854272,5.923971068307205
9.837478030891894,5.923721157362593
9.835798924549325,5.924125791257669
9.834698776045828,5.9238072926392995
9.833737675892447,5.92409542715263
9.832474726837722,5.924033114210838
9.831137383303373,5.923853336498898
9.829464114972067,5.9235872420287645
9.82821942409466,5.922700858534042
9.827472047247388,5.922318560673708
9.826393727992537,5.922360344965886
9.825373049322662,5.922129741850562
9.82469597069159,5.922195135010321
9.823123001909673,5.922086617280633
9.822153484700685,5.921907963726426
9.821688646119217,5.921756887435913
9.820727517061373,5.922167652779642
9.820599912994764,5.922115089699496
9.819666285598027,5.921661561404597
9.819099175268054,5.921864553239708
9.818464310453573,5.921680450986285
9.817061822822147,5.921638926799447
9.816358783723672,5.920895283316168
9.815559914720424,5.920863255851596
9.814307342082152,5.920631955067317
9.812925356421918,5.920495770561341
9.811954171310733,5.9204538358206715
9.810645173225002,5.921089046013426
9.80967445717869,5.920774410695001
9.808456816048096,5.9208659760861595
9.806793093137001,5.920760763399133
9.805648425462202,5.920532954441038
9.804901123046875,5.920384878115932
9.803891468091583,5.920264544902302
9.803143434776647,5.920260174989483
9.801121921582753,5.920413546355819
9.799608347194443,5.920039958749747
9.7983990466535,5.920191720880918
9.79634446073815,5.920633103112072
9.7953275242086,5.9209557931604255
9.793369320305912,5.9210150960358705
9.79260974144838,5.921311735836065
9.79181518844861,5.921450009571218
9.790211960450119,5.921552568146493
9.789175177875318,5.9217314197666635
9.787000636448935,5.92174895204384
9.78579277875525,5.921397957386802
9.78474054176666,5.920882832696117
9.784162916998932,5.920981984747493
9.783246849391622,5.920961625978601
9.78327816579137,5.920949919407184
9.782326832663037,5.921096110225317
9.78103855203763,5.921218417975614
9.779850515692255,5.921069612451339
9.779001000558566,5.920951900228037
9.777464089705767,5.921408105488555
9.776507875549234,5.921225743496031
9.774791061743779,5.920937729892722
9.773544657219627,5.920756614025484
9.772431022683582,5.9203424128179565
9.771335174371531,5.919895189195066
9.770558224557382,5.919763070084607
9.769435062159513,5.919706358231477
9.768926432794458,5.91952239153249
9.767282028850033,5.919637470901441
9.765729471699576,5.919662133441882
9.764636258873335,5.919680696184958
9.763201224306105,5.919284003809744
9.761660754145582,5.918847933384845
9.75965019040388,5.9188657156711955
9.758849869073774,5.918934913921784
9.75723861632781,5.919841402905343
9.757701199969084,5.919383544541602
9.756241008726086,5.918992906635351
9.755369079038301,5.919154862046989
9.75463908001347,5.919118038386573
9.753410782711663,5.918505015974608
9.752806047696218,5.918286093441994
9.752331783773645,5.918179232164405
9.75158558449824,5.918115311831755
9.750697958043643,5.91859073436686
9.7494732579287,5.918238693770954
9.749607889063117,5.917803355245905
9.748156515232857,5.917388147825223
9.747834575792472,5.917433581568978
9.74636730160108,5.916775698651184
9.74552347462621,5.916957565534359
9.744341429679405,5.917069965539957
9.742678863934351,5.916734718237059
9.742146838660132,5.916962695153568
9.741671762890286,5.917120099067688
9.740057320978206,5.917338272032871
9.73993248223835,5.917234144985781
9.739144973526306,5.917384399819575
9.738896485652772,5.917226562800403
9.738078792766563,5.917073965284089
9.737001095257753,5.916596668514799
9.736099709437704,5.916636270604199
9.735723942544631,5.916405374651149
9.734370210309006,5.916299016246652
9.732548408592697,5.915790275662347
9.731323120711073,5.9151360195645815
9.730402690346109,5.914967755423933
9.729458785931515,5.9147314904171235
9.729029305621507,5.914214668236014
9.728466407194832,5.914585333838894
9.727543880954213,5.91389913687323
9.727091685338435,5.91436151549529
9.725818418321156,5.913861266414535
9.724393673750102,5.913523893305887
9.7234957829446,5.9136132136315505
9.7229699983517,5.912884373855927
9.722529381093844,5.913122752917484
9.721327961041862,5.91389633966237
9.720691241186339,5.913693259552894
9.71944650733864,5.91388608775296
9.71844628762277,5.913655985533039
9.718038302427015,5.913935919838304
9.717687347879318,5.913883585695429
9.716390811439773,5.9138597932600465
9.716239477877032,5.913574392440026
9.715774170299833,5.913842835169202
9.715020884974393,5.913560316606533
9.71405552689882,5.913787734962794
9.714054094513328,5.913756329520571
9.712967171658573,5.912903793531122
9.711693317141329,5.912219422278651
9.71034678966654,5.912941254326804
9.708882492947412,5.912745203692596
9.70788218434485,5.912500682591663
9.707037748936482,5.9127948480922585
9.706305511962478,5.913282085016585
9.705199941706699,5.91326675292293
9.703897300267709,5.913876052200145
9.702825670774438,5.913930678118179
9.70219790826436,5.913703236237071
9.700676973480796,5.912960443243333
9.699154778049985,5.91329128813837
9.698191050761052,5.913268463729878
9.697676310802658,5.913300086229249
9.69694442562435,5.912732921994251
9.695847557296654,5.912502920974705
9.694430686617602,5.912065950401134
9.69260459685398,5.912103770041124
9.691305028274655,5.911824091337621
9.689459206380452,5.912024702891352
9.688058320894928,5.911892142486076
9.68703346310315,5.911383449127006
9.685894846296392,5.910977696938573
9.684807037057789,5.910925088583416
9.683600183173175,5.910528581483024
9.682673333166791,5.910417017303262
9.6813244805204,5.910071151788672
9.68037317554723,5.909811723814658
9.679145980520092,5.910062653604209
9.677883193714315,5.9103459433397
9.677135789950277,5.91053185860316
9.67626244413683,5.910603522945696
9.675237278366419,5.911256689671507
9.674420992122123,5.911352099093346
9.673233108068334,5.911033888829166
9.672242934824013,5.910794506192156
9.670852776953724,5.910859377911951
9.669503646116548,5.911519693599607
9.668339568037995,5.912234697510166
9.66757527053997,5.911983692722936
9.666525534894685,5.911449597913032
9.665723504352119,5.911052007248948
9.664596462782306,5.910645114494763
9.663465390342559,5.910634027831592
9.662563500383893,5.910888271679694
9.661170835507269,5.911048645218367
9.659996637349268,5.911335220161065
9.658696151321353,5.9113552619396135
9.657771740597134,5.910745575474998
9.656732446478571,5.910253672119892
9.655499219486158,5.910122683297281
9.654675678968124,5.909548813224502
9.653794379801298,5.909423586341231
9.652991655699562,5.910148221542306
9.651932383602501,5.9109839925399195
9.651153732700665,5.910858127715393
9.649463662726568,5.910855033578881
9.6483818844654,5.910922506656394
9.64763265644731,5.911035684086764
9.646751182979104,5.911110414675813
9.64631309045855,5.910802865475543
9.645142563363569,5.910537639982811
9.644426420762551,5.910663991912666
9.643565140769248,5.910856825790795
9.642641860880751,5.911024581117833
9.64177415037297,5.91065524386021
9.640934788248165,5.910120185033804
9.640784795568996,5.910334493776508
9.639807239263465,5.910635033703094
9.640073544204615,5.9106099030521015
9.639186376829098,5.910158406392828
9.638457490267974,5.910151842442619
9.638169512898362,5.909644230530361
9.63685700184918,5.909369418458344
9.635270732540196,5.908766863608764
9.634468362170828,5.908750186780407
9.633227077810366,5.908178764213252
9.6323389861728,5.9087084265921614
9.631380020866136,5.908758562329255
9.630155958534548,5.908383949412856
9.629589411331654,5.907623732886068
9.628438003968729,5.90753664212938
9.627452296179694,5.907541590063153
9.626885231359442,5.907188802894634
9.625669613166197,5.907595678422019
9.624351704185997,5.907676541418126
9.623086338702583,5.90807667580664
9.622038836023046,5.908374866452641
9.621986287525951,5.908445683164364
9.620874904231021,5.90806819745114
9.620469283375275,5.908104522360696
9.619964052961812,5.907904728350641
9.619170019664717,5.907635406750004
9.618728278514066,5.9080938059224355
9.617470513071332,5.908244030716038
9.616565575373368,5.908041394392716
9.61527430100365,5.908209482728684
9.614517362188803,5.908506290281315
9.61389008564437,5.908400382871596
9.613177755943635,5.9089196857916235
9.612189873665796,5.909128645839355
9.610925241549443,5.909568676451134
9.609962546446017,5.909777694311574
9.609277953957852,5.909810433381768
9.608345095383074,5.909533165788052
9.606789286592324,5.908935206148825
9.605534380694296,5.908985463173493
9.605031109334433,5.909212071478143
9.60428986314345,5.909204616383303
9.603351057247727,5.909491884534194
9.602984027790903,5.909178763379239
9.601627194687481,5.909501014175542
9.600383125612197,5.909766702576415
9.599881426798099,5.910038723355286
9.598940924406051,5.90959973047177
9.597859950425077,5.909235776637505
9.596195562793055,5.909186943980875
9.595288881697954,5.908955269935376
9.593810750521756,5.9089393303318944
9.592992527420456,5.908784720704362
9.592259944723926,5.9083562968476855
9.591598308081442,5.909084417634749
9.590704955531908,5.908894937794866
9.589633870194096,5.908476710665914
9.588823391293094,5.9082973415920845
9.587741971065373,5.908254770063751
9.586910370965898,5.90853006438434
9.586354137702054,5.908346552301431
9.586058108393773,5.9083891980590755
9.584788611512748,5.908491899063868
9.584436822805973,5.90799027691219
9.583633981759162,5.9079349974141815
9.582345107057254,5.908220201706078
9.58130291642705,5.908456581493407
9.58046887137673,5.908248261085227
9.579158631497698,5.908163002235542
9.578433419533942,5.9079485103967855
9.577046669666009,5.9075162774809025
9.576824480747625,5.907492875167639
9.575888909998628,5.90716005079525
9.575088748436572,5.906992835538602
9.574177015647999,5.906941620273064
9.573526888742085,5.9067090277420435
9.57266446718614,5.90643550113868
9.571665698903088,5.906194590639185
9.570544545908417,5.9063984178702365
9.569246098399162,5.906492890201901
9.568035463222593,5.906315024380227
9.567514646415741,5.906500346854561
9.566577088122985,5.907080612045538
9.565961743419003,5.906808794132007
9.56489838778997,5.906698812849462
9.56409655896438,5.906294591999915
9.562895071609141,5.9063564626444265
9.562283898767879,5.906228738632358
9.561132906890707,5.90608199792336
9.5596314361113,5.906198112521379
9.55812400586772,5.906071004836324
9.557641629111357,5.906328038478639
9.556399726867676,5.906298224033754
9.555499873391351,5.9061004788975
9.554532500057743,5.906302409119444
9.55477540944916,5.906210756477187
9.553323827893845,5.9065845123647716
9.55257248508687,5.906802986592663
9.551185076405009,5.906801630846582
9.549627710322182,5.9065909462496275
9.548326000698818,5.906325911678589
9.547163885982423,5.906357817370035
9.546146379614557,5.906256612886479
9.545574145130692,5.906037779603796
9.545108035564617,5.905986033565007
9.544009218960879,5.906565922755745
9.54389832978716,5.906326315954673
9.543086985068593,5.90606302178003
9.542386445026484,5.9062715236465415
9.541522457190977,5.905809609605276
9.540790605099764,5.905606464888573
9.539662223164138,5.905938805213997
9.538595717045164,5.906379454324502
9.537328891607194,5.906447603658071
9.536067017863335,5.9063399895318955
9.535269134628136,5.9068438345068275
9.534200461686213,5.906992271005407
9.532842858117602,5.906640031849324
9.532029350679059,5.9060900838497625
9.531287145074517,5.90582357226452
9.530026497167949,5.905806895551824
9.528462775792436,5.906132781418852
9.527827864560214,5.906116104414969
9.527420467051627,5.906115358884962
9.52728726356608,5.905882337471628
9.526361968461499,5.906344961889142
9.525768962104554,5.9057670011785826
9.52495870532528,5.905532625509847
9.523486589049678,5.905101728939039
9.522444044362144,5.904766786396263
9.521138573000137,5.904898392976507
9.519601708257063,5.905098309935387
9.51863899288523,5.904943616529346
9.517852973285837,5.905248735858276
9.516473031590442,5.904882998077276
9.515575010101895,5.904855493659759
9.514841744678478,5.904540800770491
9.514336861185281,5.904089768248868
9.51281844559849,5.9035754204753506
9.51237717600925,5.903636045574568
9.511465939660653,5.903427953850157
9.510422028822237,5.903553534911553
9.509237227124537,5.903491274866169
9.508155207030285,5.903978815541054
9.50741832352754,5.903757355907319
9.506203885456388,5.9036308580441315
9.505644509772292,5.903542983527181
9.504649428749085,5.903587255382538
9.503987987438997,5.903318859014164
9.503494127191228,5.90318047066482
9.502638978001789,5.902703270072037
9.501879661037519,5.903445381992541
9.500736914423412,5.90299290497146
9.499744288748204,5.903090009951915
9.499312495348413,5.903212615299568
9.498512742051668,5.903614972481887
9.497467766819176,5.903731143251269
9.496597421691712,5.903677696725762
9.495609994430268,5.904497938391603
9.494725093720065,5.90452420796938
9.494068960151111,5.904684279764785
9.493456448461673,5.904905416990142
9.491979660997334,5.904966962882586
9.491506780653197,5.904966380618903
9.490657389613906,5.90505471634969
9.489862696153006,5.9053752790660115
9.489006789443321,5.90491449619958
9.488569257372902,5.904516934307795
9.487697395716618,5.9041644594396026
9.487829348853804,5.9042197834585135
9.486501548765577,5.904558984712622
9.485918976992322,5.904148649394796
9.484832574447783,5.904091453646669
9.484473728321888,5.904145609737858
9.484295235540634,5.903987351169594
9.482999387232564,5.9034773212256315
9.482130393250369,5.903619081712891
9.481190778709683,5.903999466669889
9.479941714568271,5.904513561881045
9.478827386859093,5.904103092955187
9.477849508338986,5.903627622376964
9.477587035065481,5.903623510272651
9.476701035208016,5.903661729316034
9.47624540441796,5.903340939749679
9.475360719622897,5.9034027909499525
9.475019415877203,5.903308939144685
9.473888562860898,5.902633769815481
9.473023234953091,5.902307864155357
9.472137558511841,5.902597758677099
9.471193778618034,5.903300417491904
9.470395817045992,5.90399870861247
9.469302466455495,5.903241134195958
9.4687521801482,5.903036232500507
9.467552796181787,5.902970451964044
9.466667095164857,5.902864586759372
9.465674022303272,5.902900414994598
9.463935796491489,5.90241473148551
9.462702264785767,5.90220260292876
9.462108137466448,5.902316496915231
9.460629886594312,5.902014217686878
9.45971369752686,5.901985058913359
9.459617352616348,5.901250134899734
9.458754916480377,5.901551755113844
9.457590206314887,5.900989194711049
9.45632530909103,5.900821786585104
9.454794515195164,5.900682938015023
9.453611451417686,5.9006557569880185
9.452790043503047,5.900554161798209
9.451637999986309,5.900317033535333
9.45067563790255,5.9001018866070725
9.450067662281121,5.8998186839450115
9.44960262176585,5.899814627006906
9.449005956259388,5.899421806316859
9.447541231302573,5.89965499209317
9.447160143122211,5.899521240056791
9.44587641471643,5.899387373638302
9.445009742557144,5.899802053796034
9.44411122622657,5.899856098060014
9.442617783607652,5.900083938678013
9.441522499080023,5.900563422202322
9.441233258927513,5.900601663433806
9.440009798666443,5.900846344329816
9.438361584561543,5.900984759377044
9.437763016786635,5.900637167118351
9.436808008994065,5.900856707047065
9.43568715464708,5.9005597324867045
9.434432890767411,5.901117928409909
9.433406598068947,5.9004261653552685
9.433238192059097,5.900335126124533
9.431750764780318,5.900206141929863
9.430902392283642,5.9000634440976985
9.430605961257829,5.899616688120845
9.429940414244248,5.899184495475813
9.429377832066063,5.899420579919867
9.428894924389427,5.899232521451575
9.428102361547891,5.899138712717171
9.4271493453508,5.898820965756961
9.426370945492307,5.898952422547064
9.425823208725346,5.899098840656082
9.425135274176244,5.898722498965117
9.424050175541394,5.898255300668966
9.423190842432156,5.89833059684074
9.42240443973872,5.8981314083055265
9.421372858695513,5.898699636911207
9.420661362768092,5.8982749560910275
9.419617788712735,5.898059014360018
9.419352055880234,5.89877007190151
9.418557209785169,5.899244429973455
9.417490012092987,5.899252846350078
9.416862828652736,5.899087054009258
9.416366276720877,5.898514849197118
9.41531803164797,5.898290118955065
9.41460764366926,5.898707812029204
9.41379261931729,5.898467865981968
9.412926232170044,5.8984538374799484
9.412234273607746,5.8986809506920945
9.41110625656321,5.897971248571879
9.41063692889451,5.898550179269579
9.409179278417183,5.898043034497644
9.4081965432963,5.897980595894649
9.40710761507854,5.897423506878
9.406137089922671,5.897581251778489
9.40533789640175,5.8973856182900715
9.404514742189226,5.897286566845867
9.403309174152472,5.8975948769034074
9.402590588452345,5.8976482885133406
9.401830880775757,5.897217765023755
9.40069100037786,5.8966062504826615
9.39980382311667,5.896217812749549
9.399206279162502,5.895783391006114
9.398601892473495,5.895775404950839
9.39770817883858,5.895496116996538
9.397457837241037,5.895556681769235
9.396691027980493,5.895391301262587
9.395238101278188,5.89486314545215
9.394750866897212,5.89510648934627
9.393772088606216,5.894384423876589
9.392947609614962,5.8947384984774285
9.391683601327198,5.894545531553807
9.390995533633015,5.8946202031384844
9.389978708353416,5.894878992869561
9.388930200534784,5.895241178521263
9.388190747755075,5.895396456094123
9.387666674955481,5.895183855376584
9.386685644445611,5.894766540838364
9.385271416368404,5.8944895441013365
9.384186931521931,5.894481675016831
9.383188052610917,5.894433570811243
9.382080815498327,5.894279164737122
9.381000777612032,5.893928045399887
9.380305105837916,5.893898009171416
9.37963907747514,5.893556833447559
9.378423245327234,5.893440299764247
9.377627720187672,5.893725139844264
9.376756848053162,5.89337671266937
9.376507111366422,5.8933797507487755
9.375470242440903,5.89296456722549
9.374720484715588,5.892562660721113
9.373632987010529,5.892608122751875
9.372579136585218,5.89209771533897
9.371661199518657,5.892673411910327
9.371035365116892,5.892329265232273
9.37044709415759,5.891865949217658
9.369832575680261,5.89243092378938
9.368694548773774,5.892211605383572
9.367648741999814,5.892041153437756
9.366184845953429,5.892157754399535
9.3651773744956,5.89158813379761
9.364511878003935,5.891263038401584
9.364077575935806,5.891324471925811
9.363325765783788,5.891166081072198
9.362735532783532,5.891215653390856
9.361814143375875,5.891306077516996
9.361005087678627,5.891312145775454
9.360251970223198,5.891251073958143
9.359159528047428,5.8909610181019225
9.358090532545116,5.890722580999415
9.35734562552377,5.890885990121391
9.356378628671147,5.890752115753071
9.355010811440245,5.8908116708615585
9.353983475213813,5.89087658877503
9.352842827207041,5.890733430701222
9.351522959415044,5.891048815896578
9.350158915391418,5.890385810926178
9.349655751109703,5.890071978264439
9.349055295385826,5.890007865526856
9.348248871016208,5.89020984997808
9.347145215077187,5.89014007280122
9.346093991851237,5.890272799644484
9.345062328398361,5.889696527647492
9.344613206417668,5.889296725042445
9.343833295670068,5.889233182865888
9.342772186535031,5.889209384136803
9.342580892572808,5.889118263282975
9.341301039598847,5.889126300101925
9.340092046984605,5.889078579665649
9.339411980603078,5.888868360281789
9.338699128282114,5.888887447052285
9.337551704705847,5.888973392017355
9.336360840173922,5.8891384608678266
9.336084814705549,5.888947719010198
9.33530321046876,5.88889434873925
9.33386354393331,5.888685889942969
9.33280292038394,5.888460289300019
9.332089187040742,5.888188617424829
9.330721074691784,5.888694570539968
9.32943724543574,5.88873193245457
9.328954588748791,5.888154092011629
9.328099292104044,5.887653078603903
9.327373674231755,5.887271473444805
9.326412904805004,5.887417860839087
9.325329685704949,5.887393823389471
9.32441816241816,5.887663056801957
9.323629640775174,5.887602347404271
9.322585546974771,5.888013955980462
9.321973954909309,5.888166963437811
9.320673189201932,5.887657332393946
9.320438995572474,5.887616150141642
9.319381643687171,5.887192054412234
9.318382072413565,5.886639579734971
9.317266573380422,5.886358231404941
9.316572892815204,5.886410203679309
9.315641360519999,5.887057183724082
9.31475372939468,5.887184355325656
9.313387836214808,5.887011765292957
9.312374682528207,5.886857898556371
9.311434816463592,5.886911998123051
9.310710308481665,5.887130052201888
9.309727544164184,5.8869003643230755
9.308440944361914,5.887166210520714
9.307256442941027,5.886891328277196
9.306573388685038,5.886999861784443
9.305602356796964,5.886874725971747
9.304990099706112,5.886637970706775
9.304110056846012,5.88659671745678
9.30311499662763,5.886813701073096
9.302692387819553,5.886516239582815
9.301737603687105,5.886491628968235
9.301184562395362,5.886293487032007
9.299975339350555,5.8860980324654415
9.298321127237264,5.886353340944527
9.29757684656714,5.886369244583174
9.297172210770071,5.8861327103330625
9.296613207511735,5.886565509072521
9.296165022573028,5.886176992952279
9.294969693686163,5.886345685181433
9.293989797977254,5.886166018262838
9.293184306847788,5.886135881312573
9.293011654906358,5.885676473390008
9.292884405819192,5.885609397046502
9.292629535729287,5.885368880850097
9.291843242791234,5.885191178182819
9.29116590409548,5.885194414170062
9.290307135106175,5.88533581770517
9.289424281056075,5.885415224409295
9.289007533238617,5.885348506022402
9.288494476104658,5.885266524828664
9.287522160616788,5.885378440510143
9.28681251119588,5.885494211897855
9.286295109710029,5.88529064090446
9.286101801283698,5.884876892084301
9.285234080766887,5.884915363641433
9.284293648119197,5.884664760700371
9.283329288395466,5.884955221751951
9.282176612207843,5.884855664723327
9.281680526034913,5.884694702301966
9.280876699587969,5.884624825650776
9.280211182262587,5.885059892958489
9.27923719056574,5.884348611389542
9.27832961738498,5.884406724500967
9.277098737848526,5.884270156417858
9.276001150804731,5.884043158998365
9.27585955787093,5.88432268596256
9.275363689389508,5.884272246884851
9.274703392880808,5.884441679119417
9.273874897660548,5.884230832057881
9.272946467077572,5.883514624203358
9.271322680724657,5.883214931625751
9.270342870207738,5.88222421760036
9.269417927722738,5.8824120664493345
9.268658041481158,5.882390477706326
9.268137394479478,5.8820474256950055
9.267559457383713,5.881821861696673
9.266650388838578,5.8816264485591425
9.265516215534918,5.88147114737239
9.264442798986634,5.881207492645049
9.263558701758507,5.880886019627454
9.262592763866452,5.880867520768008
9.26154537314093,5.8811016459123815
9.260503821026756,5.8810178684211305
9.259516536439875,5.881373198564387
9.258319853366107,5.881627083081623
9.257943928305936,5.882075177317676
9.25713747504454,5.882124101781879
9.256323415915684,5.882130115486449
9.255424355673824,5.882571928555859
9.254277693323441,5.882233667989151
9.253375443420957,5.882182045136728
9.25273595288508,5.882401706667538
9.252139894702715,5.882149383383016
9.251608113255758,5.881724390640422
9.250661717539783,5.881934761659708
9.249835472584623,5.882013817123522
9.249348392472928,5.882244866719744
9.248883102977535,5.881841447722456
9.248341198219752,5.881946613398341
9.248093591242357,5.8821804513246425
9.247894515820912,5.881926909259388
9.247262067941204,5.882291542636799
9.246101837001639,5.882053909346004
9.24512786606657,5.8819838314451065
9.244200455989375,5.881617506713568
9.243493613924784,5.881559179088436
9.242642067877293,5.881890983387818
9.241827650515262,5.881411031169912
9.241017823375527,5.881339230513641
9.240243950446928,5.881587517647694
9.239987949968658,5.881297465236162
9.239386895423001,5.881120946474323
9.238454243536525,5.881108750235475
9.237585841232121,5.880735404204102
9.236358266564745,5.880299549282402
9.235762395401407,5.880143036427337
9.23435832136734,5.880058509297669
9.233407643994923,5.879760112583024
9.232585485815749,5.879550800584072
9.231576096635205,5.87989454304931
9.23073722250918,5.880125868489556
9.230154858798434,5.880182749411182
9.229242254199075,5.880574967910177
9.228106123903649,5.8804660109480436
9.227059080479165,5.880205139137868
9.226476528201482,5.88021361772993
9.225235688627315,5.8802238275881615
9.224524727717785,5.880318776347589
9.224015629780512,5.880158849534759
9.223137257502836,5.880119963137242
9.222591451874049,5.880574494705605
9.222252260455392,5.880649632423937
9.220556463393788,5.880720794285085
9.2205672119348,5.880695194815983
9.219727587010041,5.880386007866896
9.21937425485574,5.879985122663844
9.218703378743278,5.8802124573750625
9.218288270528777,5.879908572883727
9.217239708863488,5.879930879550555
9.216998636071722,5.879932733688945
9.21628674923534,5.879911332986724
9.215324301318525,5.8801465381077165
9.214959280999256,5.879970960513041
9.214900138048566,5.879843866409988
9.214616280400133,5.8802435819777426
9.213888608131342,5.8802066475310095
9.21307766764246,5.880291898486821
9.212621023079619,5.880439849330284
9.211850481589188,5.880422136505668
9.210896865406887,5.8803658367416745
9.210230305153027,5.880555740741261
9.209567435287,5.880400713934308
9.20835802782468,5.880598412907642
9.20772720310841,5.880580491197348
9.206824623627853,5.880509576433258
9.206558401071044,5.880133734651288
9.206113923330602,5.881024103455183
9.205313029804971,5.88088463193101
9.20471549334436,5.880577914859966
9.204363265709679,5.880488064540104
9.202981832977775,5.880253030120076
9.20163311953313,5.879603070672764
9.200367231122437,5.879377106950468
9.200485009644108,5.879196802969375
9.199669885901766,5.8789078507509975
9.198657726700601,5.879140962148004
9.197503009877334,5.878814810984466
9.196394681015786,5.87852907006151
9.195862055323612,5.878532297524781
9.195458456546682,5.878268437254259
9.194464616908428,5.8779549192468465
9.19367145304479,5.877726025134584
9.192228922604851,5.877918322853391
9.191322721341242,5.877901088971524
9.190352234312787,5.877258743025316
9.189678504280423,5.877323526548302
9.188898392943912,5.87744271166633
9.188099544745251,5.877641028068444
9.187961393300654,5.877226242097904
9.18733006775814,5.877104940659555
9.186650256481435,5.8774458710518145
9.186294692872671,5.877490474051463
9.185430052378043,5.877338017547073
9.184325050654364,5.877298786373053
9.183780136617642,5.877257596520544
9.182663754904498,5.876719257364654
9.182148062513672,5.877134199119324
9.181174244565208,5.877016991201387
9.180401154997606,5.87701412787728
9.179371880511175,5.8770799073185955
9.1787847886861,5.876760217062742
9.178131128586275,5.876573724014377
9.177648347937714,5.876453819363938
9.17701638812142,5.876500251587394
9.176400253504164,5.87652313511538
9.175739814086281,5.87648997949195
9.1756268548702,5.876823432620059
9.17510426369543,5.876256481630867
9.174336899223617,5.875924325384215
9.173664270988535,5.875835670278417
9.173084494492104,5.875492210141544
9.172351767300984,5.875377610402862
9.171700734586079,5.875299019701805
9.170714504506067,5.875597286010832
9.169930888765771,5.875626536358158
9.168795901280467,5.8754865450210705
9.167886464249571,5.875504165293017
9.167461750390073,5.875195666527396
9.167611941182793,5.874753556110508
9.166558618273429,5.87452863761755
9.165785610389054,5.874360637484547
9.164964547807594,5.874503788035664
9.164315079594706,5.874676176234261
9.163287063910303,5.874746980104011
9.162226422322313,5.874438249909395
9.161563667343167,5.8747756638207935
9.16104086403657,5.874610310310526
9.16084667554979,5.87456497387564
9.160147871359968,5.874759295364207
9.15971537835388,5.874432134889666
9.158776240642757,5.874141112663975
9.158052286110852,5.874189621779413
9.157535821913367,5.8739259165496875
9.15677793165449,5.873955798972929
9.155446538357664,5.874634833489169
9.155112409184122,5.874581518336239
9.15434769205418,5.874602171222559
9.153789566204253,5.874293389970384
9.153212353831432,5.87486158539363
9.152487330894171,5.874653522290236
9.151992612161735,5.874677447898396
9.151671614430537,5.874665855995342
9.151209668931012,5.874843566430704
9.150843630380042,5.875029320770508
9.149859286199725,5.87525860119126
9.149040791285708,5.875079924974978
9.148315048347701,5.875574218073723
9.1475762682867,5.875624809859357
9.146680832396079,5.8755199681178825
9.146272505169298,5.8752874141244025
9.145550130824654,5.87524667556594
9.144620752221101,5.874998633936935
9.14389276861091,5.874635772345262
9.143590380130396,5.874605271267802
9.143386806158915,5.874551685526967
9.143112935194136,5.874863149435694
9.142041569410015,5.874390251282033
9.141450419845038,5.8742545919576905
9.140378453676542,5.874182630992486
9.139931003050547,5.87368867008433
9.139124782045009,5.873319252385931
9.137982831410092,5.873441917619153
9.137078892086256,5.873480609842756
9.136091593520502,5.873080881821516
9.13529242336064,5.872826114488601
9.134285853558588,5.8730596761009615
9.13351998293674,5.872655731012115
9.132289672002706,5.873053371644238
9.132271329481268,5.873033604080247
9.131765948634326,5.872823205095725
9.131046101370373,5.8726755776115365
9.129813148217682,5.872399551165502
9.129404474640923,5.872728923057721
9.129047261192072,5.872592933830521
9.128840564555324,5.872275457288894
9.127763577697651,5.872318095823163
9.126976522013535,5.872137873138999
9.126269540924957,5.872026497561561
9.125610781487108,5.871866206033532
9.124558708329682,5.872184332391155
9.1236333208052,5.87229974269867
9.122772179240531,5.872013953028204
9.122163682895264,5.872020294576442
9.12154253620593,5.8721595491338086
9.120872904008559,5.87214177882984
9.119928297315324,5.8718097402268095
9.119196329706458,5.871728147149727
9.118500834469192,5.871537958730737
9.11785661958063,5.871364153736465
9.116946166135513,5.8713124406621855
9.116575906260701,5.8712912793927545
9.1161323940542,5.871223224565032
9.11532130023923,5.870652219339315
9.114632018252662,5.8705167576166115
9.114415765128252,5.87081249030282
9.114061732907192,5.870883631027324
9.113453058771695,5.8706347248495145
9.112578582955237,5.870174132185235
9.111967056151853,5.8699986592354065
9.111190476039454,5.869853753635181
9.1102409657826,5.869614296294375
9.109145222838928,5.869223442814175
9.108774096889292,5.868979948647519
9.10819521931713,5.86901041523812
9.107208473648958,5.869055935678756
9.106086715195135,5.868493521233433
9.105398321661038,5.868924912766557
9.104500793957257,5.8689259906033096
9.103460563191419,5.869231417069362
9.102840929676907,5.868948139640322
9.102248428185781,5.868977998812993
9.101320794724257,5.868440438254361
9.100977577581792,5.868285705771627
9.100442885082243,5.868381248805033
9.099745532167894,5.867952112430897
9.098982848581578,5.867700851856174
9.09847651730358,5.867387194436785
9.097657603602256,5.867469053947136
9.096787165929662,5.867446249390536
9.095440608791911,5.866987623856209
9.094925610805271,5.8668704458249366
9.093949348654949,5.866633673436378
9.093293416547585,5.86624967996501
9.092426528576162,5.866475659591036
9.091716445038156,5.866384209982195
9.09149765960415,5.8660855246618215
9.091088745100745,5.8659065692273
9.090045067740071,5.865983549948753
9.089281238887072,5.865857446090996
9.08881300196185,5.865567666246781
9.088081908541799,5.865417930385135
9.087194733965362,5.86549482665998
9.086324593154584,5.864876855689906
9.085934455845083,5.864627344577548
9.08500588160974,5.864691896413369
9.084488995922499,5.864050575603138
9.083751887417911,5.863937179851595
9.082996408577834,5.864373214338571
9.082544204108466,5.86432774977136
9.081884126609683,5.864107231607371
9.08108603033689,5.863978984725751
9.080120250912083,5.863749906356796
9.07948331169214,5.863739189183177
9.078582560233931,5.864106923331925
9.07765874268589,5.863926164083915
9.076895973984845,5.863925688270682
9.075968155904878,5.863595003038841
9.075681639612604,5.863763281024911
9.075075241042407,5.863891580530183
9.074360752701956,5.8637013214126394
9.073569592676664,5.863993008199491
9.073344407525356,5.863921495536094
9.07247181615886,5.863636916911108
9.071829091315594,5.863682050043684
9.070931535356149,5.863457684917926
9.070460445422844,5.863253059606443
9.069575040651948,5.8633506456176
9.068389354082338,5.86342904620144
9.06771191133289,5.863315364820125
9.067222508104875,5.8629484087492685
9.066176514391039,5.862293227930538
9.06540559229793,5.861795582485293
9.064696077594283,5.86171526865128
9.064196195674263,5.86154754365658
9.063483516609427,5.861893310372004
9.062735174525583,5.861993164243557
9.062095573747346,5.86227700410713
9.060915207761466,5.862379598664348
9.060030773779081,5.862590670507667
9.059154171614757,5.862249943663693
9.058271170441621,5.862019942788517
9.057611440529586,5.862085400045171
9.056783136240725,5.861943903349335
9.055827841196736,5.861520822165723
9.055009646764312,5.861452508999847
9.053993379272411,5.861174509848117
9.053324394729973,5.861358162630483
9.053232800117097,5.861380475563221
9.052677747479008,5.861093010243412
9.051712701902517,5.861124587004641
9.051364517677879,5.86126230267826
9.051094427049762,5.860897633742914
9.050526018099239,5.860591709769021
9.05015707481501,5.860320482741262
9.04957916865352,5.860529554146176
9.048660893944222,5.860458433880069
9.047813053093899,5.860327283954744
9.047374061148082,5.860311971998541
9.04634150024201,5.860335711769813
9.045742448253575,5.860395891320284
9.045056777031391,5.860201043742044
9.044042741892516,5.860131982161371
9.043102819992303,5.859777615799059
9.042051776987448,5.859974703849077
9.041201748272789,5.85970030529799
9.0406209338233,5.859209336106162
9.039518042191698,5.859235656624557
9.038868264160305,5.85920178546541
9.037945109636672,5.858964806239222
9.036998325507206,5.858677581738947
9.036550304727648,5.858656124312515
9.036216072648985,5.858837242613946
9.035835845350139,5.858792804962296
9.035210999939922,5.858978873967277
9.034463198784481,5.859362084555795
9.033772563163991,5.859358395898477
9.033260052672345,5.858973419173435
9.03300825103006,5.859022344509786
9.032210837801939,5.858983956897851
9.03171000460649,5.8591190384602925
9.031188297117911,5.859399246861858
9.030532541370361,5.8592811273552075
9.030218850866891,5.859539596900719
9.029475683709556,5.859646057106778
9.028695722369804,5.8596297290521795
9.028013259162842,5.859633964041005
9.027605920320008,5.859558522125559
9.026894701843213,5.859361935245058
9.02612674819303,5.859204622155758
9.025448690545103,5.858919477723503
9.024429500064667,5.858760211398748
9.023589050375124,5.85863685132759
9.022984383958164,5.858749216350614
9.022351213180096,5.85867148046129
9.02122581839638,5.858306119437392
9.020545518149534,5.85806431885133
9.019698464365458,5.858759197711333
9.018578851838734,5.85941832425849
9.017483178891762,5.859641254062909
9.016857846496425,5.859778494282998
9.016216277770507,5.859657040314796
9.01549426335167,5.859608301402895
9.014653682097801,5.859421009898262
9.01409638771597,5.859431414737023
9.013293472508614,5.859355595749869
9.012618525085449,5.859236199951172
9.012271360335102,5.859274209193976
9.011768080153555,5.859016075201373
9.011031168653533,5.858856811852712
9.010807267314293,5.85833868442461
9.010010856866074,5.858195527597738
9.009643072063113,5.858296786052128
9.008971159942305,5.858417678457871
9.00884780357183,5.858687135992893
9.008157421999398,5.858459949493408
9.007356536749638,5.858384364339534
9.006940786935845,5.85851906726555
9.00579946938692,5.85818694220784
9.005402926505182,5.858117553669605
9.005000489803969,5.857609055687114
9.003976649235767,5.857251818924193
9.003460058548086,5.857272113215881
9.00230746736654,5.8574359520160035
9.001938667412666,5.8574165694090805
9.0012284385339,5.857260808234907
9.000623242388848,5.8572653834126145
8.99953748023366,5.857103415378248
8.998714390201041,5.857169441317693
8.99839829080744,5.856986310309346
8.997699743151552,5.8567485906238135
8.996490168344407,5.856787334775168
8.99639362337021,5.85675343889087
8.99595433261794,5.85667187868036
8.995199344591455,5.856829304639173
8.994664194921036,5.856629465075331
8.993925906361188,5.856539935279762
8.993303517576104,5.856479293039996
8.992266541687341,5.856337474953498
8.991734034355265,5.8561272593975975
8.990689431160604,5.855881889019634
8.990210635903516,5.856054007856152
8.989630694179661,5.8556845461933795
8.989625380206606,5.855447314495832
8.989088630435061,5.855335804694746
8.98851795895814,5.855645656133572
8.98809686603516,5.855853703274358
8.987523393998474,5.855964479609072
8.986811027340156,5.8560173754666485
8.985850886112512,5.855827957993806
8.984846278672416,5.856261892550449
8.984159465994368,5.8563767555008175
8.983756164314995,5.856332413370547
8.982860403433724,5.856208842008141
8.981994731246655,5.856066938232557
8.98152595161265,5.856011869626445
8.980738563687783,5.855756233996294
8.980058715235376,5.855360904929019
8.979217497927984,5.855121197248728
8.979185744604274,5.855349153899186
8.978152608376472,5.855340167762874
8.977481435379891,5.855229721729111
8.977091951589095,5.854409414580393
8.976343509313223,5.853947554722588
8.97550867939385,5.8540232177054845
8.974522905583358,5.85378124523702
8.9742177506631,5.853373955183164
8.97320608185734,5.853388206283776
8.97298027663385,5.853403745043192
8.972520737755703,5.853132409238755
8.971425975142845,5.853552302808812
8.970582767265343,5.853578424229517
8.969914560069936,5.853708579300415
8.969511056603645,5.853530760172913
8.969139367780677,5.853698642433828
8.968759839804978,5.853611989027273
8.968581348293824,5.853773583082339
8.967958735584169,5.853727609031043
8.966743935187385,5.853779232945709
8.966123984112002,5.853352202185248
8.965307906330581,5.853352773483935
8.964915423840285,5.85394479624927
8.96410336936872,5.854173927447156
8.964122586217544,5.854349316022755
8.963356459174273,5.854295514056432
8.962820584110256,5.854531264260467
8.962527810392812,5.854541728797829
8.961530816309613,5.854118107038963
8.961166840087301,5.854488436217467
8.960092095514188,5.854520853395177
8.95933170755469,5.854571606147768
8.958633668994606,5.854476246358449
8.958205828968145,5.854465531619751
8.957257010274628,5.854450824177577
8.956887478921928,5.854452627305482
8.956003409998715,5.854242263332835
8.955306843539605,5.854229274248446
8.954428814685167,5.854068338945138
8.954538643119273,5.85427419221064
8.953750838397674,5.854099155509598
8.953096209938165,5.853878159225265
8.952222768120144,5.8534979495202535
8.951500995675069,5.853516528858823
8.950686170328188,5.8532465493582855
8.950367493027306,5.853435459323378
8.949802815470447,5.852960731714003
8.949411171610041,5.853131278947342
8.948760090152152,5.8530354169460095
8.947818305420736,5.853165462728547
8.947128574792043,5.85355925020823
8.946442401457142,5.853139340452972
8.945458570279573,5.852948717362372
8.94422914427672,5.852935443091267
8.943656873437437,5.852629024129693
8.942649446328726,5.852448631652988
8.942112774633669,5.852158297044522
8.941040938936025,5.852316220724233
8.940549159963583,5.85221570907034
8.939837238027756,5.851900552281783
8.939162067309658,5.8515800486529885
8.93874853266062,5.851686811034935
8.937675346857235,5.852319072720445
8.936852041713546,5.852000666782835
8.936340092877264,5.852251627576123
8.935616811410608,5.852152796832639
8.935027921684867,5.852159128456609
8.934495697403541,5.851983134809003
8.933619386975,5.851662080448055
8.933036974110088,5.851432678183299
8.932808623965737,5.851919486971911
8.93159727273849,5.851565604431514
8.930868641633253,5.85163485783797
8.93059295362709,5.851924751106316
8.930278327485585,5.851894374776443
8.929301215874537,5.851555082785545
8.928706228916235,5.851639908152852
8.927972542635306,5.851519659294327
8.927568390123382,5.8518778260714885
8.926815821929033,5.851639755891443
8.925985441974806,5.85158562696807
8.925350681701735,5.851554594145263
8.924746380846925,5.851511784199556
8.923949849199788,5.851255657774508
8.923057291129115,5.85153535675374
8.922464524168856,5.851436756521582
8.922159639935867,5.851140640456887
8.921847519137046,5.851324559353395
8.92118789064906,5.85125224391741
8.92048731600432,5.8512038506606245
8.919970381216144,5.851051105206862
8.919216710298059,5.851008620383215
8.918119054905135,5.850721152988049
8.917668094769125,5.850560299594335
8.91723481629472,5.850260656955482
8.916197390429586,5.8502429654901995
8.915621022880988,5.85017185897163
8.915073143471288,5.85040260045583
8.914303500864824,5.8504075470570385
8.913959824897038,5.850043006011688
8.91363467538844,5.850305080050154
8.912730991204143,5.850332426857607
8.912031913385158,5.850113472487869
8.911409640522928,5.849772405711589
8.910474640940981,5.850059989238207
8.90992582988129,5.849930320031535
8.90918775394686,5.849821653276065
8.908346611615185,5.84951576315649
8.907772877124918,5.849465467185417
8.907280354866838,5.84927387581359
8.906361245760953,5.849502729165873
8.905730095559175,5.849566169044608
8.905205294426452,5.849707941806063
8.90481409929473,5.849477478524031
8.904190914019635,5.849391431087132
8.903742351757876,5.8486915450670995
8.902999092755206,5.848764266906975
8.901999964735758,5.8492045481396735
8.901518899549558,5.849318850459983
8.901472497499817,5.849045117479185
8.900869400592338,5.849004111411428
8.899827691488968,5.849147395604883
8.89912983417511,5.849299924518123
8.898423531314743,5.8494651746619875
8.897820291051282,5.849124178100831
8.897163769349234,5.849311457379024
8.896456316510355,5.849551932358569
8.896065922043146,5.849489471663506
8.89543770157202,5.849110530710768
8.895023121731427,5.849641670948579
8.89414519655373,5.849762655731556
8.89395589488408,5.849680759857053
8.893237735425597,5.849573611132688
8.892583632173944,5.849669055469229
8.891966817171678,5.849342485484869
8.891243700602606,5.849019195606728
8.890342892978877,5.848844393880956
8.889755450834157,5.848757715714283
8.88960120143016,5.848745597214118
8.889435356267791,5.848455786237811
8.889027432406646,5.848309539541414
8.887863773364337,5.848033139489436
8.887190925213227,5.84814819176513
8.886459059544407,5.84781762219021
8.885853764524235,5.847564113276468
8.884891104633608,5.847608509818509
8.884100181244484,5.847560651967958
8.883731612442132,5.847492836041558
8.883218494296003,5.847222563522234
8.882291092111572,5.846871007194668
8.881881928931062,5.847009596987986
8.881268087469017,5.847070564554776
8.880367633888314,5.8468636175533675
8.879775613179547,5.84678999771409
8.87933617651391,5.846566898410632
8.878538492668008,5.8462877125486825
8.877542706256722,5.846129140885346
8.877149402755668,5.846017483721251
8.876625916368956,5.84642458369406
8.875999827066295,5.846620828547376
8.87513165962489,5.846420883132427
8.87460134142921,5.846561857953547
8.87405068131978,5.846419270381242
8.873205364910081,5.846022408438885
8.872326610189651,5.845636425083943
8.871513970055839,5.8454881966060555
8.871148984540593,5.845443600886746
8.870564763535299,5.845712073216346
8.870255233139886,5.846036958537697
8.86938041439689,5.845820660088217
8.868560097550834,5.84592852178013
8.868219481827287,5.845604851054376
8.867420070135772,5.845169957360225
8.866846285802646,5.845413498507084
8.865775714626176,5.845250923124304
8.865643791963263,5.845107283124347
8.865080399817488,5.84487765241963
8.864534066224419,5.845062303258836
8.863939490449017,5.844970958380648
8.863238178550896,5.8449169170441
8.862483053139238,5.844466458693226
8.862062303180245,5.844187620460508
8.861749230538095,5.844174145445937
8.861224588770414,5.844148607844223
8.861133101438924,5.844162522647297
8.860759812949706,5.844296250852346
8.859815715751239,5.844248703699758
8.859216945415797,5.843850395335839
8.858617802142247,5.843636554759383
8.857711970292746,5.843589648529157
8.857532606980014,5.84307478010796
8.856771822957972,5.843019716107693
8.856114504386834,5.843801794349263
8.855543354009528,5.843632163862841
8.854854730948858,5.843579526685735
8.854260946217822,5.843628606773645
8.853607985417943,5.843794682991173
8.852586510269731,5.8435788847605385
8.852277655595852,5.8434276140837875
8.851757232698775,5.843350593670254
8.850714561994291,5.84341332000554
8.849929075475345,5.8429641422346235
8.849353000539294,5.842955437284955
8.84890233930911,5.842814301146942
8.848260124077958,5.842630393331675
8.847836084278455,5.84244895516998
8.847484296236196,5.842375927289891
8.847174941701057,5.842094504005623
8.846743039667993,5.84199890474983
8.846074547639525,5.841921810770161
8.845507348160817,5.841909416239828
8.845015235410113,5.841716748136586
8.8450801095428,5.841620358534619
8.844216938463154,5.840938745927263
8.843444104323972,5.840528015469043
8.842499324153245,5.840183139514895
8.841799248789224,5.840291391559819
8.841303703324959,5.840243164885553
8.840981159530344,5.840261860857021
8.840170588674425,5.840413402872364
8.83991817532742,5.840139958562396
8.83974183703493,5.8400011624473445
8.839308348543504,5.839947547842475
8.838605792127753,5.839989823195837
8.837918314353498,5.840030852869495
8.837602881869604,5.840158006915828
8.836946489247817,5.8401294532729935
8.83580382412926,5.839497193085815
8.835333619758932,5.839589426185689
8.834305601033222,5.8393739554621025
8.833501956552407,5.839296751249004
8.833331968050683,5.839533529522203
8.833030429543637,5.839539448117231
8.83231840550253,5.839684880118816
8.831178099301328,5.83936140846116
8.830941491835354,5.838895005911563
8.830679363860815,5.838798658081014
8.829955056890038,5.838481478251266
8.829254865227595,5.838158846110873
8.829034288270732,5.837821232634118
8.828594115270098,5.837600772669609
8.827845620844021,5.837131932940041
8.827082300325584,5.837085468518106
8.826345672456887,5.836582811141495
8.82598564389294,5.836491790241418
8.825561720831088,5.836429514524152
8.825283120029441,5.836380274426714
8.824370505061463,5.836051600866944
8.824011023254752,5.835938824524464
8.823034217902373,5.836307178129425
8.822288817396798,5.836225813648108
8.821944266792357,5.836011024771574
8.821227403840934,5.836015921014391
8.820267228265783,5.836270037492348
8.81984931425059,5.836050182858825
8.819191843644544,5.8360816783749465
8.818662965582357,5.835761664492763
8.817967291863898,5.836256972081102
8.817228348069197,5.836177735237082
8.816454357139447,5.835926578875229
8.816055216159565,5.835984815547048
8.815048383883038,5.835897081499358
8.81420538869015,5.83574026358682
8.813437603615426,5.835543794016684
8.813089476429674,5.83557905456758
8.81224168749213,5.835472019474208
8.81155785575561,5.835523629506983
8.811336035513913,5.835585675495629
8.810737013609272,5.835517681482153
8.81000476731471,5.835246882301709
8.809569084589,5.835056326159745
8.808866882573076,5.834435001875429
8.808249623118968,5.834106226105621
8.807588620933371,5.83426322055464
8.807101676113222,5.8336372285701446
8.806841468313898,5.833684407142221
8.806006623888264,5.833776302812551
8.805041065988942,5.833831003053834
8.803963735147759,5.834011168943511
8.803228433883222,5.8339365334879085
8.8021875751577,5.833991775352739
8.80218446251284,5.834134725519397
8.80160975594052,5.833787621790274
8.801088108695405,5.833476096761946
8.800527007231334,5.833627868153194
8.79967432011079,5.833633889774694
8.799208069921367,5.833152476138936
8.798848869962265,5.832677462744335
8.798525586406138,5.832317275527716
8.797891295399761,5.832143081173211
8.796932023426791,5.831898771905294
8.796132239184761,5.831962628335697
8.796145877508334,5.831747712319454
8.795383986668435,5.8316439296422375
8.794896053141713,5.831851354392443
8.794082876107138,5.831947951230336
8.793597368515972,5.831726568213261
8.792699902623678,5.831236337346139
8.79210444273142,5.830939613497024
8.79165182889862,5.830489026427029
8.791233792669681,5.830151506098198
8.790600952659403,5.830102896546454
8.789889272602124,5.8299761341906144
8.789254679483985,5.829784523581198
8.788745185686624,5.82988022511749
8.788073940999954,5.829923942449823
8.78747386636745,5.8297951010694185
8.786688876186245,5.829930038534243
8.786702345242393,5.829655114358277
8.786317846376438,5.829224537804847
8.785873813776796,5.828928811834492
8.785679514205158,5.8285529605978095
8.785050993867454,5.828333678696422
8.784780685077319,5.82811490282634
8.783937942804203,5.828155678435563
8.783658414251512,5.828175198680311
8.783177075143126,5.828473529613693
8.782149698805911,5.8285371867713325
8.781992095286022,5.828503039254204
8.781343438129682,5.828403046105908
8.780489894851677,5.828241964965088
8.780155109929916,5.827954860577143
8.779608459336417,5.8280308109010965
8.779083803155633,5.82797746105352
8.778506501207074,5.827751013702968
8.777605916104111,5.8277742457736945
8.777115664525663,5.827545397493937
8.776590884122971,5.827541525183663
8.776133855002579,5.827409794040904
8.775630572122965,5.827222101430727
8.774909345290816,5.827233371604128
8.774769248837384,5.827259253286915
8.773837933716951,5.82756109373522
8.772956467326704,5.827307767523078
8.77239927737751,5.827219209529816
8.771651668152238,5.827081165454885
8.770967071139141,5.826877463589898
8.770397586876772,5.826570695358862
8.769116587063829,5.826327799937017
8.768730036128405,5.826170231898061
8.768488091999593,5.826576405726352
8.76820120644793,5.8264600720450295
8.76765137328343,5.826283536309545
8.766698082818527,5.825956497636582
8.76591520347357,5.825972708296464
8.765700501337195,5.825757268542361
8.764961471622566,5.8261620129683775
8.764277203742495,5.825979157170505
8.76338800069492,5.825904970877697
8.76309046327544,5.825452930703527
8.762888285308199,5.825219968954722
8.76235859642018,5.825097054319093
8.761735358521891,5.825077914651325
8.761246737121219,5.825042310837341
8.760808822927766,5.824978924553634
8.76013291418603,5.824989496598728
8.75976594194694,5.824915487346638
8.75947402781442,5.82482130247599
8.758799226170751,5.824398164026338
8.758112065765795,5.824283566015199
8.757325661526082,5.824114084108999
8.756882676029987,5.824236390684311
8.756312875289701,5.824582206462063
8.755540819095373,5.824610423045251
8.754817780096742,5.8242950245594995
8.754035645947091,5.82449888772558
8.753478702250238,5.824513059571958
8.752888817914954,5.824351037540624
8.752682830678227,5.823965526070893
8.752093488275417,5.823919228778815
8.75154962709012,5.823679073553075
8.751233956080888,5.824044197906941
8.750550892386638,5.824318576732152
8.749960113128989,5.824260118409836
8.74974774226949,5.824048257625855
8.749234910283732,5.82391887767329
8.748329253966848,5.823672654592528
8.747908038663796,5.823766757063725
8.747279087121361,5.823745976551043
8.746399174857281,5.824016652282852
8.746061698984336,5.823706410586532
8.745748728371364,5.823515823162751
8.745203174499983,5.823556675803795
8.744747933829911,5.823462708683973
8.744233926985117,5.823240115493954
8.743819022894641,5.823185929414298
8.743427588080717,5.822829427810095
8.742561124852463,5.822712969010876
8.741855160279416,5.822662168851544
8.741180755325416,5.822945144552793
8.740569057619625,5.822697599907093
8.739996581559891,5.822800763483707
8.739839197874737,5.822578057922235
8.739123474212963,5.822609985418862
8.738086831529623,5.822323930356965
8.737448324651368,5.822149600897254
8.737126610168346,5.821794201024231
8.736767826613846,5.822003235583539
8.736083820895594,5.822102930588477
8.735411882867085,5.82184845860657
8.735231895030978,5.821803846727076
8.734461059181275,5.821993318474069
8.73348376804224,5.821761471599174
8.732600031668698,5.821929080497616
8.731824244153627,5.822209178769076
8.730982394249054,5.821738414514208
8.730709715081113,5.821408416410642
8.730148911974918,5.821057780384186
8.72962662698966,5.821472702781647
8.729113110201187,5.8216851259427775
8.728443719737372,5.821879675024197
8.72817911281995,5.821858523117197
8.727959381969526,5.8218361825332
8.727286690823782,5.821523618180252
8.726400616439784,5.821542473970384
8.72554004991947,5.821567404280126
8.724802323029847,5.8213202040528484
8.724329765250852,5.821019089105895
8.723574185397919,5.820840438427994
8.723319019182942,5.820735873465476
8.722811604818416,5.820627487918415
8.72214340507802,5.82048035025696
8.721642337375217,5.8203196170594955
8.7210417741936,5.820452327828909
8.7206218843656,5.820203637626686
8.720443038321058,5.820348740947468
8.719746778860738,5.820474082304291
8.719245668588497,5.82044039394257
8.718698344095772,5.820474443075992
8.71819404052637,5.820496654854212
8.717833862997212,5.82044559796475
8.717190643795709,5.820686618586134
8.716458434477406,5.820658620242597
8.715699638233591,5.820207580243145
8.71489984080905,5.8201680286382125
8.714041587028218,5.820530130036347
8.713227341039179,5.8203765669117065
8.712481200348787,5.820152371223207
8.712108973908213,5.820217590416427
8.711301953086611,5.820077509849744
8.710946806759516,5.819930069613944
8.710771859630954,5.820036241974611
8.710138524961735,5.820316780601417
8.709730660971342,5.820630994431718
8.709587950919754,5.820846076435571
8.708893617871649,5.820704654801
8.708621698367939,5.820419065868092
8.70796782171315,5.8203878870996935
8.707246757908152,5.820703451106119
8.70654168298562,5.8207574122071035
8.705660096997068,5.820454123527502
8.705115407385028,5.82006905892888
8.704347856511097,5.820038671992699
8.703512513384744,5.819911089392609
8.702773810483286,5.819897806591925
8.702009217456258,5.819768186643239
8.701449757824248,5.8197322553110835
8.7011907454206,5.819514528560507
8.70068518386291,5.81930323074622
8.700258550258466,5.819101232010026
8.699373496764961,5.81864650004378
8.698516574722294,5.818590180563972
8.698121848604181,5.818510664557363
8.697531245298944,5.8181963138480794
8.697069110351888,5.818565958479746
8.696525624908983,5.818287902829937
8.695746987371098,5.818129209472372
8.695396839084285,5.818011081365891
8.694335122063993,5.817806631016064
8.693957081813828,5.81788914295821
8.69346130194894,5.817732025264648
8.692719978317884,5.817500106600351
8.692260525977774,5.817464094031347
8.691375165075774,5.817590294652232
8.690679234455606,5.817538904987055
8.690111711127706,5.817056767097931
8.689744391464835,5.816787439026856
8.688960098078736,5.816406551235841
8.688192927211327,5.816105361840396
8.687610695066757,5.81644336102209
8.686665296815274,5.816465544791871
8.686112058654643,5.816256041734001
8.68569922733828,5.816070790238719
8.684971487154176,5.816306955727747
8.684476931716235,5.816350223196458
8.683341679793058,5.816305998860244
8.682995323661112,5.8159346424336
8.682283247834501,5.815689441842239
8.682342431354055,5.815482388021382
8.681725514107384,5.815291430991126
8.681652643298374,5.815732123157581
8.68128900847665,5.815670787622052
8.680443458141358,5.815751958607978
8.68047019617657,5.815783089689973
8.68002961001365,5.815650138719929
8.679489634389485,5.81559611444346
8.67884933539688,5.815409364425169
8.678116237354928,5.815479113520408
8.6782017745183,5.8153415265877175
8.677493358391084,5.815621232351013
8.677046217692812,5.815740219726065
8.676363929324449,5.815751889309957
8.676078475169513,5.81548539944317
8.675743615099412,5.815643570145263
8.6752925065469,5.815545750337733
8.674834991711947,5.815749449345394
8.674364908380953,5.815668143356273
8.673758976624487,5.8156936993592465
8.673377370679113,5.815938949067504
8.672777059506943,5.815950333797288
8.672268201627338,5.81553345298043
8.671857929255587,5.815521704533392
8.671146000110037,5.815386338737922
8.670807385373587,5.8151414906613645
8.67059175965587,5.815374767405757
8.670090459724962,5.815358033452679
8.669767754492272,5.81562968544787
8.669269295151727,5.815915319496949
8.668839222554004,5.815856019139806
8.668100318361818,5.815598274521935
8.667202668166793,5.8152634212943655
8.667052553872477,5.81518991704437
8.666357105358227,5.8150715428429685
8.66560604636072,5.815000205644238
8.664950231936478,5.814738688888839
8.664317282605358,5.814541284374182
8.663716250181713,5.814681649594276
8.663213837452425,5.814786099551017
8.662828179867411,5.814942294819189
8.662773951192671,5.814805869114569
8.66250382966594,5.814719257231284
8.661969386075313,5.814509019468569
8.661461700069294,5.814601741518293
8.661454061458324,5.814827806446566
8.660793521537864,5.815084312111139
8.66026302505111,5.81507314789369
8.659714613155966,5.815105457875956
8.659046918578937,5.814784700103595
8.658704175374224,5.814741036735387
8.657914246863692,5.814673638516997
8.657380752245414,5.814799076770826
8.656716878710975,5.8149573121477305
8.656084831171139,5.814810637120278
8.654951511291815,5.814961639343811
8.65449522004084,5.814658810155869
8.65397002765513,5.8142337472471475
8.652984821834831,5.814616937514407
8.65239169434413,5.814236602015144
8.65181424908272,5.814271404355429
8.65115976013765,5.814270849486347
8.65042623084502,5.814165202461087
8.65015014843827,5.814150417800498
8.6495495560981,5.814138245262985
8.648986196811894,5.814543292721166
8.64862680154087,5.814620618779304
8.648125783004168,5.814459070327803
8.64770356792783,5.814227583195095
8.647604969387233,5.814025996998451
8.64687953209724,5.813833833251316
8.646460162467232,5.813506789024992
8.645575832848628,5.813489066910272
8.644841244017321,5.813292007645237
8.644095557641219,5.813391317785743
8.64368417791363,5.81321885502297
8.642994426266513,5.81312498760886
8.642611227792244,5.812911225231516
8.64202751754186,5.812824936886119
8.641977782688727,5.812819076125549
8.641317404341201,5.81299726783561
8.640889130753456,5.813056487416088
8.640258502553086,5.813301762241946
8.639755798104796,5.813292459094642
8.639234763209025,5.8134425937652585
8.638461103060505,5.813448400123696
8.638349905197046,5.813308714549424
8.637973440573306,5.813282442766287
8.63752002695741,5.813312285112839
8.63729700616768,5.813446323912883
8.636493490145991,5.813308603974323
8.635867384859054,5.813126040101527
8.635334839777721,5.812699958578966
8.635111403484299,5.812686618131093
8.634451883270385,5.812303519375781
8.63404043479601,5.812211377225763
8.63338189236602,5.812255996012548
8.632769924004661,5.812210158277882
8.63194357563408,5.811852274488313
8.631722663154957,5.811603052587623
8.630904789117823,5.81136442231043
8.630123054503382,5.811157285803219
8.630060073296736,5.811212397305069
8.629460812880145,5.811461421215556
8.628924605574468,5.811278420860635
8.628505737134741,5.811040444830564
8.628052030110283,5.810758401455075
8.627143597369038,5.8106479182219335
8.626730012969485,5.811099063800515
8.625992973782369,5.811342356473405
8.625305409527432,5.811489034380953
8.624635421065133,5.811527633464996
8.62431655806041,5.8116102695717515
8.623989187494477,5.8116179728955935
8.623050098192124,5.811525611145787
8.62260096251602,5.811466656926762
8.621969087359641,5.811214503631713
8.621579979703188,5.811063366279128
8.621326922362249,5.810932412586051
8.62096093403301,5.810534820153502
8.620481622578035,5.810115173010365
8.620013982915362,5.810342805191052
8.61971790372633,5.810188343054138
8.619309138421114,5.809893989160275
8.619015237083536,5.809992393906324
8.618504643723254,5.809813768245463
8.618218336427262,5.809458800383258
8.617443200500352,5.809368413638038
8.617015505188945,5.808776753980609
8.61695709919584,5.808334454183365
8.616574508498164,5.8082908225511725
8.616484649061434,5.808296404482661
8.615958264528167,5.808118067960352
8.615280447837145,5.807790614580223
8.615054552178634,5.807620718541898
8.614626113191086,5.8075433304923925
8.614125931030948,5.807208762364535
8.61361283726859,5.806916790512591
8.613161817710106,5.806631309690285
8.612504745438283,5.807161183238186
8.611867530560156,5.807223098940807
8.610780893425506,5.807109878794051
8.610151511405697,5.807397283238022
8.609418706400684,5.807244469531724
8.609174127778982,5.807375814720714
8.608755530600346,5.807464526976478
8.608230039055174,5.807726491473279
8.607356958116661,5.807799629736159
8.606460011186686,5.807629772237789
8.605881976581339,5.807543757514904
8.605667814643628,5.807213036581655
8.605086750343329,5.807198526411429
8.604306115349779,5.807195048422137
8.603675366197153,5.80696766143633
8.603622696287346,5.806826575825975
8.603013324413086,5.806822120690963
8.602708519097712,5.806779218743073
8.602194756885302,5.806808280034306
8.601419092222237,5.806828863264128
8.60104301614699,5.806796130697712
8.600541225977736,5.80707914500229
8.60027207598102,5.8071703684681975
8.599784747684762,5.807198683607665
8.599159125280492,5.807032022067728
8.59889833584778,5.8070895148319615
8.598758465252356,5.807130365575832
8.598439403516016,5.807352383910739
8.597879137844819,5.807400153506185
8.59745650821262,5.80713698393862
8.596597122431112,5.807037114475355
8.595947898590278,5.807293750384552
8.595627643430111,5.807362513521049
8.595062971612077,5.806998192922345
8.594211933605992,5.807027880553623
8.59357576618592,5.807057244516909
8.59314781835507,5.806978941212033
8.59304054772587,5.80722801608384
8.593213242414933,5.807153488551767
8.592797929737,5.807353204730646
8.592263438022648,5.807331088119428
8.591874765469516,5.8073118608938925
8.591256655684873,5.807111185992077
8.590302077375677,5.807014035273986
8.589804481239746,5.807114627708798
8.589341160167347,5.807232326965828
8.588683807518661,5.807105306401497
8.587801505595849,5.806873303893199
8.58676795714433,5.806596400983421
8.585926565532557,5.806796575928823
8.585349429163951,5.806878833115178
8.584607907968932,5.806465702618306
8.584150629585075,5.806220849622925
8.583441408141528,5.80626143248604
8.582960280892639,5.806043755794999
8.582000192706449,5.806158645721297
8.581771889612236,5.806193089367842
8.580800720103229,5.80601806871512
8.58019981092966,5.806076301801338
8.579996645697403,5.8061899895129985
8.579545749945597,5.8061716328308774
8.579346061677928,5.806231999175264
8.578892888842795,5.806221917892014
8.578370117598753,5.806487017173432
8.577642341952942,5.806213611039304
8.576390640556966,5.806514703210934
8.575841345487717,5.806214720911525
8.575371591204947,5.806073177636655
8.574902513985666,5.806785148088242
8.57458086369514,5.8066309711400175
8.574286286938575,5.8063089429178545
8.573838252462716,5.805944855306663
8.573236899059827,5.805850664918067
8.572865124459485,5.805852856016331
8.572282876756947,5.806009290943013
8.571946255632282,5.805968316990076
8.570958363030012,5.805865997139002
8.570228383996817,5.806045239577276
8.569870018510821,5.806292092465507
8.569569102583413,5.806094171642398
8.569053620015639,5.80617320018999
8.568182215209603,5.806395369525798
8.567714622893552,5.806003814618263
8.567155054751247,5.805707572970861
8.56647611240643,5.805804308474171
8.566084847229613,5.805741799889003
8.565824422208854,5.805314624747652
8.565166631129639,5.805078078945764
8.564948440057405,5.804697445172012
8.564578893004654,5.804757536345405
8.56412153605166,5.8050156231563115
8.563504073592917,5.805194055703631
8.562945785906672,5.804989488974638
8.562266042441696,5.8050568746627444
8.562057665660767,5.804897820714132
8.561460525500468,5.8047211832266585
8.560954504213527,5.8045683081288795
8.560343774082353,5.8045088145624115
8.559982809811533,5.804668402629054
8.559653377496316,5.804690110695655
8.559209685441626,5.804306102867469
8.558818111588145,5.804602334210034
8.558422214758497,5.804555833568529
8.558004637030521,5.804574288328692
8.557388666798984,5.804603580258697
8.556309936662464,5.804706841844427
8.556094228078324,5.804631881048173
8.555415952315359,5.804365077815905
8.555000032027177,5.804614696300399
8.554641584565461,5.804581093130272
8.55436655808226,5.804751430343394
8.553743326444792,5.804638544616952
8.55341084410653,5.8045723339657345
8.552954957763902,5.804495201054856
8.552420602948363,5.804379799196263
8.551764420526368,5.804183507269743
8.551147147363256,5.803925596369496
8.550747391339895,5.804065863676426
8.550265620990338,5.803891873377912
8.549709963567638,5.803595812495695
8.548802773481722,5.803616204656613
8.54841599601662,5.803342942674125
8.548127771729211,5.803097759095773
8.547661894632697,5.802730547374232
8.547216030622323,5.8027901948636105
8.547007688917883,5.803011602724478
8.545989873602748,5.80288523270319
8.545447118830463,5.802394614760534
8.544636559492451,5.802094318713361
8.544190711701164,5.801872867039757
8.543808690656398,5.801854817234122
8.543043732703701,5.801761687225927
8.542735390896903,5.8017402635724045
8.54228034335505,5.801852979957906
8.541860536682815,5.801932036801019
8.541159776443152,5.801985470837143
8.540841204779488,5.801525945924799
8.540534452700118,5.801754353616154
8.539992070458064,5.801685318679578
8.539421956207883,5.801652903549569
8.538959919756659,5.801552286075548
8.538352574603666,5.801417462727894
8.537961125464447,5.801433423636441
8.537416348884896,5.801449343365859
8.537079045729687,5.80099356249937
8.536426139722897,5.800998454697525
8.535958297522392,5.800809212558875
8.535395409233175,5.800877626909901
8.534854297905731,5.800740325297098
8.534465854253561,5.80064997790013
8.534153615840617,5.8009714644416395
8.533438980579376,5.800909678964933
8.533011667891708,5.80085998760018
8.532716746821796,5.80076193731201
8.532228258048143,5.800692299876318
8.53186608510788,5.800804680104208
8.531226640336293,5.800810608590561
8.530928667177761,5.800711304235193
8.530276489775199,5.800538269101205
8.529683911295159,5.800817894947637
8.529141127296535,5.8005949422660725
8.52851736761979,5.800441179802125
8.528313833608836,5.800432262716349
8.527698702929962,5.799914929234693
8.527003145482205,5.799630797458975
8.526366094437895,5.799452771407831
8.526091018752169,5.799667275603368
8.52579594588832,5.7995263253454
8.525417126068204,5.799460273589531
8.524907055906633,5.799587783527902
8.524104407388458,5.799541897623794
8.523632613166237,5.799640932493286
8.52318759302653,5.799493379439425
8.522735574306585,5.7992455508014915
8.522201990176457,5.799337273657876
8.521799462464587,5.79910853597986
8.52111137796664,5.799379343784086
8.520704198578144,5.799238006473486
8.52014620574072,5.79927635701673
8.51978699192704,5.7991424120932695
8.519365361822743,5.798727311035022
8.518821296713428,5.798719474495325
8.518317492348466,5.798535029392419
8.51759698176934,5.798388022776233
8.517439945923353,5.798133455921039
8.51717198576246,5.7978887609969405
8.516351251367995,5.798115329854741
8.515834860488743,5.798235564826724
8.515184668350601,5.797877478712996
8.514513417190472,5.797518855700448
8.514136392273503,5.797463135068796
8.513570262445462,5.7972228028872115
8.513043458204672,5.797419700080942
8.51269156536858,5.797492672706497
8.512198514418472,5.797416832662279
8.5118897113204,5.7974240571856495
8.512005226458946,5.797149878268062
8.511578542777505,5.7968635308271885
8.5109328296284,5.796519108840653
8.510399406427865,5.7965432839555575
8.509800885530298,5.7963283175088645
8.508924896753971,5.796314600700744
8.508644806883536,5.796303659060188
8.508168168707998,5.795946035021079
8.507636436413398,5.795645012585532
8.507125817807832,5.795746412122636
8.506686011801571,5.795515133002487
8.50636878083734,5.795244783311636
8.505610064915995,5.795216475227008
8.505005729038084,5.795307867848939
8.504236556168363,5.795065311358251
8.503993521589207,5.7950023627019975
8.503664570184736,5.795045142272292
8.503233931502518,5.795133447753902
8.502652331589763,5.795059696421988
8.50230624883329,5.795080609641858
8.501835304538696,5.795035906378768
8.501268227559189,5.794681650735086
8.500586466619751,5.7946673429874584
8.499960913395077,5.794659136244602
8.49958199145631,5.794378482806756
8.498587084657448,5.794483356255533
8.49812350280237,5.794690144870191
8.497104364864402,5.794477417014443
8.496684432828594,5.794301237945197
8.496060131383002,5.794222739494172
8.495982124148336,5.794206378714851
8.496049596381093,5.7941162464992395
8.495677664887069,5.794138227063611
8.49508498071974,5.794135631460569
8.49438033671184,5.793925265426825
8.493589385945214,5.793938126330096
8.493393313982182,5.793902292209065
8.492705795362244,5.79394203586824
8.492000897115457,5.793769250679913
8.491373037642772,5.793459040398645
8.490652533398793,5.793768620732927
8.490324160593799,5.793584753002995
8.489711436015263,5.79340958689629
8.4892548042636,5.793495003535651
8.48896135046102,5.793529060715061
8.488468631623231,5.793479262574498
8.488752941452546,5.793567741656557
8.488072011133898,5.793792890289084
8.487671392056406,5.793540794603852
8.487075881192714,5.793434166555051
8.48670039068649,5.793196438448248
8.486427664462576,5.793041109156161
8.4862250018761,5.793141322402992
8.48574297399902,5.792852255353566
8.485369677549519,5.793031584261084
8.4847844187207,5.793114003756577
8.48430980747487,5.793355623665542
8.484046812713176,5.793275558813385
8.483554030850945,5.7932144116521265
8.482692335098248,5.792970721181391
8.482237189017443,5.792785856178376
8.481935399732585,5.7928978131945525
8.481757153497668,5.792929237123021
8.481350922150405,5.79280238528186
8.480788835769504,5.793067986968112
8.47998481147464,5.792842101476137
8.479229379350969,5.7922612377956515
8.478483870141977,5.791920783069633
8.478283112158673,5.7919642353385985
8.477818463592623,5.791960421065441
8.477146332400403,5.792026687095921
8.476738260572224,5.792199455860321
8.4763449443051,5.792238199707919
8.47578512592297,5.792289530639854
8.475107532395906,5.792199726397275
8.474692158364455,5.7919721581751045
8.474050556060757,5.79205162588919
8.473687733254518,5.7920041423968796
8.47320088202768,5.791869123942363
8.472852172980122,5.791845710663234
8.472457977989905,5.791865187163331
8.472014127146783,5.792093634955852
8.47144492986942,5.792115018965128
8.470779320693973,5.792021932202618
8.470407537964595,5.791930545062155
8.469876233059813,5.7923199673581225
8.469344129473708,5.792402213378731
8.469163706216326,5.792130986713383
8.4689401205958,5.791870298581532
8.468517855327113,5.792119972688353
8.468465113109495,5.791835255915423
8.468268715915793,5.791983133012598
8.467757782433978,5.792047919721438
8.467417262330775,5.792421220102483
8.466916332605848,5.792575996582907
8.466257748834323,5.7925741170183755
8.465515346273376,5.792872908000746
8.464943893424705,5.792831931421383
8.464591628721674,5.792706524869179
8.463917692405422,5.792803209409481
8.463542410176837,5.7927496037928545
8.4631073446404,5.79282422166868
8.462601970179383,5.792756474427761
8.462319867943231,5.792653654111988
8.461943053444179,5.79265437555952
8.460933146625393,5.793156783463487
8.460930299201614,5.7931997987339905
8.460606989691065,5.793046716763888
8.460125278341534,5.793051327368615
8.45965156259328,5.792817368066514
8.459418568753813,5.7930012206850305
8.458907251634022,5.792857593193593
8.45819017975805,5.792941809048364
8.458009337648699,5.79294174014218
8.457299405082898,5.79300808176525
8.45644054497412,5.793010376806509
8.456055471669536,5.7927084199021905
8.455861095377054,5.792759215443849
8.455528137202863,5.792555474748771
8.455022643549928,5.7925284822588985
8.454379564175124,5.792372054829236
8.4536451656572,5.7923186211144095
8.453444849424157,5.792243891886476
8.453121402041642,5.791943870679946
8.45266235923767,5.7917615674914735
8.451764354356792,5.79177703934853
8.451418816393387,5.791752208137097
8.450876206217348,5.791676764513633
8.450322608100095,5.791633721268705
8.449850977823752,5.791509274016281
8.449518235420609,5.791454365570301
8.449212953462721,5.791471680793966
8.448755865549309,5.791393374346833
8.448315888426993,5.791099654861158
8.447798526964569,5.791065296152339
8.447648686009172,5.791120626652034
8.446574612173274,5.7908181389778
8.44608286655485,5.790795766829062
8.445319924961689,5.791083297570508
8.444922454863931,5.790925361971924
8.444808921443181,5.790966277535887
8.444525502776823,5.791016719987115
8.444373624727055,5.790809263677779
8.443824667785618,5.790836499522091
8.443357807879568,5.790797222365229
8.443032706180633,5.790968630029795
8.442645721847189,5.7908029472911275
8.442469557260479,5.790951810152115
8.441981216487209,5.790960614782955
8.441856758565788,5.790817757399686
8.441516151660267,5.790834066351475
8.440865341466287,5.790673908068725
8.440267457750771,5.790262198120951
8.440089426593937,5.79044773633743
8.439986956248644,5.7904609665830495
8.439245622185586,5.790425742269136
8.438693689330714,5.790847353043968
8.438127476014214,5.790962997625057
8.43758324316758,5.790965618609121
8.437535760437067,5.791062806947873
8.436831475163675,5.790851097787638
8.435889389410665,5.790866811879262
8.435445051481883,5.790675834540762
8.435325574863427,5.790452594315055
8.43504085122895,5.790621921280566
8.434738079229914,5.790459684666337
8.434257273368479,5.790529892431451
8.433934667918138,5.790609248254213
8.433486287958132,5.790591404689076
8.433335074589406,5.790598169562342
8.432779439660006,5.790684395172533
8.432332079511133,5.790667561362368
8.431490589325131,5.790440626633473
8.43134908517354,5.790395438471192
8.431164841623364,5.790447545365659
8.430839371350077,5.790347228047948
8.430078637808283,5.790284294302395
8.429559014698373,5.79060528499764
8.429265732398926,5.790543714987944
8.429010299917614,5.790742560493889
8.428559278135976,5.7904579931399205
8.428045012459465,5.7901905084101
8.427343240913922,5.790547541274769
8.426818522337975,5.790537817927209
8.426371475103508,5.79070459904779
8.42581499431672,5.790422293254763
8.425435369897919,5.790367918706949
8.424881467903468,5.790445469341169
8.424731542398776,5.79011349479974
8.424636473519136,5.789910477783914
8.423976845002862,5.78988336799993
8.423693429593367,5.789689652621746
8.423021274849136,5.789257122172168
8.422179110287825,5.7894241130516875
8.421712845073696,5.789150983642196
8.420991705586731,5.789202339371917
8.420449339096564,5.789514378192512
8.420031782841331,5.789092197765789
8.41947405694297,5.789050368247471
8.419294085218793,5.788922037113281
8.418861034625316,5.788731835110362
8.418330542704197,5.78860054845642
8.41793239471205,5.788715800982613
8.417164131814701,5.788846983385585
8.416615164719353,5.788851210506861
8.416241404503456,5.788640324240688
8.415992412823295,5.78835845106935
8.41538318997327,5.787792109491254
8.414897485763847,5.787771694562191
8.41434614782945,5.787677222136364
8.413739931439029,5.787319803656889
8.413306778369353,5.787318348318537
8.413034416167491,5.786938740299966
8.41234899783621,5.787015789880196
8.412205565951473,5.787094877114075
8.411610111396271,5.787474789248472
8.411140931565699,5.787528238619903
8.410611086346178,5.787655130389066
8.410073119109489,5.7873544416090805
8.409557283715614,5.787224639761504
8.40888841992107,5.787148465705805
8.408285925310407,5.7868633088428565
8.408156281874808,5.787186730565716
8.407682440102551,5.7872572070495645
8.40741439824979,5.787307750205317
8.407116724030981,5.787393398664035
8.406905243688366,5.787313367222285
8.406743869030374,5.787057289901272
8.406343599052457,5.786940391533311
8.406108897853969,5.7866908221098265
8.405665970107846,5.786714015912007
8.405231073188872,5.786954544442363
8.404733658456475,5.7868168986550526
8.404186186105731,5.786823808668242
8.403697230430252,5.786797855764522
8.403207975417741,5.786733506308962
8.4031250536484,5.786609066357049
8.40253834676045,5.786465915996773
8.40188676221496,5.786071735723144
8.401162247669022,5.7861514356901065
8.401194113994707,5.786205669979643
8.400794125851007,5.786168764020856
8.400373929799404,5.785879774023951
8.400039601786647,5.785497187332203
8.399459961249775,5.78526325753777
8.398916238498643,5.785460246153951
8.398252323427732,5.78532806643043
8.397626638468601,5.785480156007684
8.397082259049554,5.7855328267870245
8.396726598571329,5.785307527205523
8.396268753017209,5.785206977352482
8.39569965977772,5.785269865312334
8.395552165923666,5.785081827301377
8.395056709247854,5.785289056322414
8.394267849020055,5.785110811509201
8.394025181749262,5.785390201815985
8.393503591715799,5.785433819071631
8.393117459909968,5.785154575358651
8.392874203088782,5.785235817428485
8.392673565356384,5.785540843457683
8.392384429236472,5.785206671976422
8.392274764097671,5.785537919769932
8.39165764478012,5.785635581744716
8.390791378985202,5.7855282955948
8.39035377340328,5.785626599154187
8.39016183144712,5.785703826274774
8.389699128240116,5.7856523117305025
8.38984658886812,5.785578370317747
8.389462403040296,5.785421625125266
8.389129658828574,5.785452842154045
8.388174067334027,5.785346240635584
8.38792668796434,5.785234787825788
8.38795459211891,5.784978027062535
8.38745200734413,5.784788991448809
8.38690295944437,5.784931652113708
8.386622280858186,5.784626642156695
8.386539541562918,5.784425034544193
8.38624972074374,5.78426577834227
8.385659499936194,5.784254954222848
8.385380759138927,5.784313380161178
8.385060958566022,5.784494939014138
8.384367492754624,5.784338343316069
8.383769907128608,5.784421108717009
8.383439337672973,5.784420225466667
8.38301148247691,5.784042892211238
8.382378995112598,5.7840420221870765
8.381579094842955,5.784131090930773
8.381156467846525,5.7838379238078845
8.380747734458053,5.784017389430453
8.380119511630985,5.783906842056132
8.379602566323229,5.783738359541528
8.379423945003431,5.783669431300665
8.37886692115318,5.783683797404007
8.378042903066403,5.78379226308342
8.377821837648385,5.78371656548852
8.377215550320997,5.783523428817479
8.376858741370972,5.783182157259473
8.376090723228987,5.78314538720931
8.375907046818739,5.78281309804852
8.375094262112018,5.7826513991245
8.374497989420835,5.782598744378869
8.374140291588631,5.782546889998091
8.373632915236632,5.78283609835292
8.373274003872197,5.782805432285075
8.372585564734075,5.783079516403074
8.371771391136836,5.783098677397328
8.371488129923785,5.7829302236877185
8.37086675996125,5.782867114745364
8.370503161948916,5.782882110567374
8.370193189202771,5.7830701502735815
8.369515923882991,5.78305584116232
8.368720596210412,5.782982975742149
8.368551826797669,5.783035433101676
8.368354096089904,5.783218950489134
8.367897011203258,5.783152112375129
8.367393710471834,5.783220627442679
8.36693889503267,5.783199981100061
8.366782294925356,5.782807050120118
8.36620101296093,5.7827369479510375
8.365686243275801,5.782593239016003
8.36491300623275,5.782461977148464
8.36415184437815,5.782300973479145
8.363764264477146,5.782164343358079
8.363503475800142,5.78217293177348
8.36292767745222,5.782128833153345
8.362896368617104,5.782196463890446
8.362663178623535,5.781889749504496
8.362271484572874,5.781642933098975
8.362079357379413,5.781340037077341
8.361664817239616,5.7813205928229845
8.36132744849898,5.7816675425511646
8.360936156985723,5.781798620633471
8.360722540543533,5.781868312641129
8.360349156804826,5.781581024007969
8.359740950519514,5.781409797316466
8.359367488879998,5.781663342705512
8.358737253389629,5.7816934110603215
8.357884881956998,5.781861340301605
8.357094880484524,5.781753523774508
8.356327893931745,5.781523850216844
8.355858365337685,5.781346397997459
8.355253018030425,5.781630802242397
8.354875147850482,5.7816544130269545
8.354465411787315,5.781452108702826
8.353933100102275,5.781142861220313
8.353814803945047,5.781074865699308
8.353308144398934,5.780938929186378
8.352882124079184,5.780889847570312
8.35237976977896,5.78103793081291
8.351988534324471,5.781099618385578
8.351320045291898,5.781074624312551
8.351073338431032,5.780915565788746
8.350542266588498,5.780695023001021
8.350198570993115,5.780795147838426
8.349649770552748,5.780592507582444
8.348986697974174,5.78062038612103
8.348534234105816,5.780413923116898
8.34796116761299,5.780478080952589
8.347162408001736,5.780090528717006
8.347186858993059,5.779808942987285
8.346686395749234,5.779818692958511
8.345889369209443,5.77965837495691
8.345612082272638,5.779381266324421
8.345170486148184,5.779364556156092
8.344742685877307,5.7794588853676565
8.344341964662704,5.779250041203274
8.34398605115413,5.779071584128941
8.343636914869368,5.7789700881683785
8.343393620322733,5.779142785001385
8.342985486274998,5.779147527747078
8.34241271738983,5.779251316705903
8.342118642522125,5.779379832231988
8.341674564633303,5.77924940882137
8.341299248493911,5.779135872797711
8.340781709562028,5.779092585863386
8.340478252721661,5.7791120523290616
8.339674732688902,5.779285818740116
8.339554224399848,5.779249450070175
8.338986661233267,5.779134377302931
8.338333253718947,5.779013411421754
8.337833388922176,5.778970211832743
8.337764497599826,5.779191110516074
8.337077456360507,5.779252969644778
8.33693033636269,5.779148809013575
8.336810936867987,5.779004090786524
8.336351435368211,5.778702644251603
8.335897331931255,5.778842146586307
8.335579716246457,5.778497667343049
8.335071078137728,5.778330318149333
8.334654929534722,5.778248071561913
8.333885841015611,5.778113626233811
8.333439484265767,5.777827191765408
8.33311044673238,5.777537360322684
8.332517691238067,5.777567327158202
8.332209057694003,5.7777388039980595
8.331562617402168,5.778161526377143
8.330876236263395,5.777893263669564
8.330154631505396,5.777769904399038
8.329790497400674,5.777734900420567
8.329460895115679,5.777803159301931
8.328778348221505,5.777709984665593
8.328132179042308,5.777881857483347
8.327517966316583,5.777655893473525
8.327135666460476,5.777316180929934
8.326893266565277,5.77720769206728
8.326514129632178,5.777215552990187
8.325814751613592,5.777184392471608
8.325660898713581,5.777193793043251
8.325279859383649,5.7773695778322205
8.324790760557127,5.777092629279139
8.324345769160082,5.77700596335685
8.323930029153608,5.777169007662741
8.323685391322572,5.7770561468512085
8.323143758058656,5.777027988952374
8.322699007712567,5.7770206248368705
8.32230374665148,5.777179434571577
8.321938589468298,5.7771116558556
8.321553055600054,5.777149309557236
8.321045228490249,5.776958222571583
8.320631533348722,5.7766861136682435
8.32006593630665,5.776709952847339
8.319610890033072,5.776541662561252
8.31920625283226,5.776328825557122
8.318943938176412,5.776385047983304
8.318301327322835,5.77617589670386
8.317558711489777,5.776215194632336
8.316925673714227,5.776148890651912
8.316677557905193,5.776220622101451
8.31599622909682,5.776189498423346
8.315839520157326,5.7762215344147005
8.315679972178778,5.77634101870689
8.315165819620397,5.776005273476405
8.3144367316655,5.775803493372399
8.313933289529613,5.775754017930984
8.313194914573748,5.775724345640508
8.313298072924583,5.775459950845235
8.312937667462803,5.775537687511844
8.312596343722952,5.775417577043854
8.31205252001591,5.775605196779874
8.311832407304832,5.775515569652523
8.311309841564448,5.775413536483225
8.310602217791908,5.775115135605944
8.310289800368315,5.775226178320576
8.309567172874962,5.775192707964797
8.309209668220632,5.775249584399675
8.308669773405112,5.775200272593153
8.308210589576362,5.7749277181992085
8.307495213937845,5.77475327060377
8.30708114306132,5.774585755494612
8.306822651584497,5.7746396632676715
8.306365769409217,5.774722088055513
8.306038060546028,5.774448294738125
8.30536889585516,5.774552661918025
8.30495746257758,5.774496099260499
8.304500107652812,5.774463202950662
8.303967027893187,5.774529072604873
8.303304187112628,5.774534339511076
8.302888724824248,5.7745859062473786
8.30235599990275,5.774265636427837
8.302053639225896,5.774173058095
8.301515011583254,5.774316029440686
8.301066584621294,5.773868046764406
8.30040498696553,5.773948499447504
8.299893486617286,5.773861155821859
8.299341421832162,5.773944137398099
8.299110268404064,5.773867491911305
8.298764157247192,5.773668986453502
8.298531358489631,5.773257563075746
8.298240600962798,5.773197360848601
8.29804341291688,5.773214214813523
8.297497964070644,5.773057630733472
8.297171849097676,5.772744373633311
8.296627199732429,5.772577302876453
8.296248050422395,5.772442791416116
8.29574107852062,5.772230234465786
8.295463310116844,5.771983723697969
8.294989684875826,5.772067871215169
8.294363830759355,5.772022161434782
8.293947819062284,5.771979179358903
8.2933612909168,5.771886119193264
8.292939166675799,5.771930762737677
8.29224154902377,5.771835094315301
8.291929924511999,5.771777427598033
8.291428176927099,5.771805038152264
8.291037203290125,5.7716778889680525
8.290256672175506,5.771516485985932
8.289749615703045,5.771404695213306
8.289439514412175,5.771694872840415
8.289380092508253,5.771551296689192
8.28896797690997,5.771541988132791
8.288396132494022,5.77165838079977
8.288034019094434,5.771687451740088
8.287696066344207,5.771531638710689
8.28738489132963,5.771341174191032
8.287233197198429,5.77083218429192
8.286645013931807,5.771002373449319
8.286386726166054,5.77124833519893
8.28594722876076,5.771058151381659
8.285402989700176,5.771011255348649
8.28479541794459,5.7710143815146555
8.284206481754342,5.7707897770857715
8.283536342608564,5.770815777916317
8.283012275295524,5.770587027509716
8.282058928194944,5.770493850508973
8.281825937362147,5.770321256762472
8.280970617659188,5.77035435982614
8.281126063600569,5.770307822425322
8.280779818464616,5.770187273317454
8.280475609263922,5.769896237383293
8.280056499641908,5.769862422921969
8.279491701720163,5.769884827025474
8.278919320685644,5.76980042901445
8.278803679992215,5.770049706494335
8.278813010145194,5.770000541215456
8.278486014943846,5.7700995695551365
8.278293021386233,5.770013209462061
8.278029368360247,5.770375910601258
8.277921730250899,5.770448276246212
8.277590712289626,5.770377902706051
8.277107288352155,5.770088711987555
8.276536341922206,5.770126462483717
8.275883617679506,5.77003650800257
8.275521039488357,5.769902372265347
8.274815380204366,5.769946267075712
8.274239761289312,5.770076767515741
8.273927672584659,5.7700291669215975
8.27378630285261,5.770129588889528
8.27339779088017,5.770202282881989
8.27285541048848,5.769870412510261
8.272436727119597,5.769781001303633
8.271967268232162,5.769853205797662
8.271557879679412,5.769795976901412
8.271132988091365,5.769545402901341
8.270581109964432,5.769458193583377
8.270404162086226,5.769209674805764
8.270121318532887,5.768938025995117
8.269510707640821,5.769042604159279
8.269146439155959,5.768963933043566
8.268458805517048,5.768883612482105
8.268268263392512,5.768686136905317
8.268021887342616,5.768346735255568
8.267589504421675,5.76858193377785
8.26740090279702,5.768584708088483
8.266899964863985,5.768628158829581
8.266730974426101,5.768593747649912
8.266379621130644,5.768647240375665
8.265793006499312,5.768567583391581
8.26571559119665,5.768704440159659
8.265212766886753,5.768862983425205
8.264418206057705,5.768789158181829
8.263823418584767,5.768754759507503
8.26327831694866,5.768557348653595
8.262829686007132,5.7687690050136435
8.262417692650187,5.768618348506547
8.261849863469012,5.768472026129847
8.262005131636093,5.768552438327364
8.261384859455504,5.768164121296313
8.261116335087568,5.768312349660504
8.260912486455188,5.7683407202915395
8.260274892104299,5.7684081747343665
8.259790221579998,5.768423678294213
8.25983740592515,5.768443375760555
8.259258414265776,5.7688237982258155
8.259023807949397,5.769010268680679
8.258480614247484,5.768789572835883
8.258135865562796,5.768796320134905
8.25830422111797,5.7687068107171475
8.257657974801841,5.768895000219345
8.257393675002834,5.76884493360271
8.257105566584046,5.768700739539165
8.256746725242213,5.768836518863285
8.255797030627466,5.769079062517338
8.255508599697357,5.76883981010467
8.255350317139786,5.768763383976695
8.254835204765445,5.768862633783309
8.254380453508217,5.768692761815928
8.254001291865523,5.768646057031809
8.25342974875264,5.768720689378174
8.253186418646209,5.768706865773031
8.252557115575632,5.768726142577209
8.252079547427414,5.768299413388329
8.252026838592336,5.768079485345854
8.251551373619298,5.768104184175875
8.25088712859112,5.768039446122567
8.25047073998654,5.768073634934919
8.249992964208465,5.767986482166069
8.249817479896421,5.767742423208706
8.24936531758246,5.7675216337235575
8.248774273511396,5.76757077595122
8.248018564377995,5.767518272379125
8.24768607005188,5.767346340491865
8.247641131541455,5.767491154242891
8.24711430651571,5.767544431518216
8.246781084399458,5.767300703860803
8.246329150028664,5.7677320049688525
8.246030397784512,5.767444506948984
8.245500857502787,5.76724696372005
8.245137771765737,5.7669834120992265
8.244631540415002,5.766596574994838
8.244480748280235,5.766666524358418
8.244036177038447,5.766760995817609
8.243320500731521,5.76680908639345
8.242818387259666,5.766709971578127
8.242439242677001,5.766373356511342
8.24187074385818,5.766288398583212
8.241363882656156,5.766004399273947
8.240812197408475,5.765790906054922
8.24046430695388,5.765946033358988
8.240190120187181,5.766046746947755
8.239804407210775,5.765669851809934
8.239473513940544,5.765421304338745
8.23894742211361,5.765178863679649
8.23882103328097,5.765235754768062
8.238341147009821,5.765466234980592
8.237649658157663,5.765683395193561
8.237228147078635,5.7655040751400195
8.236875349498812,5.7652270581160945
8.236246392756842,5.765368581953995
8.23591140493941,5.765574667355177
8.235385920578267,5.765542980447992
8.235281487146876,5.765937761887924
8.235064815412295,5.765909348819639
8.234698385122712,5.765898733873427
8.233998901085045,5.76589251157528
8.233541270694218,5.765638508410067
8.232802467845087,5.7654502220190915
8.232539685313016,5.7655923595329535
8.23190532095389,5.7654755541550875
8.231619075607032,5.765357443312379
8.231078744913022,5.765233602534103
8.230499907308046,5.765196367927721
8.230200276782476,5.764882192967881
8.22999003297331,5.76476519050697
8.229517105997354,5.764618572254452
8.229061617640358,5.764411416254383
8.228706978126473,5.76431964207971
8.228442754986112,5.764610212528425
8.227744070503825,5.7644577190350645
8.22735787208904,5.764528234397114
8.226937973190998,5.764707206806232
8.226828605032923,5.764485132486187
8.226789196623342,5.764267949542317
8.226362850140735,5.764248332149531
8.225925709439391,5.764378496278061
8.225277578150623,5.7641325557963325
8.225190293414297,5.7641000072862685
8.224755540005951,5.763841454639521
8.224395656442068,5.763928447502205
8.224073088381926,5.763893979830136
8.223541544124645,5.763752516828558
8.222785301142881,5.763674455979798
8.222590145937657,5.763514923362617
8.222170138241218,5.763641250074588
8.221890906689246,5.7637595205692245
8.221464672662261,5.763671285637467
8.22101291635192,5.763342627391372
8.220588848317977,5.763460651036877
8.220268786439776,5.763270853875071
8.219908985106008,5.763321322672202
8.219550794183952,5.763072332650295
8.219106669386067,5.763166749408332
8.21859038106263,5.7630582181541055
8.218084383696004,5.762840301827405
8.217574481489727,5.762867135668292
8.217271759119065,5.763000634909954
8.216767754720303,5.763267731135156
8.216401599780227,5.763103093635047
8.216592141268288,5.763198784864551
8.216124580360423,5.763161321859795
8.215722720066536,5.762920135451078
8.215410497657647,5.762571393588553
8.214990197693648,5.7623945580259575
8.21482782427157,5.762199141498095
8.214407701292352,5.762075187969167
8.213911691553452,5.76191296189864
8.213681582715187,5.762301868664291
8.213171738397625,5.762484368335903
8.212716595338623,5.762644383325287
8.21252510868145,5.762692287962364
8.212552680724706,5.762798886268567
8.212385533635775,5.762449300128714
8.212270206083145,5.762344455932868
8.211834663665629,5.762209242082116
8.211896627301543,5.762112203110598
8.211270671567641,5.7622672471318195
8.210826250919663,5.762227265945724
8.210350854070755,5.7621692756053
8.209959668816152,5.762096727616551
8.209502991289694,5.762024606664848
8.208949762214221,5.76194573440023
8.208366973749282,5.762208260648212
8.208326009330033,5.762397598783277
8.207760593313514,5.762174102611286
8.20719093041162,5.7623702450208985
8.206811509218713,5.762461058349528
8.206528741923467,5.762281381951889
8.205959368493168,5.761983467970651
8.205507833940418,5.761958359606269
8.205391887807673,5.76195235845002
8.204905241905374,5.761628002562421
8.20444696260447,5.761620661979583
8.204145484252566,5.761550096540642
8.2036448309783,5.761511068356283
8.203164774037543,5.76165157703518
8.202614038631589,5.7615412943674835
8.202127447545756,5.761480111291547
8.20158166674664,5.761312006232539
8.201382223893347,5.7611491307932745
8.200887096993963,5.761114873104375
8.200405169242,5.761424932813948
8.199987086792252,5.761180939580245
8.19953233762589,5.761095656148444
8.198941212562449,5.760928319058499
8.198268638205416,5.761263874004997
8.197748659726544,5.761269883158857
8.197304803097623,5.761098372774472
8.1966028102303,5.761148776193279
8.196129232708202,5.760966097767851
8.195799854352934,5.760854341489174
8.195384759013935,5.760869863225242
8.19490202411053,5.760536824765536
8.194415596570568,5.760317549418716
8.193906264716025,5.760167341224223
8.193543308372723,5.759864328222493
8.193220694809364,5.759606488495277
8.192921228546032,5.7595796021575705
8.192420426851502,5.759806068043944
8.192021507397925,5.759777551828908
8.191684413646941,5.759451184068076
8.19125697940399,5.75924531788453
8.190895141443525,5.759530050460745
8.190630141497666,5.75963755064059
8.190033850598331,5.759475193037786
8.18988658135885,5.759320739003542
8.189738311888425,5.759308393603267
8.189236426776326,5.759187215033013
8.18885312796092,5.758874421535425
8.188370869601513,5.758933961768853
8.18802051369111,5.758950753412209
8.187543998488897,5.758746559056552
8.187305678850587,5.7587773658082195
8.187039421259326,5.758736831485245
8.18652626323519,5.758696971954033
8.186025123873609,5.758793549081326
8.1855942972342,5.758769003031
8.185180554146813,5.758871844233815
8.184674184850223,5.758715582717612
8.184258357958324,5.758468458154368
8.18401075729849,5.758468181164698
8.183590741910432,5.758552842742518
8.182850089983498,5.758678510198592
8.182486997810678,5.7586399039335125
8.181810107252208,5.758540138404745
8.181559561680082,5.758373595959106
8.181032633154675,5.758193212954404
8.180433674857234,5.758253404380294
8.179927832343033,5.757952095255873
8.179134188103244,5.7577887277434785
8.178809083793112,5.757672398800258
8.178451051331368,5.757716099805191
8.178237023661053,5.757539000337902
8.17773555617831,5.757665834573075
8.177500291204042,5.757730041660483
8.177101037964713,5.75770838219613
8.176696392171406,5.757623543744322
8.176456165974049,5.757385171115073
8.176256295442832,5.757382071440841
8.176104827715246,5.75743578799419
8.175764200746901,5.757268468747226
8.17528731897942,5.757170982030953
8.174834080298126,5.757175749239245
8.174282547913972,5.757398723406844
8.173809581998757,5.757240778491254
8.173389591129943,5.757335667586196
8.172969657538449,5.757216833074679
8.172270151638307,5.757217997632035
8.171898469831097,5.75707055989833
8.171398300863101,5.756788926176468
8.171198987591639,5.756866118278831
8.170505810981016,5.756779254679899
8.17014555999909,5.756625563298975
8.170020745519512,5.75653713983953
8.16937448338886,5.7565095257165915
8.169019442736904,5.75651107718514
8.169019888835019,5.756530355784338
8.168577345255475,5.756426256419324
8.168280675412719,5.756269267438622
8.167873994350035,5.756153783851996
8.167396941297511,5.755756653283678
8.166922106274981,5.755860259985874
8.166447029360599,5.75571456579544
8.166051879052526,5.7556887601373194
8.165719601447911,5.755788540954558
8.165304375629798,5.755587698968689
8.164821997375011,5.755475566334968
8.164406861236833,5.755060805590378
8.163961379210452,5.755030383908652
8.163413192590806,5.755242776850851
8.162903217058128,5.755219133925155
8.162706441183884,5.75509236027797
8.162396165386534,5.7552080583483
8.162177588928744,5.7549135019659055
8.161651743369228,5.754928284179859
8.161369758879117,5.754941650572467
8.16093108616808,5.754983801648223
8.160700246883938,5.7550368216749135
8.160439453478139,5.754645493265148
8.159985874238705,5.75469532489975
8.159776242911184,5.75456601082597
8.159228166076597,5.754453038425803
8.158929154521536,5.754499054777724
8.158413813793947,5.754332676046804
8.157932995511468,5.7543034023983965
8.157533723980151,5.753979027543664
8.157261621073152,5.75374387694544
8.157064764404614,5.753600445548165
8.15645641069925,5.7535467107736
8.155892977530455,5.753601671155927
8.155719261145686,5.753734556415017
8.155280738945324,5.753603267224498
8.154978646304295,5.75352803836396
8.154550873654753,5.753544545628529
8.154030261335347,5.753575767394099
8.15355754323662,5.753509516393763
8.15306135622331,5.753495850192451
8.152724760081627,5.753304126052209
8.152439721504402,5.753133267874251
8.152171469564367,5.753144200172124
8.15169133506075,5.753272209386693
8.151191376751255,5.753365741210448
8.150629258456869,5.753543719572202
8.150197878282592,5.753421849910392
8.149655916812675,5.753181807427039
8.149314506911127,5.753269005719423
8.148811118827117,5.7534682571209945
8.148262734152839,5.753360627356199
8.148191305337575,5.753350972143461
8.147982008647407,5.753521748789582
8.147473255448363,5.753690873179758
8.147017320916673,5.75398112983743
8.146485716073727,5.7537030685639925
8.146215884363489,5.753490353113164
8.145854668062924,5.7532879074521235
8.145401300820902,5.753575455886485
8.144734172210851,5.753590459843292
8.144184456450162,5.7536351440172275
8.143660397487299,5.753411098586079
8.143129479668715,5.753272879782683
8.14267661935842,5.753529412595482
8.142679713534326,5.75327254683701
8.142156126572408,5.753051635285698
8.141976225896995,5.752956742161281
8.141722300950212,5.752717667158525
8.141197910120225,5.752825614351965
8.140891564543043,5.752977686439066
8.140813073471705,5.753223149102838
8.14024726888489,5.753550655978782
8.140074909641301,5.753589069514473
8.13972201389549,5.753567770838026
8.13962758647071,5.753780911537845
8.139353370058318,5.753530472940046
8.138650222454283,5.753441671783764
8.138131714788896,5.753415927018203
8.137947057913008,5.753653287250352
8.137418444477643,5.7537774246251105
8.13680779693845,5.753625050572961
8.13616926165021,5.753553764027004
8.1361523335746,5.753165216355805
8.135658213038981,5.753161133914837
8.135090038076319,5.753150943857933
8.13456610540814,5.752998012361818
8.133970283620268,5.75291207682323
8.133596894189658,5.752860542785062
8.133336581506835,5.752696227577313
8.133147413204878,5.7530088143960025
8.132868684834394,5.753152371724186
8.132480714221897,5.753138316613816
8.132010344747345,5.75301822114548
8.13142183438313,5.752841310585149
8.130894298338498,5.752800258358971
8.13066460807361,5.752633939827839
8.13050796496287,5.752621259908118
8.12974615446642,5.752816863902739
8.129192421711634,5.752632980069404
8.12885884330851,5.752605469175591
8.128334981908186,5.752398570931645
8.127951902140131,5.752418012640485
8.12780441453531,5.752342157395108
8.127307033265726,5.752347177902256
8.126907988998788,5.752255660527079
8.126457966902192,5.752472983867058
8.12590079900191,5.752714547190818
8.125709043698103,5.752677261914648
8.125296599045548,5.75247936537181
8.124746829277404,5.752281254426451
8.12428067293432,5.7520614866337745
8.123750168424687,5.752289569205062
8.123597626980104,5.752230719090871
8.122917150375574,5.752384312227322
8.122563106770418,5.752278255637811
8.122506198676794,5.752112898430613
8.121975523848672,5.751817077094319
8.12157446896084,5.752082055912878
8.121207229075969,5.751937478343192
8.120915450427631,5.752006359080899
8.120689413083896,5.751909740885763
8.12019985981038,5.75176406727805
8.11981792525732,5.75186475419182
8.11988989275763,5.751892499657555
8.119353711386562,5.752045150201335
8.118990544509655,5.751997003048458
8.11835247889792,5.7521191823754325
8.117795153011645,5.7520987430900945
8.117357454699716,5.752049616501979
8.116832335870846,5.7520057438591365
8.116622920827812,5.751829918658859
8.116189264538377,5.75151207720043
8.11583076700441,5.751395909463356
8.11559781274022,5.7512812121027395
8.114941041256355,5.7512456806694585
8.114583664564455,5.751203805008354
8.114337809732028,5.751131597160082
8.113597644191435,5.750865485400367
8.113272463665272,5.75076625542753
8.112968281973437,5.75048375744505
8.112809310925476,5.7504478863860555
8.11237229520853,5.750314074063945
8.112249825391677,5.750009613087425
8.11195480879143,5.74983124762961
8.111606706035065,5.749498301442206
8.111162665503864,5.749514979925486
8.111078596849898,5.749589939960502
8.110963762446879,5.749822156559302
8.110530874243041,5.749685769821402
8.109913351760447,5.7495788062114
8.10962663979739,5.74950642040908
8.109098592460313,5.749560916619381
8.108676933479387,5.749441271322659
8.10841791261471,5.749179595731777
8.107987392769168,5.7491232333395645
8.107364945700235,5.748999578463986
