EPOCH_1,EPOCH_2,EPOCH_3,EPOCH_4,EPOCH_5
38.75178909301758,6.9080939292907715,5.6247453689575195,5.472448348999023,5.7195963859558105
37.74555015563965,6.546215534210205,5.995383262634277,5.41204833984375,5.081522703170776
35.60798199971517,6.168759981791179,6.267198880513509,4.940240065256755,4.785414059956868
35.46414232254028,5.807883858680725,6.17668879032135,4.943143248558044,4.874578833580017
35.62510032653809,5.790940189361573,6.082770252227784,5.115915012359619,4.620328760147094
35.4443883895874,6.068532943725586,5.971452871958415,5.062282721201579,4.763521154721578
34.660914284842356,6.2596555437360495,5.973282269069126,5.039950234549386,4.82060170173645
34.053439140319824,6.253505289554596,5.987141191959381,5.086721897125244,4.66428679227829
33.47908592224121,6.275143994225396,5.946958170996772,5.090579244825575,4.6525492668151855
33.387497138977054,6.26113543510437,5.8538237571716305,4.960558795928955,4.747110891342163
33.42600024830211,6.21493556282737,5.809519941156561,4.845537900924683,4.708273844285444
33.33442989985148,6.21778158346812,5.86150058110555,4.836395084857941,4.697420438130696
33.09318454448994,6.242695331573486,5.828422362987812,4.765764511548555,4.662258551670955
32.934920583452495,6.237665755408151,5.710240091596331,4.785260694367545,4.722841773714338
32.88543510437012,6.2398839314778645,5.749634075164795,4.698916943868001,4.701835346221924
32.71749138832092,6.251503944396973,5.685146868228912,4.705408364534378,4.698637276887894
32.586906769696405,6.256308331209071,5.690092227038215,4.7560754663804,4.649731439702651
32.52531083424886,6.198114607069227,5.663200722800361,4.759359863069323,4.632167842653063
32.29364646108527,6.155076353173507,5.634397908260948,4.760302041706286,4.665042049006412
32.12797927856445,6.1554854154586796,5.647257733345032,4.75388195514679,4.697676968574524
31.98062542506627,6.159770534152076,5.615404378800165,4.797187509990874,4.704092956724621
31.780307336287066,6.173010370948098,5.610298070040616,4.812490073117343,4.703456770290028
31.75143457495648,6.225265088288681,5.584662810615871,4.83252709844838,4.706971500230872
31.470666646957397,6.232071280479431,5.554303546746572,4.812455793221791,4.684659004211426
31.405198364257814,6.204180583953858,5.546535797119141,4.781773834228516,4.692040252685547
31.32925503070538,6.189249478853666,5.527857285279494,4.80007973084083,4.670224354817317
31.402811403627748,6.260692101937753,5.514469040764703,4.879495726691352,4.663462515230532
31.303416320255824,6.270660196031843,5.556811520031521,4.8482093300138205,4.666893703596933
31.1736406128982,6.326026439666748,5.536930561065674,4.878983826472841,4.710120086012216
31.179713122049968,6.317095708847046,5.548406537373861,4.900057315826416,4.6926461060841875
31.038842662688225,6.299497958152525,5.537968327922206,4.919174701936783,4.664671613324073
30.773975551128387,6.314205601811409,5.5403541922569275,4.876335188746452,4.642275586724281
30.62920027068167,6.29191441969438,5.548572179042932,4.906531449520227,4.612496823975534
30.481963886934167,6.2892820414374855,5.528743056689992,4.909867188509772,4.606797050027287
30.398249108450752,6.31185930797032,5.510713018689837,4.933756514957973,4.600957121167864
30.279188844892715,6.260919650395711,5.509503920873006,4.942531267801921,4.6007928185992775
30.152079556439375,6.231129581863816,5.544781556000581,4.962131848206392,4.590540512188061
30.111360298959834,6.2402668250234505,5.542504938025224,4.950882146233006,4.582651640239515
30.090196169339695,6.23623539851262,5.508894798083183,4.9585885267991285,4.592767470922226
30.01696434020996,6.215712749958039,5.495380425453186,4.963317012786865,4.578356099128723
29.859597182855374,6.2013135188963355,5.492930784458068,4.9510055053524855,4.560890255904779
29.847941761925107,6.201186452593122,5.507473866144816,4.956583761033558,4.551890918186733
29.70570577577103,6.195929061534793,5.4847158942111705,4.952830858008806,4.566055685974831
29.649607094851408,6.20330146226016,5.504012248732827,4.9550299861214375,4.588097929954529
29.469984266493057,6.216521337297228,5.506655671861437,4.944782384236654,4.566611962848239
29.349795009778894,6.221047453258349,5.543127256891002,4.971213724302209,4.5454435141190235
29.269699299589117,6.192269842675391,5.528137338922379,4.986339467637082,4.560275554656982
29.11356504758199,6.203076094388962,5.517903159062068,4.993383814891179,4.568324953317642
28.940537472160496,6.211506493237554,5.529035723939234,4.995541494719836,4.569140463459249
28.82743095397949,6.228512506484986,5.534073715209961,4.965411171913147,4.584331445693969
28.682663225660136,6.240813283359303,5.5282654575273105,4.946514742047179,4.576753251692828
28.512345974261944,6.231936317223769,5.502069500776438,4.952821085086236,4.562535781126756
28.3713522137336,6.198445149187772,5.508397201322159,4.946936728819361,4.577929298832731
28.250677638583714,6.19809103012085,5.506092698485763,4.929705959779245,4.578678749225758
28.17986647865989,6.191882584311745,5.486219284751199,4.921336134997281,4.5863170103593305
28.079757349831716,6.185309571879251,5.481472756181445,4.921594019447054,4.58181415285383
27.871888813219574,6.175903094442267,5.485227082905016,4.927930367620368,4.577985529314008
27.79750846994334,6.160982477253881,5.48014603812119,4.907054827131074,4.561583568309915
27.679725937924143,6.164444301087977,5.482443607459634,4.917618307016664,4.557860131991112
27.580525557200115,6.190305248896281,5.474006923039754,4.912951978047689,4.572074556350708
27.50714527192663,6.20477252710061,5.472284418637635,4.91773527958354,4.5916915956090705
27.41633670560775,6.193064512745027,5.452104091644287,4.944512967140444,4.580871278239835
27.283709177895197,6.199753556932722,5.468269567641001,4.960220844026596,4.578611513924977
27.132342129945755,6.198607802391052,5.471459120512009,4.979784406721592,4.576109562069178
27.05794592637282,6.214278940054086,5.45550430738009,4.97602905860314,4.574052066069383
27.034423452435117,6.201911550579649,5.454553271784927,4.972015583153927,4.570450511845675
26.900685694680284,6.176688585708391,5.441379298025103,4.964042478532933,4.565749748429256
26.834447075338925,6.170613064485438,5.427535667138941,4.956571719225715,4.5641288722262665
26.711840588113535,6.1538947008658145,5.4237781469372734,4.963229137918224,4.569755509279776
26.630828039986746,6.159622873578753,5.407352794919695,4.958849491391863,4.553637068612235
26.554374990328938,6.166199099849647,5.427507904213919,4.96805090971396,4.5408347257426085
26.4679172039032,6.153833985328674,5.423414826393127,4.965846002101898,4.543087247345182
26.411051841631327,6.1446830932408165,5.426372462756013,4.9552595909327675,4.5427310924007465
26.33779984551507,6.151203174848814,5.427845645595241,4.959088841000119,4.550250127508834
26.221047821044923,6.146702264149984,5.405557924906413,4.960227266947428,4.548072462081909
26.12700547670063,6.144971502454657,5.409586209999888,4.952175692508095,4.545213978541525
26.080735937341466,6.137177665512283,5.426463151906992,4.947747837413441,4.5554383358398045
25.998851287059296,6.136198416734353,5.428769288918911,4.955578211026314,4.53444806429056
25.951927354064168,6.145464667791052,5.414448031896277,4.948995288414292,4.542085475559476
25.888573908805846,6.146456837654114,5.420649433135987,4.938877314329147,4.5474252730607985
25.79609548309703,6.169550177491741,5.430338070716387,4.9386006225774315,4.53748251773693
25.769923396226837,6.176844288663166,5.423441218166817,4.9492680910157,4.536997559593945
25.69287182911333,6.156334681683276,5.432746105883495,4.966650083840611,4.535868802702571
25.654541265396844,6.159876187642415,5.4068340091478255,4.962966947328477,4.535167975085122
25.57905632467831,6.154896938099581,5.409361247455372,4.9829959140104405,4.538117074966431
25.4746763318084,6.1695066939952765,5.4032325384228725,4.977660667064578,4.537428703418998
25.3773979318553,6.168251218466923,5.403741943425145,4.970450779487347,4.548425008510721
25.2943482615731,6.169968399134549,5.412547661499544,4.958724151958119,4.550847749818455
25.21004747540763,6.175235367892833,5.4164597773819825,4.95943808287717,4.560595568646206
25.094353410932754,6.171592129601373,5.425874839888679,4.962945604324341,4.5501388973659935
25.02916234404176,6.165099730858436,5.41800498176407,4.966883297804948,4.5450241434705125
24.96738596584486,6.167535030323526,5.434605761714604,4.957278443419415,4.539438372072966
24.884601951927266,6.162472632623488,5.424869181007467,4.952285705074187,4.537104555355605
24.810317881563876,6.169003694615466,5.414792322097941,4.95109979142534,4.535167866564811
24.738104017157305,6.174024576889841,5.414859046434101,4.935652005045037,4.538327357643529
24.68596785267194,6.181615695357323,5.410921983420849,4.928144226471583,4.537751207749049
24.616718007117203,6.18616005317452,5.415302456039743,4.92519449450306,4.545213424053388
24.55706383257496,6.189067412395866,5.420920427964658,4.927735216763555,4.549376283373151
24.51775451621624,6.184454383272113,5.406780014134417,4.940193046223033,4.552488861661969
24.439123487472536,6.184573926925659,5.4002558970451355,4.939599676132202,4.549024305343628
24.380832077252983,6.190793976925387,5.410719576448497,4.943361419262272,4.548551993794961
24.34891944773057,6.186491452011407,5.40293019659379,4.947805072747025,4.546841724246156
24.321803426279605,6.171013933940999,5.396507177538084,4.9433616341896425,4.552905925269266
24.23597339483408,6.180142434743734,5.404645367310597,4.9453971065007725,4.55692476951159
24.213410422915505,6.17687703541347,5.409361573628017,4.941783024015881,4.549674710773286
24.160053253173828,6.168412226550984,5.403635301679935,4.945575673625155,4.550609323213685
24.09198240476234,6.163207481954699,5.410049142124497,4.946638677721825,4.542503668883136
24.029311621630633,6.161141731120922,5.405469088642685,4.960402828675729,4.545196440484789
23.977773403902667,6.153666837499776,5.4119434684788414,4.9546060387147675,4.548938882460288
23.89666435068304,6.158478103984486,5.39746503829956,4.957974498922175,4.536517858505249
23.829650182981748,6.154891521007091,5.400975399189167,4.956970511256038,4.530177015442032
23.7881332721029,6.1512264013290405,5.4025534476552695,4.957394306148801,4.53287173807621
23.733062803217795,6.153473250633847,5.391697883605957,4.954596173446791,4.539119553776969
23.68277771431103,6.15235003672148,5.390916991652104,4.961026091324656,4.5377308590370315
23.61712755120319,6.143317413330078,5.394844051029371,4.962626565021018,4.527585531317669
23.53328281435473,6.158433877188584,5.389027131014857,4.96689617222753,4.523946848408929
23.451129424266327,6.160774006802812,5.390987477750859,4.964362205603184,4.529471568572215
23.379508996413925,6.1550115892442605,5.3840535212371305,4.95397196381779,4.541794534456932
23.318713444621622,6.1412131606029865,5.384963304054837,4.954634522189613,4.5368911118066615
23.272512793540955,6.140831323464711,5.386675683657328,4.946165597438812,4.5358149329821265
23.20178945399513,6.142096495825397,5.381396498561891,4.951965276860008,4.541490708500886
23.148944518605216,6.1465302998902365,5.384461825011207,4.957527743011225,4.555771425122121
23.078728482006042,6.158659407762977,5.385629231367654,4.961493682085983,4.547805716351765
23.023334087864047,6.1547293163114976,5.38532829284668,4.951789705984054,4.545424480592051
22.954741798400878,6.145341121673584,5.39740425491333,4.955768600463867,4.556049079895019
22.91025481905256,6.143369402204241,5.400509062267485,4.955129033043271,4.558018082664127
22.844712707940047,6.137972993174876,5.393007049410362,4.949880787706751,4.557960611628735
22.765393562614918,6.136039387434721,5.396836154162884,4.9456438831985,4.555380832403898
22.706792934920436,6.1320813829584635,5.399571559225866,4.939719425615414,4.547221566355506
22.643529833280123,6.127881156481229,5.402717733383179,4.931654181847206,4.544486865630517
22.57909054792564,6.122270678745881,5.397280689414221,4.932626964481733,4.5476189733461565
22.52199480750344,6.111266165068655,5.397517789493907,4.92774564930887,4.545061001271913
22.460067082168464,6.112761135388138,5.395624687797145,4.934225412239706,4.55590451928906
22.411634181862446,6.118566986340196,5.396273933239837,4.931746525550956,4.552628611450765
22.347949833340117,6.110248540948938,5.385674563160649,4.943224260542128,4.543305453547725
22.30158251173356,6.107913269716151,5.387440781382954,4.939685912693248,4.537141496644301
22.2618835407452,6.110633272324165,5.386228838106142,4.94118294750687,4.53256759330304
22.193818341130797,6.103610519049824,5.393654648808465,4.942731332087862,4.53212184664132
22.145523572139602,6.108914069992175,5.394222621437457,4.9385118518801905,4.541050977844129
22.084607778276716,6.110474981580462,5.39212018932615,4.938371287073408,4.543419189112527
22.030486397709407,6.10132253254559,5.386611277330006,4.93465004237831,4.540812260715674
21.982809698077993,6.107886415132334,5.387649010604536,4.945199351915171,4.539284570116393
21.93194700787951,6.11498636965985,5.376817033007429,4.948271401278623,4.538127820808571
21.88933953311708,6.108859638373057,5.382109108898375,4.942683163616392,4.542551883392864
21.83602910535089,6.1118877838397845,5.3952758690406535,4.93694053518361,4.536423535182558
21.78296136856079,6.113489137936945,5.393165385886414,4.937007998766965,4.536027199601474
21.732825415475027,6.111505161337301,5.396129883876463,4.936763818572167,4.541833073103509
21.68446869463534,6.10007939467559,5.396473584948359,4.941907689378068,4.533874239470507
21.638814324500576,6.1094566127597885,5.392042742479568,4.934389508010557,4.533692908767086
21.574199810028077,6.109831813176473,5.380735640525818,4.9248313156763714,4.530717498461406
21.533077903141248,6.114151964124465,5.383280300936162,4.9247877913595035,4.53160154740542
21.47541374281833,6.117611969772138,5.39101201452707,4.932837534891932,4.531798285873313
21.429684526780072,6.127125796149759,5.394003430223154,4.93045743462307,4.542473021675558
21.381263181760712,6.122788503572538,5.391265269997832,4.922303839163347,4.546445829527719
21.328427007121423,6.1236126284445485,5.398615407943725,4.913360923336398,4.545809996512628
21.289928595225017,6.128849136523711,5.396109759807587,4.907195260891547,4.54801312318215
21.24605857338875,6.128295776950326,5.395645793076533,4.913109540939331,4.551740687364226
21.190698756447322,6.124743123597737,5.392690080630628,4.915045766890803,4.5470844975000695
21.143776935601384,6.126393702045177,5.389522374051172,4.906985702754566,4.544946769498429
21.105788856744766,6.12282384634018,5.389171721041203,4.904211437702179,4.549033081531524
21.060062171509546,6.1202271976826355,5.380983072778453,4.900603552042328,4.553123897647265
21.01933083122159,6.12423496776157,5.379839218693015,4.8985417978263195,4.55810828562136
20.98558914442004,6.122720899757432,5.380594904437387,4.896860956414345,4.558190971795766
20.942252694106685,6.118973141763268,5.381804226375207,4.889261373659459,4.553811640274234
20.888747614080255,6.117777939998742,5.37749900673375,4.895812560572769,4.5491132765105275
20.84126944139779,6.123524125800075,5.376321052930441,4.90590838639133,4.548352195555905
20.79858161446577,6.121751462628028,5.375405021770272,4.901230572226519,4.5433418079764545
20.758050447418576,6.118043462435405,5.3668730443432215,4.899406245776585,4.542037504059928
20.714945020054923,6.113345259040065,5.358403633332111,4.903608138744648,4.5394443393458985
20.668099308013915,6.118409900104298,5.359386316467734,4.9030688706566306,4.538208776361802
20.624065694753188,6.1172344754313865,5.355641636932106,4.899757686414216,4.539343859020033
20.572220342103826,6.114625162856523,5.351179354412611,4.903236092523087,4.533740099086318
20.535299560238172,6.109599344992224,5.348240029605138,4.8973636268880325,4.539773659899056
20.484160373950825,6.107136978500191,5.348811189333598,4.897467295328776,4.534835076880181
20.442675051007953,6.111217498779297,5.349505286897932,4.8922033173697335,4.530030862263271
20.39985146305778,6.110503608530218,5.347001675855029,4.892375173893842,4.534510925412178
20.352027779918608,6.107462284928661,5.347989829920106,4.887214912533087,4.545373643185459
20.29892860369736,6.113061342346534,5.345087642080329,4.89103133356973,4.539807499124763
20.279590798489874,6.121946851634447,5.340376005492397,4.8918764511300195,4.540848694700102
20.23733574019538,6.119977320565118,5.3412580768267315,4.899039839373694,4.545850067668491
20.198619326175248,6.1224796758830875,5.337593172136591,4.899368764287201,4.550307732260689
20.157670167776253,6.127561873132056,5.332228211256174,4.904050230979919,4.552414831224379
20.111280972840355,6.141878930597358,5.326775137843981,4.907139623099989,4.559367046981562
20.06974056492681,6.138553002606267,5.326953479777211,4.903563956851545,4.5563205649023475
20.04200930208773,6.1445555248776,5.327551997674478,4.9022869509619635,4.563033932608527
20.010458407863492,6.147221544737457,5.322445040108056,4.907200183919681,4.568090245287905
19.975297422970044,6.140623148749857,5.323504459411702,4.908381565369386,4.575071723703394
19.941234842259835,6.144419127322258,5.322185225943302,4.9098449805949596,4.582010366815202
19.893492784449663,6.13830546979551,5.320445783554562,4.910043407369543,4.583890255166109
19.856320305874473,6.142411405161807,5.315602705353185,4.908215827690928,4.583407408312747
19.83338523784857,6.143217131729525,5.316232295560587,4.911639084990736,4.584226339899432
19.802599827448528,6.145387329161167,5.323499268541734,4.920861215641101,4.589777609954278
19.765997352995402,6.137503962442665,5.32863568147847,4.921728360220558,4.590889815839461
19.732858117093745,6.145222194416007,5.324347765175338,4.919177447397685,4.58959066622036
19.68769879952455,6.1435212624378694,5.323803521425296,4.922256282659677,4.589115129373012
19.659959335716405,6.144974246317027,5.324231757193195,4.922897872876148,4.5844476733888895
19.632610185497303,6.143225352776232,5.319606143205904,4.92343315739317,4.587242329786272
19.587402907284822,6.133261579455751,5.318378387075482,4.926899737781948,4.587333159013228
19.556244188816702,6.126058875615873,5.31387281537655,4.929031699147057,4.585792802686068
19.513835577964784,6.127123057842255,5.313745959997177,4.9252664864063265,4.588998770713806
19.485441763009597,6.135715100302625,5.312052386317087,4.930018765416311,4.594786570439885
19.459285188429426,6.135264037859322,5.3066471130541055,4.928902454895549,4.5951388708435665
19.431395140774733,6.141962880571487,5.303329783707417,4.928700356647886,4.599528446573342
19.388288998136332,6.145107851308935,5.310675982166739,4.9248474988282895,4.596446777091307
19.35594371702613,6.143108558654785,5.309247976396142,4.926563827002921,4.592911602811116
19.319971255885743,6.1499485668626805,5.310316605475342,4.920882603497181,4.596497807687926
19.29658688439263,6.148055869024157,5.307696594708208,4.925142376895112,4.597459787331918
19.265846146987034,6.15101755123872,5.310759820617163,4.926175494606678,4.592498107598378
19.23013323459899,6.156010260422264,5.310771637556085,4.925411554044514,4.591709513413279
19.208570244198754,6.152643430800665,5.308604881876991,4.916145790190924,4.592262763068789
19.18088262567023,6.152599698559368,5.310228875463043,4.913484087487532,4.592678910748089
19.14155902952518,6.1642243974613695,5.310870700287369,4.916861003299929,4.592698029752047
19.103450551279273,6.160122305014883,5.304221950226546,4.913259660693961,4.589683183481996
19.075820080587796,6.161151674306281,5.309979797523712,4.910082665559288,4.592177662893991
19.03756976903871,6.16192258790482,5.309748802628628,4.912267197010129,4.589452659252078
19.007636383727746,6.159543858634101,5.308395074473487,4.91204567971053,4.589181138409509
18.98099871165192,6.1563209740247595,5.309573808573358,4.9119470196385535,4.593737753854919
18.950184445862376,6.153069229300963,5.303852061612891,4.908945562642649,4.596917498002359
18.920196977380204,6.155107903153929,5.301405185978163,4.904099083382245,4.595887671866918
18.891992803053423,6.155978207154708,5.293224129893563,4.905081488869407,4.592475994066759
18.86173102434944,6.161061224354878,5.291577327305375,4.909126132861521,4.60352922564718
18.829733470538716,6.162291728698455,5.292835971256634,4.910068340129681,4.598367723258766
18.805133332051504,6.159091549603929,5.290870171491341,4.909611819570909,4.598939861417351
18.778201588562556,6.155162000230381,5.290679898645196,4.909475235002382,4.5993881438459665
18.746859385172527,6.152486896514892,5.288882364696927,4.906993062761095,4.596380688349406
18.725946071928583,6.152929230073912,5.284516076071072,4.9078455013511455,4.598420686426416
18.700757694664507,6.148399724834291,5.277392158424276,4.9046869845117245,4.59429915255912
18.674434724606964,6.15318234761556,5.277087063120122,4.902846238069367,4.595594981260467
18.648561152828833,6.157474551138399,5.27742458118622,4.906681847884665,4.59674590539724
18.618908732870352,6.1600962908371635,5.274293951366259,4.906019345573757,4.600264665354853
18.589659558746206,6.157074366813098,5.272465181557131,4.900757952685996,4.60195389660922
18.5635576946982,6.159207415991816,5.271675617530428,4.901791190278941,4.604202112247204
18.534821985105587,6.159944585464543,5.2685992236812735,4.900327179053311,4.600183878845411
18.498219253670456,6.159686977027828,5.266436888621404,4.897645208570692,4.599561127841982
18.46825119180882,6.163917563823944,5.263135964819726,4.89858452817227,4.602987331025144
18.445291119106745,6.163797709901454,5.262080631013644,4.89438018859443,4.604519063133305
18.428820537615426,6.163081666085287,5.265987671880279,4.8910468409333046,4.602442756483827
18.39878474163408,6.162315923626683,5.263119377008005,4.8907544783183505,4.602156010996394
18.37360726440302,6.157918499104648,5.259545948714891,4.885238168628645,4.605111260793199
18.341807870070138,6.159787658850352,5.258775812387467,4.88623338341713,4.60759306649367
18.321526745048303,6.159889709900029,5.25921682302388,4.881990985751647,4.606266024696382
18.29597508611758,6.1647893850468405,5.256911102405264,4.881852856352309,4.607099561651876
18.270398724716877,6.167437286533937,5.253583270335884,4.883286208282282,4.605436800929254
18.246875821566974,6.16094844067683,5.2527510787619915,4.88267670205382,4.60392875065569
18.21467251680335,6.15788658881674,5.253795137210768,4.880906468021626,4.607203817367553
18.18434556712949,6.160360545646854,5.252943798778503,4.881212851865505,4.610032842411258
18.16094173786611,6.1604981943663315,5.252968278491062,4.877291664903463,4.616770169995575
18.13386930573371,6.159094072157337,5.251198762847531,4.875630956503652,4.6188059228081855
18.114311122511285,6.158370655703258,5.246802713018823,4.873929367486731,4.6215479469682315
18.09156506729126,6.1627862148284915,5.245112909317017,4.870467133522034,4.6197906618118285
18.07318188564711,6.166329560526814,5.2407478488299,4.874386630685206,4.621092442022377
18.0532926377796,6.163521781800285,5.239618954204378,4.875114721911294,4.621678644702548
18.024571324525613,6.161480997862081,5.23736244322283,4.871480153012182,4.6177732859675595
18.00052339073241,6.157957140854963,5.238235329079815,4.873979835998355,4.617302770689716
17.97971387750962,6.162852034849279,5.240375520668778,4.875488061530917,4.616524367238961
17.955103632062674,6.167340459302068,5.238850248977542,4.874214307405055,4.617278292775154
17.92952510818897,6.163476843778262,5.245134073472673,4.87314648479803,4.621303261486009
17.91195681668067,6.166753944500472,5.246708221213762,4.874273149542106,4.620635248893915
17.887444790726004,6.165183304819822,5.2442611119922065,4.875385289026504,4.620185912806095
17.86500185086177,6.169371502216046,5.247666313098027,4.871186620455521,4.617199364992288
17.847939187996232,6.172464832948999,5.244018746518541,4.870880495086027,4.619687801119925
17.826189685413855,6.168282379630868,5.243082867323897,4.870158937141185,4.620183694453639
17.800423701906386,6.1661895545263254,5.247131144592517,4.866942689445989,4.619883949765688
17.786960981108926,6.165789418148272,5.246568123499553,4.867379348386418,4.620603697769569
17.75958435490446,6.171289076895084,5.245880467036985,4.872296753469503,4.620666756719913
17.742322394722386,6.169157976494696,5.244026126718163,4.869941122549817,4.619586814615063
17.717692893096125,6.168772668874219,5.2481737976217095,4.866047532370921,4.621490804443645
17.69645035088952,6.172301329783539,5.248945447935987,4.863419662660627,4.619391782070274
17.671441485890668,6.1718597872992875,5.246486302202076,4.8642634264155395,4.616316564021058
17.64679143693712,6.167170960814865,5.248008092244466,4.864520343144735,4.620442271232605
17.619993463213593,6.167658702033912,5.24772684512543,4.860567186151483,4.620334853105439
17.59879677435931,6.160937531906016,5.248277199618957,4.853833777939572,4.617544576525688
17.57715096665826,6.159901865236052,5.245431175162067,4.852870266079466,4.61665984125801
17.548865885630143,6.15910034980217,5.243908899543929,4.84806161292278,4.613646059140672
17.528784349614924,6.159850984053178,5.246409358978272,4.847709812684492,4.612839845310558
17.50771891552469,6.157543752504432,5.245061153950899,4.844613362049711,4.610786910506262
17.48474308041459,6.15940635040779,5.244007234538936,4.849128910780814,4.61193700043303
17.4626683331222,6.159933599636709,5.245697798488809,4.85189556560928,4.61456255346751
17.44360112289374,6.1603391110683425,5.246173192096013,4.8523194354067565,4.618037113579371
17.421137547492982,6.161644302095685,5.251789658410209,4.851716705730984,4.6168932088783805
17.402732126229175,6.159347948230458,5.255585933495246,4.851490718189932,4.614114299787746
17.375844289225043,6.156626993882741,5.2576676547950045,4.848319313204881,4.615872697627291
17.352572525347924,6.156918283064879,5.259916548172914,4.844783846986589,4.61264305064198
17.332863528963546,6.155500262555941,5.259453985053049,4.846209453864836,4.615554749965668
17.31947482928895,6.15630432095444,5.257917236863521,4.850935825548674,4.620003496973138
17.30885969508778,6.1524991305558,5.257253203358683,4.85111861629086,4.615827814682381
17.289441853034788,6.153119372989242,5.262965760579923,4.8487612279034655,4.616006317038985
17.27271900905503,6.151592685116662,5.266741443011496,4.851562405625979,4.6167930488785105
17.25753773289981,6.1491839365975665,5.264710477479189,4.854159604306864,4.615236203975743
17.247148947880184,6.146457436989094,5.266685408559339,4.862699403433965,4.616677668176848
17.2268855170286,6.147457702872679,5.26673570285548,4.864829043752139,4.614840719708052
17.208409110160723,6.14373877277113,5.269247778474468,4.868226505305669,4.617004979963172
17.196569439494162,6.146190929738328,5.2667292865063144,4.872860636727395,4.615230606684506
17.176744558373276,6.143895063270517,5.264256576291558,4.876196486609323,4.614565501407701
17.15053266751564,6.1420265763492905,5.261641022310418,4.8745951070623885,4.61536554805303
17.132534597371077,6.146625496245719,5.265313307981233,4.87506208870862,4.6113115702126475
17.121708789658467,6.146929742511274,5.267364676953967,4.875191253443759,4.615139819154836
17.10696611468424,6.143274796889132,5.262395224315208,4.869508092835446,4.613880758317525
17.086617045577952,6.139287025234771,5.264045926639468,4.877383564626891,4.617913014115299
17.0674587281545,6.142377260526021,5.2613874268531795,4.8747992889086404,4.615888523260752
17.047682670263754,6.148237985629972,5.256790207073934,4.873800237313458,4.620365641045808
17.034596695805227,6.146691207064698,5.256507993533911,4.87416160264552,4.620440460198762
17.014121524571586,6.146919986989238,5.2573850855182105,4.874395261109859,4.622171830816238
16.99064668228752,6.146979002576125,5.257517336230529,4.873441759692995,4.62326660517015
16.972585352913278,6.145831084642254,5.262702790244681,4.871457486856179,4.623650556314187
16.9542245896034,6.147105223213146,5.257990019773346,4.870570404856813,4.623879547212638
16.93584750296627,6.151179012335861,5.257231467709867,4.869943774872572,4.621199673084172
16.913487291955327,6.149873879048731,5.261788848932687,4.872109288519079,4.621554295738022
16.890435178688815,6.149286858086447,5.261013033320602,4.872078056860125,4.620151647857863
16.87408141782207,6.145537676349763,5.268075769947421,4.873493224574673,4.621575433977188
16.85495816013054,6.142196414555,5.269052392800138,4.874504691151561,4.619894542878081
16.83671176739228,6.141899287700653,5.272429143006985,4.87621178306066,4.622014404871525
16.823853876644048,6.140250801659239,5.274344806092235,4.875615975346428,4.623979611137805
16.801637704205362,6.1392714263527255,5.27334182353536,4.872567791847667,4.62792959790321
16.786189227634004,6.13521887915475,5.2723457086653935,4.872628617665124,4.624639126611134
16.774621477609948,6.136014345326001,5.270529397680789,4.874900950661188,4.62182584291772
16.754057730786055,6.138293729595581,5.268407022163319,4.877361854168143,4.620999709288781
16.734118023758416,6.137939777014391,5.2685324433464675,4.878210580573891,4.622301302615951
16.714742965459077,6.135175474758806,5.271335737084894,4.879114149506189,4.626541188518082
16.697207272052765,6.132206839323044,5.274265091866255,4.8763985440135,4.626515407860279
16.677544142226935,6.130722142454248,5.270190004247743,4.87689411454483,4.626259518560962
16.654237797541647,6.130376849855695,5.273482263458441,4.881791295472139,4.627741782561593
16.634503760204964,6.131748285086901,5.272238474512248,4.878907746205758,4.626229951994338
16.623665070828096,6.13597595397337,5.271578916796932,4.879599911931121,4.627010310137713
16.603362802358774,6.133877623631404,5.271415613614596,4.879597789324247,4.626378398308387
16.58749812951117,6.135180101804207,5.268924644388304,4.878633967937867,4.6275286440469
16.56971378501402,6.135284148224997,5.267623223295999,4.875204494604642,4.632277477042755
16.552496104705625,6.133728517264855,5.2650922478699105,4.873914349369887,4.631512823628216
16.539910354150464,6.131432279627374,5.266099061647084,4.869084237919028,4.633012517969659
16.519451262734155,6.127941617098721,5.265665324529012,4.865821305188265,4.633749654076317
16.498183322457027,6.125034147879148,5.264512054869775,4.864594260731493,4.632578679802195
16.48316965907453,6.126027405980122,5.26741162122014,4.86654257774353,4.629556023930928
16.47028928476053,6.124135227890702,5.270148327400735,4.864265270061321,4.629704416693152
16.449396127712227,6.120264363146114,5.270118352181897,4.864087261839541,4.628104067134286
16.429846601343865,6.116890824730716,5.268284269589096,4.863359872618718,4.627592525197499
16.4128631126313,6.118522057930629,5.26480848590533,4.865015212978635,4.627674920218332
16.395233813662202,6.115275032088736,5.264195033280007,4.868085081570226,4.627648304053513
16.380948526619456,6.113215648210966,5.26355504848548,4.865853751199485,4.6258165328460334
16.370212501480868,6.1124495545671405,5.2640118584871995,4.867710166976163,4.624620976349597
16.353419783536125,6.109497325560626,5.263214038400089,4.866374393070445,4.624619329676909
16.338023966008965,6.1099619977285435,5.263011986908675,4.868419668192039,4.624027969550527
16.318447765551117,6.109329103726393,5.258684409989251,4.8645349050823015,4.620544026469626
16.300753220872352,6.111490164831846,5.259110892131794,4.863055657367317,4.620526570967961
16.282212027283602,6.110098873460015,5.260827245407326,4.86220342336699,4.618881102218184
16.261210988915487,6.113016505863356,5.259801687019459,4.86095999703891,4.618068541651187
16.241664699047288,6.11339300905349,5.260965455474192,4.859402584891788,4.6152933057333
16.22320613256449,6.111545711154553,5.256450211967446,4.862029120970185,4.615317150907489
16.211085259229286,6.109713377623723,5.256102237208136,4.857418443964816,4.616806090563193
16.199769643111352,6.11104756439996,5.254386194114357,4.857868798482725,4.6163769670065635
16.18541293007987,6.114086125237601,5.255438303266253,4.858113596779959,4.617997192655291
16.165928568935122,6.114774809943305,5.253173165171914,4.858951739775828,4.61596465790034
16.151857706633482,6.11694218760187,5.252360612154007,4.856319487772205,4.617331211539832
16.132695235881858,6.113939889091945,5.252446593373761,4.853546436380057,4.6181397836539295
16.11876352223973,6.112532627784599,5.251806053064637,4.85676082042651,4.619318852316861
16.100820656897316,6.114020778763462,5.251584290786528,4.857135455037507,4.619919206726719
16.082764320159228,6.114754459831152,5.252057723784715,4.857221041502577,4.618401582991139
16.067648636526755,6.116116864340646,5.253119705104027,4.858410460608346,4.616200978682489
16.05040917583018,6.1147714340487,5.255995891613667,4.859143127276245,4.614640720729722
16.037210889513446,6.113325938540913,5.258302336615772,4.856037847843011,4.6118483842249365
16.023044119940863,6.11333978705936,5.254894325468276,4.859251119030846,4.609418381585015
16.014366599001054,6.110308478083307,5.257026854644522,4.855932929839454,4.60735533838457
16.00227238987032,6.112584817475377,5.26016902660138,4.855221013996482,4.606567918924996
15.988668538978933,6.115413283513597,5.26026153301733,4.857373508868467,4.6049409543187165
15.976068187545945,6.115991811175923,5.257883455727127,4.856820873506776,4.605535744310735
15.962892879851877,6.116776633589235,5.258624978261452,4.855371083951976,4.606661147287447
15.95156908295845,6.116160919106072,5.258839572062258,4.8574948903641415,4.6058042739909855
15.935723429479781,6.115340610940709,5.2547426951353815,4.8598668172508885,4.60879157999231
15.922352324361386,6.11879528346269,5.253319198670595,4.859831481524136,4.606800712968992
15.904514824471823,6.122320737296004,5.2535102671077905,4.85873382395199,4.608743489273196
15.895304674715609,6.124500015619639,5.256182138339893,4.858194422721863,4.613226041278324
15.880266981304816,6.122655621757405,5.252964341094231,4.858652704166916,4.6122622065788335
15.865314896388721,6.121959062032802,5.251375261173453,4.8593616761187075,4.6136061465868385
15.852515394502287,6.120384923254837,5.252573362304442,4.860539636407397,4.615000187871283
15.841107279221642,6.117960912021086,5.251857500025295,4.8625796956812,4.617056618399799
15.827695960998534,6.119496251424153,5.248891857147217,4.8604586187998455,4.614814593633016
15.81416161009606,6.11960032899329,5.25357585511309,4.8588362215681276,4.614202855115241
15.800291314365376,6.117897373927999,5.250656059629405,4.859356640504589,4.612334393696064
15.787259273428134,6.114980167812771,5.247450542197656,4.857719535550112,4.612065063582526
15.77703655363702,6.119398274333622,5.244678735103959,4.8550077572976065,4.608852833116274
15.765842957245676,6.118194703051919,5.241330038246356,4.8587263113573975,4.609484146770678
15.749896762877936,6.114041223300724,5.245170495015743,4.857033349710499,4.60833148505744
15.730963362449126,6.110427221078523,5.241763430116064,4.8561349483060585,4.606578079193675
15.716677317108871,6.112039384269217,5.240786920328365,4.853613141933869,4.6106992116484875
15.705158298214277,6.111860518654187,5.242867610727747,4.851001714666684,4.609290663152933
15.692074394226074,6.108844031296767,5.2450271587867245,4.851604585523729,4.610866855026839
15.675703194474927,6.106685207297765,5.246053414641267,4.853489948677893,4.608732253776313
15.660575452701066,6.1059471778475345,5.245780078015586,4.855557359158222,4.611960529973032
15.648847122782284,6.106353978520816,5.245014996258254,4.853874398261001,4.612460537669585
15.637198149085352,6.106379591100933,5.2411531366235495,4.855333584439785,4.608591206582469
15.6273058059888,6.109506065417559,5.240827043851216,4.858462556203206,4.607193370354481
15.611932730125954,6.112240665708966,5.240535713522635,4.8572155289028,4.605755472427134
15.602965196784663,6.110909702826519,5.2421994908731815,4.856400156507687,4.607116353146884
15.590738949278233,6.111124147895638,5.2436802508570155,4.8541690356858815,4.606878994682059
15.577959128442755,6.109205134628993,5.245536821747795,4.855508061835003,4.607736146389531
15.564214839210994,6.109279624118081,5.245906243746794,4.85736713469783,4.609109403513655
15.554460301543727,6.108034418086813,5.245330644978417,4.858592620401671,4.609376164999875
15.545904418983747,6.1084553961189325,5.243216535606672,4.855151518165915,4.61057393256603
15.529935808037992,6.10780950047862,5.245018920107703,4.853828458330739,4.609911971954844
15.518271527493509,6.1080391663955265,5.242531945532127,4.852960055334526,4.608820177259899
15.505798802375793,6.106152002811432,5.240628600716591,4.852202444672584,4.607158491015435
15.496828849773454,6.104698082455376,5.241652450062093,4.853308084896972,4.607100982023891
15.487397488076889,6.104248249708717,5.242307739471322,4.8553825415189,4.607282138582486
15.478635104063427,6.102315393925896,5.24173604110926,4.854516649956147,4.610365695456418
15.468123181031482,6.103080090909901,5.241443863599607,4.851271629923641,4.609976143530099
15.454656049940322,6.104026148054335,5.241271511713664,4.848830426180804,4.608572644951903
15.443043887321585,6.108549249583278,5.24290244978637,4.847914378044053,4.608862444097773
15.42753032150081,6.1094965536412795,5.240487852612057,4.848669005846216,4.606410339950637
15.413496912694445,6.106102615010505,5.240043352047603,4.846271059092353,4.605255665148006
15.402444529358506,6.10457523994166,5.243402356914903,4.845758920776815,4.6057385751262565
15.392559635348436,6.106096093247577,5.239675484052518,4.847630318199716,4.605521810927042
15.38080199907586,6.1042575453319685,5.238213046623843,4.845099155050125,4.6059640057185565
15.3694281207705,6.105085571992745,5.241175572270328,4.844490511324799,4.608722102873534
15.360344355677865,6.1033517846760965,5.2401678700712635,4.844713951715835,4.606335127324804
15.34690270677281,6.102919410392282,5.241318621497223,4.845254184543222,4.6078502970617174
15.33933484410665,6.103911452695548,5.239369186148586,4.842832472238196,4.606908755704581
15.324891393001263,6.100972841565426,5.240799905588994,4.839588829531119,4.607485361970388
15.312208351757315,6.100441447836603,5.240909930327527,4.838630100520109,4.605653387751225
15.295679779143995,6.10142475794377,5.241754732063512,4.838582768394616,4.61012192434101
15.28151436580394,6.099472108490427,5.24293763142497,4.836426249551887,4.608768860309391
15.274727585202172,6.097762401898702,5.240823552154359,4.836634014333997,4.607875482241313
15.264416803373576,6.094924532602632,5.2434033764229815,4.838992102412317,4.608180611263828
15.251843678442787,6.099749716537259,5.242333540419267,4.838584065437317,4.6095194545402345
15.241195588528969,6.099019047216321,5.243044562937238,4.835554317379674,4.609618223023471
15.229192409875258,6.0983507194609015,5.243013631060438,4.837389469709036,4.610410511493683
15.216110108319452,6.094430982926313,5.242306985855103,4.836963127921609,4.6099632296842685
15.204258692656325,6.0945414713290935,5.241698854406115,4.8349402426554,4.61027743670862
15.189922616409195,6.095854589475681,5.241018460003498,4.838072505991129,4.6088719993341165
15.180641845007923,6.096896485747578,5.242433174191234,4.839785900628455,4.609162357365974
15.172862935455251,6.098122118792056,5.239484645269967,4.838292101324299,4.609884328775473
15.160717165747354,6.096504320100296,5.239885258674621,4.83833725119746,4.60993969385014
15.153355861761177,6.09211235422546,5.237581015739529,4.8373102914982775,4.610690758565739
15.144204406826585,6.094928806578672,5.235623548980112,4.835993342377521,4.611795896733248
15.130570528413628,6.095730195695203,5.238606695765436,4.836326725213136,4.612853097585277
15.125540478438277,6.093746090814265,5.240471861329496,4.8361469210567565,4.615174988997147
15.110981143206015,6.09446988050965,5.239080004308415,4.834258180925215,4.613066482543945
15.1005173210704,6.094223193072398,5.2376333928983145,4.832070794127403,4.613115115996894
15.087703442955453,6.09272867809444,5.239559978314887,4.832523379227662,4.612697574039346
15.072179659316529,6.0922256953095735,5.2398866589210895,4.831332748339056,4.614793795973198
15.059539125829188,6.089739333524248,5.23883053762223,4.830139064028486,4.616821710503998
15.04748085195368,6.08756329796531,5.237193155830557,4.829748814214359,4.616633840040727
15.03528750888885,6.088638503535265,5.234604491127862,4.831464186276978,4.616142998476958
15.025495065283451,6.089636291314035,5.233000663071197,4.831903994353109,4.616213346498585
15.013306469196122,6.085757714092866,5.232927203447502,4.832118087643694,4.619783459613878
15.00236904298937,6.083785862536044,5.2340256636207165,4.835558571794012,4.6186695775470215
14.992388030920136,6.079616495196739,5.232016108545024,4.835511242405752,4.618987713503034
14.981347627169349,6.079411432882061,5.235677980521334,4.838395202640995,4.617110281781765
14.970299031643792,6.0778465761701,5.2361562956099545,4.838737381651364,4.618378414670359
14.958567621452469,6.077863735812051,5.235758455204112,4.839020952050175,4.618254008569887
14.947638305630079,6.07862400424507,5.235294112118422,4.840976655084996,4.618191010171428
14.93853511598375,6.079766262902154,5.235643002721998,4.8394103172090315,4.616499081717597
14.927869724857304,6.077940046390779,5.235989784718617,4.837363872718388,4.617506130835962
14.91539673256663,6.076907830955708,5.235390358794052,4.83722167257714,4.617652184140366
14.907489521877128,6.078141260883929,5.235915576122191,4.836700222086959,4.615507339536486
14.896827985536685,6.079493088869271,5.236901537962422,4.834866403483084,4.613903669533751
14.8864502959199,6.07766789656419,5.235814932414463,4.83604577085474,4.616936010842795
14.875949621200562,6.08002804977852,5.237141830356498,4.836712250061202,4.615700460316842
14.864370527622215,6.081111805705064,5.236670930745565,4.837675867247634,4.617818741621021
14.857570652357875,6.081512360593638,5.237891887993792,4.836723389583904,4.617641733202872
14.846208591087192,6.079817972411777,5.2380820707558025,4.8385098198660055,4.618286945201732
14.84230491389399,6.081273118309353,5.238176781716554,4.835781778978265,4.6188547911851305
14.834211157097474,6.082939545141125,5.239972562955414,4.836152570625189,4.6184580196786085
14.824001178080902,6.085305226313603,5.239304808311132,4.834237875360431,4.616580266973157
14.812755080072721,6.085131101422897,5.240545920110418,4.831313591024015,4.61574899609609
14.802322675441873,6.088017624000023,5.240540438171091,4.832900393111952,4.617103780651915
14.793368667684575,6.088797412380096,5.241509417564639,4.833825998921548,4.616482321934034
14.78305479999264,6.089024292041303,5.242590429956821,4.834948887129198,4.615254385276925
14.774821324317818,6.091224087382282,5.243784918264352,4.832734366811062,4.615830963122513
14.763415827710404,6.0924167857210865,5.245753684105018,4.832550662705022,4.616385447163867
14.75448130544569,6.095535778541809,5.245215179569431,4.832347332541622,4.616276913360238
14.749084180466673,6.095592321233546,5.245000490736454,4.830346039508251,4.6148602693638905
14.740010261535645,6.094696554155613,5.24213158654053,4.830197111563065,4.614136143601371
14.729984032905708,6.096390222088766,5.242389031385971,4.828933425879074,4.615101462198516
14.722147282283856,6.094518438706186,5.243985174070201,4.82852912705242,4.615505845047707
14.71230800845955,6.095296057970715,5.246446558191806,4.830304101549624,4.616079343019155
14.704077479713842,6.0935032302454895,5.244973805076198,4.828799216621801,4.615117595572221
14.69784843420782,6.091371434075492,5.245367332666862,4.827586635822008,4.612695242176537
14.686823037185508,6.091442682957999,5.245817607303835,4.828381726326932,4.612295678576583
14.677002866896625,6.088387743698503,5.248458759555258,4.830243154549699,4.612568941076431
14.66789369841956,6.089217384075571,5.245681726857864,4.830719713876043,4.612586949215054
14.65332852502664,6.086278932293256,5.246686311562856,4.830617567896843,4.612066795428594
14.646914534658007,6.086130119410969,5.245722201658634,4.830683810299498,4.6115102272271615
14.63749561962745,6.08920303024197,5.243055370833369,4.8347912645933535,4.6118946115011
14.626801517439185,6.0892111657815935,5.246771466411172,4.833796716378095,4.611866633097331
14.617471918586856,6.092239859675573,5.248451053111022,4.834599984578849,4.612189097837969
14.60610490484336,6.094973437319097,5.245056623281892,4.835503199665816,4.613781519034474
14.595699219056117,6.095780905382133,5.243014488691165,4.8335869209266,4.615633923330424
14.58660285428809,6.094708884276404,5.243666114258815,4.83448230020809,4.6127931440145815
14.57661511370393,6.095881930140198,5.244806718630869,4.833639600726425,4.612526777337809
14.570507863791686,6.094349892349087,5.24484742833549,4.834477086740037,4.611897873244646
14.564378433811422,6.09461122240339,5.244746185808766,4.833698781169191,4.611305002290376
14.558313790261138,6.091754123780975,5.24557821619535,4.833189512221731,4.611845738047737
14.547679027890771,6.091361942330027,5.244694223248862,4.8347860492341885,4.611860626112155
14.536026690601094,6.094988911920822,5.2441444068119445,4.83314049751715,4.612124208988089
14.522792611527539,6.09228064753266,5.242194165102384,4.833352641538087,4.61182613411413
14.518804419161093,6.092294848085654,5.240773868560791,4.832321008528122,4.613780313549619
14.512790976032134,6.090914026383431,5.239018724810693,4.830292620966511,4.613202297879804
14.502792007246727,6.091478599149217,5.240333269299636,4.829165877950503,4.612823761684794
14.495183892996915,6.091060871101288,5.241575068738087,4.828713773244835,4.611626133861312
14.486781433732332,6.091545356299452,5.239924708922545,4.82842462765191,4.610606058804927
14.4796097240448,6.090108323097229,5.239184360504151,4.830102772712707,4.611784999847412
14.473231957106295,6.089440107821466,5.239743188945595,4.829259220473543,4.608357857325358
14.462964152909844,6.0893824603928035,5.242796733559841,4.826556476463835,4.610000778004467
14.45328800057322,6.0882287963958195,5.24156269164493,4.825841831639557,4.609093706366082
14.443607483591352,6.088333175295875,5.240463060045999,4.825094215453617,4.608199466315527
14.43418865959243,6.08950146590129,5.240459892537334,4.824373263179666,4.608483341424772
14.427876125682484,6.09109603557662,5.240178544530756,4.823451967578632,4.609705493855382
14.419464914521287,6.0904070940713675,5.2393945424984665,4.822574577858227,4.609135991252621
14.408314397015909,6.089521457829814,5.23849565400852,4.821491106288639,4.6068140075901365
14.399213251290012,6.08908197781426,5.239400663169756,4.821325024827758,4.607595357070503
14.388569149316526,6.088516915078257,5.240984525867537,4.821546577939801,4.606702258072647
14.379700746554917,6.087798851110231,5.242467946502328,4.822284286969329,4.604839288558512
14.370044371113181,6.086644063703716,5.242784672416747,4.825244423002005,4.6048694755882025
14.360148141723394,6.087487463365521,5.2428023280688425,4.825465911545484,4.603667384699771
14.351365777768978,6.0890226911478,5.244563332791459,4.825527085404452,4.6023150687087835
14.341623421085691,6.088201763560471,5.243323697395695,4.823653697041632,4.601714461058089
14.337209367012793,6.090101853821629,5.24655606857566,4.82197701099307,4.60182986425799
14.326459947361014,6.090561529192749,5.2449830523773135,4.823311904412866,4.603294108776336
14.318674595659765,6.0912688956757775,5.247029577903306,4.823322848463611,4.60192761089811
14.309103653380406,6.090891624002328,5.246070056062672,4.826139704570146,4.602436923796961
14.30062468968905,6.089761987099281,5.246371945968041,4.826585453290206,4.603073044923636
14.2939439689358,6.090312034292093,5.246988683652969,4.827999338307444,4.5999228954315186
14.285552351867558,6.0908263734474035,5.249251705476607,4.827300910292001,4.599956197756917
14.273359215738212,6.090811017366486,5.249134052779889,4.827695769971917,4.599877436347946
14.269260019746445,6.094243650218003,5.2481664573873275,4.8276004208863235,4.598331566530329
14.262232405344646,6.090920259384882,5.251304452078683,4.830780202774775,4.597587584086827
14.255027450989408,6.088406452207964,5.251852554060207,4.832359106368439,4.597826907389971
14.247982554462874,6.090381348155708,5.251002595818246,4.831790693344608,4.59758553830677
14.239931616819266,6.090508843010122,5.249303577524243,4.830564758091262,4.596969931866184
14.230394519344395,6.092031454544212,5.248195328198669,4.830880522051921,4.597362076177038
14.223081969315151,6.0907587249324004,5.248019068196135,4.830189721989182,4.5982090639618205
14.214730141526562,6.091002651976102,5.251618653816467,4.831495569699677,4.598800362391211
14.209006690441218,6.091203472668067,5.250933631022174,4.831951105505004,4.598435557426367
14.205006925965787,6.08988836961213,5.252957706379846,4.831109244649003,4.597543118371301
14.195351465810997,6.091216182887331,5.255104398013054,4.829654936486862,4.595524399914545
14.187262309600259,6.0911136422201855,5.254510413374856,4.828887369031104,4.5941650800615825
14.177578866481781,6.092554348618237,5.2548032838906815,4.827569671531222,4.595054916481473
14.171064706266037,6.091519422371294,5.255813843711128,4.826578561154157,4.5967449955434105
14.164189559376373,6.090974839646577,5.2551950717060985,4.826532158266656,4.595905121374307
14.157184033756575,6.0906454433094375,5.253949142342817,4.828414223410866,4.594506435801235
14.149384389983283,6.089147990721243,5.254525819531193,4.828374730216132,4.594210710790422
14.14267339283349,6.087251337971573,5.25573679171296,4.828517967583732,4.5945094063630165
14.134158881388027,6.088466273902527,5.2565454741685596,4.826836131595598,4.593448580411088
14.1245597177228,6.089711878620239,5.258121927798782,4.829775503327174,4.593864962101861
14.116120179786401,6.089632772347507,5.261119577814551,4.8327330293900825,4.592483852277784
14.108823456895461,6.089457452406577,5.2622946966678725,4.835828792064562,4.59360106363209
14.104779619873662,6.08926262087001,5.264396429935218,4.835029621700664,4.592593184757582
14.095905337952608,6.087086657501444,5.263338727096753,4.834839115195126,4.5943938055683535
14.089907140627394,6.087787887475787,5.264325292441097,4.835396338118254,4.594698141526131
14.087268649554643,6.086614318666997,5.265198267222754,4.835972871502458,4.595025484244897
14.077426163933493,6.087151824777776,5.2638961427862,4.835808770006353,4.5936302987012
14.071597347674915,6.086807175686485,5.26336953860662,4.834029395870202,4.593086033680911
14.06373894819315,6.085333136544711,5.262813880823661,4.834045938823534,4.593840380941612
14.057566962664641,6.085460208423745,5.263127054486956,4.833445865465547,4.594918655874932
14.054537985729397,6.084903152410734,5.263082559358342,4.835517609592809,4.593000343990671
14.043961180437792,6.084701003684654,5.265369038109307,4.8353040308565705,4.590364714356156
14.038494644405173,6.084122206667344,5.265450876393764,4.834006230608165,4.59017217974011
14.034408717437964,6.0855751397151705,5.2642574293181115,4.833284693089593,4.591824258893354
14.031435868218809,6.088256033517981,5.26475917395725,4.833135307476085,4.591797943610872
14.02319927164395,6.0880681107850325,5.263864907041219,4.834054284957313,4.590718311999053
14.014502822501319,6.086840978690556,5.263195806741715,4.834462161575045,4.590718732561384
14.009967305018515,6.086198711565259,5.264272660920114,4.832677671191101,4.5925384103295634
14.002586547166002,6.087104278102888,5.264891733902629,4.831302337374976,4.5918134404246915
13.994993124296144,6.08533961226631,5.264751921326822,4.830234226070966,4.593388158517028
13.989168991433813,6.082576696754347,5.265532133427072,4.828905700791812,4.592683019367516
13.980982490978409,6.081990639509353,5.264134246691138,4.827495869493062,4.591215564508354
13.971956422387922,6.083345953230302,5.264643830882366,4.826295211542622,4.592460728786859
13.965182251400417,6.084843396720012,5.265411856313231,4.828278216945641,4.590780193423048
13.95826709522328,6.085799975294463,5.266286141435865,4.8278036176318855,4.591538417507225
13.94576791049307,6.085209813813543,5.265569416207044,4.828454110660117,4.59177606093234
13.937081976104201,6.08635797584266,5.264874818032248,4.828347903803775,4.592567654659874
13.928677214841292,6.086557627141789,5.264696534586037,4.829301247872321,4.590442927205208
13.923134176881163,6.085819823758586,5.2631035743059815,4.827572120653166,4.5901538066930705
13.91662150111706,6.08534222248337,5.261915655452335,4.825139203828875,4.59131816045152
13.910762413038194,6.083312705003426,5.260770728779171,4.823221172189879,4.591255766174104
13.90385665561842,6.083900376195493,5.26102088679438,4.823460239327472,4.590920210299284
13.894179001450539,6.083109755482939,5.265390017794238,4.825359780341387,4.589445743709803
13.889258612793075,6.0831179569251,5.2654612217246965,4.824288621519012,4.591359435582285
13.878497725952043,6.084898904120633,5.266031170386344,4.824609122474301,4.589656655763672
13.873471777262054,6.085315607990008,5.26627946764694,4.825241071160799,4.590839983062217
13.867095329021586,6.083217525482178,5.266349761239414,4.8268278512461436,4.590227132830127
13.860290120267623,6.085438922842686,5.266157295535641,4.828987223761422,4.58850102170199
13.854337100720487,6.084667677731858,5.26620870193665,4.828616385197721,4.589633812199753
13.846189444919801,6.0833628680652865,5.266063384290011,4.828144922060173,4.589838963634563
13.837898830844932,6.084497930252389,5.2654588263328765,4.82654477635475,4.588338780484787
13.828209052126631,6.084063468020187,5.266970326350285,4.82679921337682,4.587517817815145
13.82039332471203,6.082780870561307,5.265947278449153,4.826846798125388,4.588127976391503
13.815341257358531,6.0811648815616435,5.26808257484761,4.825807451998761,4.58820296024342
13.809566851375866,6.081939694832783,5.268214963731312,4.825695611992661,4.588169797342651
13.800176586481427,6.083508551424347,5.266219954336843,4.825480128387037,4.589815854216674
13.793587220725367,6.08522115400282,5.267663832034095,4.825141244015451,4.590630418567335
13.786169198967277,6.083856693177458,5.267680831366989,4.824121282387103,4.590976661433625
13.778764270447397,6.083622150324486,5.269713932597959,4.82445266923389,4.589004881478645
13.770466252885017,6.083277235143703,5.270924082493902,4.824413487722259,4.5904932697547025
13.764256800063933,6.084313891150734,5.271374583645702,4.82563559856479,4.59140679491088
13.75661817759025,6.084284839309564,5.2708759468142725,4.826138899506641,4.591550965669776
13.746605205055852,6.083184232647787,5.270113468170166,4.825970587314376,4.591537890818295
13.73936642993435,6.084563355949057,5.272911982320661,4.825044692660896,4.5901767756272
13.735316779701208,6.085116305877532,5.27355908470409,4.823906660079956,4.588832882335752
13.730380146650718,6.083992629297986,5.274807180904586,4.823257493256328,4.589293065174593
13.726432001590728,6.084021055698395,5.273592994213105,4.825436312357585,4.587595054308573
13.72330886234658,6.084090021009652,5.273666934840096,4.825634240707423,4.587024985454642
13.717481222659647,6.083585956960025,5.274501474196729,4.825496054170932,4.590200869347962
13.710973398800117,6.083265928486687,5.274394922588595,4.825932736025125,4.589589708084689
13.705635038432696,6.084944706878915,5.273589963155077,4.826132846983853,4.589733970875772
13.697649762650167,6.085429588822294,5.2740411821475695,4.8264779311566315,4.5898548843446845
13.692171070835379,6.085049520624747,5.274321595434309,4.825916424049403,4.590352833467741
13.68865284849038,6.0849105498739675,5.2737396222951975,4.828383617778194,4.592030728668514
13.685331845754071,6.084481801641615,5.273548012501315,4.827085302848565,4.590152582055644
13.676207701365152,6.0831071872429305,5.272033499575209,4.82758668373371,4.59214718118677
13.668573463158529,6.082116151246868,5.271821215113656,4.827218628711388,4.591543253132555
13.662104101696109,6.0834242138651895,5.272675174738108,4.826045960334241,4.592068581651354
13.653711357147865,6.081612833185134,5.273020653942831,4.826834359200173,4.591306158140594
13.648199671827754,6.081787420524859,5.272928821321024,4.826264778902636,4.594127029618082
13.639731080213664,6.0814984613598755,5.272639895883367,4.82631296288307,4.593142443448791
13.631990056696946,6.081451259395941,5.272305028031512,4.827482342138523,4.591753459558254
13.623658444200244,6.080915041558154,5.271059733706635,4.8262336842425455,4.590287054513956
13.617118655379432,6.0799787442533475,5.271201925107687,4.82561415636752,4.591476812161734
13.61078652363379,6.080568815897969,5.272774589100316,4.82710975042053,4.5900613841115465
13.601765946155604,6.081211576939399,5.272281375570714,4.8267544074667095,4.589515756520778
13.596277900665036,6.081544586919969,5.27203820982287,4.827403294655585,4.589609667947215
13.587667622619973,6.080157911911871,5.270854791005452,4.826240244694954,4.58951192393587
13.58187649947654,6.079944562298692,5.269848798248929,4.826019964034151,4.588980274951727
13.574053387006634,6.077412821890646,5.27231057306354,4.826119849234102,4.589054739494385
13.568561116090187,6.077045011978883,5.273406598048332,4.827231329985154,4.586804670019028
13.563422190093995,6.077322838592529,5.272150769805908,4.829851271057129,4.587864449691772
13.557760856402949,6.075836226582147,5.273002784473066,4.829988790396303,4.588143062667725
13.55350805051399,6.075953028799054,5.273033888906573,4.830496906663813,4.586808310741443
13.550060101375458,6.075465161329622,5.2749943718029435,4.829743338238662,4.589581477034623
13.542980211527814,6.075810342221646,5.2755279541015625,4.829699970390914,4.588807612041601
13.537472597001091,6.074869677377126,5.27691520736331,4.828736225763957,4.58866725384243
13.530196027408122,6.072188212641068,5.278055358802082,4.82807833419171,4.587788244434846
13.524961208240896,6.074309383012071,5.277377803868886,4.828115079221846,4.590078261456912
13.518132319005932,6.072568824882568,5.277850477239721,4.8290255502878585,4.590090749764706
13.514401060549618,6.071544451668435,5.278628383149108,4.831041702336694,4.590202880958653
13.508575799146037,6.071148875379187,5.27795664194062,4.832511121644749,4.589043341283723
13.50247604517067,6.0732088448866355,5.278067285909593,4.833168677563937,4.5885130935495
13.49677394360912,6.073118652241945,5.277426505575375,4.834003911100714,4.587977644787104
13.489423970817398,6.072996608142195,5.277337440502681,4.832980703036987,4.589687383660702
13.482900665026502,6.0730216768052845,5.2766734087411225,4.833389377743239,4.588219673607457
13.476018898934125,6.073229036480188,5.275763876736164,4.83436914011836,4.588315032050014
13.470424187164783,6.071204396752225,5.278169344070363,4.8351343090932195,4.587465047092408
13.462754603858306,6.072371291965711,5.278413424982089,4.833001520032081,4.586894822269214
13.458559610980851,6.071226330604375,5.275881457662508,4.83203364530952,4.586253844375373
13.452205765321388,6.071237301974563,5.274263989481127,4.831330569634527,4.586248062782406
13.448377201908318,6.070079685920893,5.27370270388995,4.829962341545164,4.58496021522108
13.444087367308768,6.070404364228618,5.2724490892776394,4.830025799134198,4.583638355089784
13.438836509698694,6.071774879968516,5.273600912536314,4.829246841589855,4.582888627531355
13.433602689960857,6.070592241522706,5.271063257146765,4.829872538278132,4.581955177916421
13.427975520147196,6.070203743656905,5.270664658127654,4.8316680440917406,4.580620156965565
13.421105590967032,6.0721408711946925,5.269744866444515,4.831187338462243,4.581093134880066
13.414889299741356,6.076474034474925,5.272025347122216,4.830303797157862,4.581141358696371
13.40815379502583,6.07652794802847,5.2745330692068935,4.830377089465323,4.579681969859117
13.400532401904213,6.075452037828804,5.274827698653544,4.830418658293042,4.57997622570254
13.396059836087241,6.078267445987153,5.2736984283552255,4.830438854497507,4.579867863144714
13.389467339115289,6.077611289861548,5.272077402449746,4.831237747833019,4.5798089762680405
13.38000791974184,6.0763445394795115,5.271820346756679,4.831611277126685,4.581694238069581
13.373934644179439,6.076480997570392,5.270841907692827,4.831094730934596,4.582074184940286
13.367164132080543,6.075347125711412,5.269660260539649,4.831752945949241,4.582703051233726
13.361405178701027,6.074512506291066,5.270041198759412,4.829765604551717,4.584015410659165
13.356618762738776,6.072493209983364,5.26881798325163,4.82805644309882,4.584908798246673
13.349856737341716,6.072828321702181,5.267547972443966,4.825983272558261,4.5853914911555815
13.343444953872359,6.0723636877860905,5.2670423602769745,4.827049114913018,4.583476706213822
13.338952864277237,6.071609369050683,5.267051355151929,4.827260895552139,4.583277828912749
13.332686312227365,6.071807822549199,5.267781755292272,4.828662710735597,4.5824606195989865
13.328606343090087,6.071332006526172,5.269232873988331,4.826575680424396,4.583025804677404
13.324329225866645,6.0711647819828345,5.268888006697188,4.826551312440866,4.580967645029406
13.31990871543827,6.072090703686853,5.267899373839462,4.8273074584028715,4.581067680418938
13.311923502448076,6.071650349451397,5.270148667746676,4.827316027558492,4.579906669205534
13.307583412603769,6.072726323109215,5.2720886474233035,4.826090414606046,4.57953124552386
13.300659411700805,6.069804949546928,5.269983077049256,4.827653653941938,4.578805997478428
13.294755590299557,6.0690875380298595,5.270057067430499,4.82707034173559,4.578764811002729
13.289697482472373,6.067802033963657,5.268469658990701,4.827914556222303,4.578262306395031
13.285278914056242,6.067092918180604,5.268141320343358,4.8284012534466045,4.577732582857492
13.281066379490522,6.065652961193277,5.268088084300123,4.828831969453602,4.577798385648416
13.275182827137135,6.06420475853814,5.267613473468357,4.829905667834812,4.577448659119782
13.268253931632408,6.0631374734393235,5.268406309672361,4.829885048626442,4.576600787907663
13.262976332288373,6.064281930599466,5.268489000540188,4.829010401729995,4.57541250302133
13.259430028695975,6.064445636265398,5.272351956648812,4.8288374660992694,4.57618463426213
13.252203632349119,6.063115652250085,5.2725754595294445,4.83019943581414,4.577618976755943
13.246942932465497,6.063942149807425,5.272403714586707,4.830352223270079,4.578156920741586
13.243935943525093,6.063049939585502,5.272239016716351,4.830258915952999,4.579900278043817
13.234601699012465,6.061829336927084,5.2721692044014805,4.8286192207392356,4.579994681294013
13.228600613718326,6.060940403191272,5.273059511603583,4.826702885536987,4.580981757944534
13.220877960411428,6.061494025570608,5.274300024174807,4.827490220641532,4.580720440686098
13.215860221333747,6.062052384258187,5.273113959027032,4.8267309067023065,4.580332749777467
13.212574910839514,6.062643455694437,5.273958898146716,4.826519693299563,4.579698363128974
13.207371788774516,6.061109035469733,5.2732052105483005,4.826702422276681,4.5783400160777
13.204232212415961,6.059691291215808,5.272432170981585,4.82497704098391,4.579240184883739
13.19832295430243,6.058748218248475,5.2715972757131855,4.825441179843011,4.57958800491643
13.190721367407535,6.0577084285625515,5.272665586678878,4.8253367900848385,4.579360295724178
13.186510332413935,6.0557692792757205,5.273198574565772,4.825335956689417,4.578327935959944
13.18216577499588,6.055164337158203,5.273091692111396,4.824167082075439,4.577838797100706
13.175656284948792,6.053660368678545,5.271695807554677,4.822885332685528,4.577676230178767
13.16658847132746,6.056061903406633,5.27091149328765,4.825097823692674,4.577531105503225
13.1591821107933,6.056006632605903,5.271172621267305,4.827748499328284,4.577402947103377
13.155786466324466,6.0544405161649335,5.270058571949773,4.827583305109506,4.575134891888191
13.14734608952592,6.052897360950837,5.270545473399771,4.8275286836637825,4.573976299513019
13.143106197559389,6.049948097983199,5.268912021273528,4.826638800025328,4.572659184734596
13.138265761865226,6.048508801003212,5.267981433390889,4.826409748183811,4.572551693527483
13.134802580560956,6.049109456879752,5.268372663429806,4.825714292866843,4.5723955832208905
13.126560772366599,6.048116420032975,5.26800999627814,4.825653413222962,4.570906300007362
13.12093044821693,6.047782715908822,5.268378262166624,4.824311247578374,4.571478511193539
13.113768990653677,6.048874699713326,5.267883231256628,4.8229120557711775,4.571199283152183
13.109406080435622,6.049686565995216,5.266552689739249,4.822690233926881,4.572488178922371
13.103856203742062,6.050469138774466,5.264706302534604,4.82189244513816,4.572530422143057
13.09878242252231,6.051561057061042,5.266226496980143,4.8220446808817705,4.572300955188848
13.091836645377239,6.05258938547914,5.266382754945013,4.822220553097327,4.571481858486839
13.088164041944816,6.052442065066537,5.266297105341981,4.821449137340157,4.570255441854229
13.083653703563137,6.054253028713598,5.266162649700773,4.822270266596117,4.570783284890803
13.077835105170667,6.054462183025521,5.268017911239409,4.8205487637452675,4.572665993596466
13.072978326204625,6.055003977693754,5.267392953907555,4.819491392784816,4.572205330249126
13.067290056287572,6.0559496122799565,5.267373348220011,4.820312266604284,4.572115122602227
13.063049850758128,6.055741132225261,5.26816597961276,4.822160769311442,4.57115165615483
13.056730297767148,6.055881482880323,5.266999353547724,4.822919998850141,4.570350577851303
13.052328123746218,6.05428490138554,5.2665561035796475,4.821995262666182,4.569605756973053
13.048551457554268,6.053180943654236,5.267672177133614,4.822288538823581,4.5709188707048
13.042260765198051,6.053064110222555,5.268335006559576,4.8230399762902465,4.569662192210327
13.03674783348041,6.052528356111149,5.268441838474327,4.823561116845495,4.57024746186886
13.032898821320089,6.050893503037878,5.267753000882803,4.823299542255959,4.570551702143917
13.02904259827402,6.051457693841722,5.2690109458234575,4.82365921040376,4.571853095624182
13.023183742607847,6.051808060290248,5.268466219988015,4.823791790603765,4.5704202284925355
13.018675898581,6.050428468434764,5.26666833687357,4.824598041928046,4.570718784741747
13.014142754661592,6.04948369892801,5.26672840777934,4.822584808449857,4.5693828492408635
13.008164618555353,6.048554938801086,5.2669425906397365,4.822899643887473,4.569418683565782
13.002117963988205,6.04779579294139,5.266832181996312,4.822839002938106,4.569767117664732
12.998240662015174,6.048833464131211,5.2668793247422565,4.821991482385262,4.569947349466896
12.992126540271911,6.047136466801576,5.26547512489959,4.821344626163026,4.571988749536884
12.986780915286515,6.047393477225041,5.265143034877358,4.822145465966109,4.5712997543287806
12.982136720492516,6.046560013408687,5.264035449270032,4.823079024159205,4.572263392237806
12.978488423726331,6.047056058334977,5.264101633307052,4.823372791891229,4.5716052450545845
12.972015244527,6.046655047608466,5.264509559166904,4.823844366295393,4.570975291582204
12.968631157458153,6.046783919542865,5.2647058221160385,4.823066202017779,4.571671049125859
12.96306524172649,6.046157939697515,5.265191634387632,4.824109507452742,4.571193425424427
12.960056764228467,6.047374884504063,5.265543078206865,4.825269782250843,4.571379844434255
12.956598163137631,6.047992160693318,5.265455066265703,4.824366365160261,4.571326503948289
12.951179541323496,6.046862428602965,5.268000866407934,4.824601090472678,4.572352596923061
12.945347659785194,6.04494734793861,5.2675631942386705,4.824596697472168,4.571700901318761
12.94274978779842,6.044604737584184,5.2683134369733855,4.824297790604878,4.5715373599432345
12.938429220119575,6.0437631019881355,5.267948371954312,4.825717108498084,4.572305880960818
12.935003849622365,6.04422377831227,5.269034272915608,4.8249341590984445,4.5743810579583455
12.929447240353275,6.043556691503074,5.270175191233194,4.824565426701637,4.573806914240725
12.925407379463998,6.042989834299627,5.268544909125068,4.823586516624513,4.572541765125614
12.919742926293395,6.044471770244203,5.267976418157605,4.823537004427185,4.573007016291047
12.915322562058767,6.0456121519047725,5.267986202111808,4.824195665697897,4.572419628020255
12.909649880300432,6.045922448331078,5.269699474949165,4.825356366970395,4.573143742068502
12.90408748020755,6.046868213060394,5.269559914560804,4.825870035800474,4.573355873532334
12.898451079326462,6.044863435957167,5.268546338700546,4.828177934669586,4.5732719671614515
12.89425190821051,6.043864743594817,5.267605578198152,4.828235827027795,4.57144717131069
12.887088981903442,6.041720761476117,5.268962704769282,4.827670670319622,4.569795722477585
12.880425238927206,6.040709079742432,5.266967168490092,4.827220448176066,4.569353595733642
12.873755980109406,6.041446742300346,5.265727143154322,4.829017270897105,4.568633819229594
12.869712763010188,6.04126950083895,5.264446999481383,4.828973031424462,4.569720942289271
12.864024664459635,6.0412003376569405,5.2650824058578305,4.827431152857949,4.570133463161716
12.860208425977186,6.042460797636199,5.264792782242165,4.827963918526546,4.570397550926916
12.854481738134725,6.043182193680315,5.263808442109468,4.827232389576388,4.571027955945754
12.848055770788243,6.04543615270544,5.262535074715892,4.826194830357083,4.570819641547228
12.842330329799275,6.044143107954703,5.2637647539967745,4.82738686080338,4.570019723874575
12.83728233239267,6.044648013202999,5.267838989839076,4.829015338326507,4.569231721530803
12.832624224963082,6.04401310693291,5.267085386673295,4.829238062005426,4.569869473046465
12.827886988614734,6.044259225067339,5.268887167541604,4.8291553318500515,4.568969161573209
12.82418936843471,6.0425913763108925,5.270129505500844,4.830136395315303,4.567462186462462
12.819227164185891,6.041839968188229,5.269625610879713,4.830006599113384,4.568576073396237
12.814456366617746,6.041605251332254,5.270427889780167,4.830597669081482,4.567484574111698
12.806597767700076,6.039544972449697,5.271109297325474,4.831125562415697,4.566734390108997
12.800349889393726,6.037301666284698,5.272246717004215,4.832838852888618,4.566405185998655
12.793647090075222,6.037340238262406,5.2718382239652986,4.832591780483256,4.566508339839567
12.789399551132979,6.03794566593394,5.271326511748611,4.832537058901134,4.566939151271536
12.785806866983572,6.0371880736202,5.271614190501471,4.831990868163605,4.567111428206165
12.779447662814851,6.036758866824782,5.272277343102642,4.83122104941171,4.566900165245344
12.774310858218701,6.036207277743848,5.270961953138376,4.8306669808053355,4.568593638283866
12.768037848590104,6.035016988811171,5.271531686090155,4.830837947076088,4.568030124817686
12.762514091526288,6.033939152801593,5.270905646326629,4.831253294808877,4.56724977215337
12.755430302367019,6.033576653814871,5.269484311766335,4.832930117344332,4.566318175462671
12.751504347921959,6.034223523250846,5.270586703482833,4.832121396557613,4.565559777178506
12.745914756405739,6.033983438553348,5.271765912886589,4.833016515854866,4.565695983517554
12.742484518547649,6.033297904987925,5.2724023224766725,4.832340112359254,4.565441613959283
12.738645317318204,6.034130659803,5.272467762653739,4.834774727066511,4.565476535369991
12.73442212045959,6.033529640163431,5.272779210674119,4.836021913967279,4.565894525277891
12.728897943729308,6.032107662940362,5.2733846087204785,4.835579948339597,4.564675526992347
12.722868999456749,6.031823032330244,5.274020630579728,4.835089882520529,4.5643360437491
12.717552426224634,6.031421777380872,5.272178167570263,4.835586849156476,4.563141870437603
12.712658442499693,6.030437771316684,5.273250537760117,4.836392785886974,4.562932409593821
12.708482868369968,6.029309110775457,5.274263266859384,4.834935529326418,4.562743387307548
12.7038304142806,6.028990146456932,5.275080013640073,4.833895061089068,4.562787128346307
12.700908388149966,6.0287111774371684,5.2750310253945125,4.8330202710097,4.562565652276301
12.695330116888343,6.0282755668533365,5.275176502062771,4.833459138870239,4.562268734584935
12.690654438968838,6.027954989194567,5.274202961782336,4.832102026690976,4.5628836260968875
12.687029454308718,6.0269525807521065,5.2758592451889506,4.831727930737026,4.562896707941433
12.684759294125517,6.02528097118866,5.273672923691222,4.832673439054888,4.561574999068324
12.681289546700972,6.024513036993485,5.273808335956139,4.833113587657108,4.561703955674473
12.677523954779701,6.02584453901057,5.274707682967638,4.833472523767638,4.563063994370278
12.675231149100293,6.025521937042776,5.273500158630236,4.835606398004474,4.562519613841568
12.67229691549929,6.02432481578139,5.274596664974698,4.835364693500956,4.562145484200341
12.66689089924022,6.0247564760203325,5.274841748497048,4.836160334291626,4.562144986027734
12.663515805298427,6.023444660954506,5.274198420242693,4.835226498609819,4.562519397675616
12.657860912270282,6.023160110166923,5.2720238174026335,4.83691216353795,4.56293350757666
12.654676801736562,6.021814054946229,5.272169015637904,4.836401544520666,4.562417523624607
12.650697513929286,6.021649276403556,5.272567860165933,4.836494374693486,4.5621766168670845
12.646203015414585,6.022434860654409,5.272967948483884,4.836892397740905,4.56367766872067
12.641411963105202,6.021756516695023,5.273072190284729,4.836463689804077,4.562835794687271
12.636724778626593,6.021644908985991,5.272111119997784,4.835952370056647,4.563281050930904
12.633093115100243,6.0200439462637965,5.272818439916482,4.836336691183342,4.563636223276951
12.629256257381416,6.02015858658521,5.273180544153691,4.835820353639823,4.563725640735175
12.623811162526335,6.0184269805452715,5.272576060461168,4.836542717259915,4.56432945040328
12.620927763873746,6.020012883369967,5.272086253669691,4.836800321140645,4.565038618241778
12.61920014031176,6.020354157937668,5.272920523920367,4.836775887988638,4.565757840797859
12.61542259686646,6.017788152860147,5.272656883301197,4.835852793749085,4.5656533589888975
12.610141144530608,6.018702050541887,5.272217501508127,4.836024862704891,4.566783592252448
12.605837459469903,6.017533870798401,5.271990365828808,4.837260947681328,4.56716366839792
12.602335707935286,6.017578295425133,5.270465187378871,4.8383969954502435,4.566524226577194
12.598396113709663,6.0175983059127,5.271853101826772,4.837747601486751,4.566916354046503
12.59457264686453,6.017046994470023,5.27076886322698,4.837162864619288,4.566413350293201
12.591986035068976,6.017332218083362,5.26908227233136,4.836972952768812,4.566714392963517
12.586005411804162,6.0181554632046295,5.26755005604512,4.83783517481361,4.566009961416446
12.582062950017262,6.018457630660636,5.270478831332154,4.837987967649121,4.565867371354367
12.57867411830846,6.017254842554822,5.27330025621489,4.8384664719011266,4.5658751235288735
12.574343260528115,6.018784658707487,5.272482751778611,4.838281580692698,4.566198819416098
12.569182026940044,6.020100814206093,5.272778403205218,4.838746732487946,4.566504987935857
12.563223789899777,6.019848646843972,5.270522627929482,4.838369524377024,4.566690283089476
12.559888557108437,6.021793695484719,5.271151530742645,4.8395262421631235,4.566357029356608
12.554578256084335,6.0221473084588,5.27060275391452,4.838879577134907,4.5672548453206705
12.549675937986722,6.022414341750226,5.270301076037461,4.838469541275878,4.56677610972792
12.54745681085969,6.022601637197149,5.2695006058253755,4.838938428593725,4.5673159544841635
12.543742705317376,6.021290104655386,5.268507457763246,4.838399855835924,4.566071540695949
12.541453685182514,6.020991830247821,5.267266181310018,4.837221662058975,4.566174126538363
12.538175749143734,6.0207193841657105,5.267414840312616,4.836543056924464,4.565344022203589
12.533902518838609,6.020401455038548,5.268185473410942,4.835862777541598,4.566155184857647
12.529768632805865,6.021009200149113,5.268676532351452,4.83744887597319,4.564770576170677
12.524415411908894,6.021313068231138,5.269062153536678,4.835921145463306,4.564012199604324
12.520699907785438,6.022148188338222,5.269172203971679,4.835122631831341,4.564781205625419
12.516140806976209,6.024034075788642,5.2693296778503305,4.835776490281492,4.564385908175031
12.512250995406738,6.0221902289642735,5.2677482810731115,4.836297746461171,4.564751469745086
12.506109189014046,6.021887485863639,5.266785855482177,4.836527575393255,4.56354862616128
12.50289785547508,6.019595328852427,5.267579427725977,4.83550632914765,4.563694767528872
12.497359698975158,6.020461925061163,5.2676128869998955,4.837367151169006,4.563670784841754
12.492398017331174,6.019277224415227,5.267625851779464,4.8370522371889875,4.56286251972737
12.486895111156906,6.018351697010236,5.265976640058675,4.836253318592924,4.562759554656745
12.48233653025297,6.01782085758974,5.266094370218336,4.837461500862049,4.563367982752852
12.478931376988044,6.019284187255514,5.265060822358433,4.839184713022644,4.563476615639779
12.473933850015912,6.019439070281528,5.265115138746443,4.839110871439888,4.564251812015261
12.469764017746932,6.020237124632429,5.265209806659985,4.840248037887101,4.564695148774192
12.465445704244944,6.021151339639677,5.265693104748488,4.840338362367589,4.563744085135199
12.46270356116063,6.020374253127074,5.264538516919101,4.839575957856003,4.56324261928934
12.456452095678067,6.0194817066757595,5.264300463606396,4.839928026730416,4.563921802416797
12.451470953472972,6.0200482924309,5.263991200994457,4.839264333318677,4.564495802772115
12.446222725207642,6.021307845769481,5.2643967291987535,4.839773226291575,4.5644763908205865
12.44136778269636,6.021721160116274,5.263990882718155,4.840607889427626,4.563311093813413
12.436695968767381,6.021968075970434,5.26319437909801,4.840098748510739,4.563241837159643
12.434618456203609,6.021289785281789,5.2629559270344295,4.839546585813147,4.563970609604259
12.430659126393936,6.020568286390866,5.263722083428327,4.84023498507107,4.563255144848543
12.427242907177828,6.020607182618174,5.263045514092182,4.840890406721767,4.563167540923409
12.422598287533146,6.022337400017769,5.262608938094036,4.839503356268708,4.563154450324779
12.419285135280346,6.0230527497120505,5.2630209562227845,4.838147662868254,4.562544639057459
12.416206957863979,6.023231746720486,5.263491350537999,4.836244152357204,4.562902773012881
12.413194217458804,6.020788548843205,5.263735319159881,4.836346351612381,4.562328749372248
12.410571852020015,6.020049431892199,5.263949303147949,4.8362092022026815,4.561209542171977
12.406392524234056,6.0209002102548075,5.264451900190623,4.836250349966202,4.562846840332102
12.400790373484293,6.0224764288722215,5.264100651918869,4.836343764980912,4.562869291483383
12.397986987139488,6.022599627447073,5.265612492600198,4.836387501329149,4.562952056058766
12.395186310036237,6.023842316172844,5.264510134486265,4.835882396753444,4.5636298301608065
12.392303028173147,6.022372920615609,5.265179427797094,4.834960845843148,4.562957891603795
12.389265491901584,6.026061785193441,5.264812122918061,4.834882326026527,4.563543272682243
12.384634862216847,6.026050382804208,5.2650861494234515,4.834886704784141,4.563441707527098
12.379733764463001,6.027082127277498,5.264742321162312,4.83433965428008,4.564810752868652
12.378195758224223,6.027947488409936,5.264512226071661,4.834274479143882,4.564883059022055
12.375956040882349,6.0287123654235595,5.264877256840537,4.833450839646144,4.563865428708717
12.37191037240738,6.0288109259621905,5.2650584632825135,4.832962584193052,4.563799848743513
12.366781649501643,6.028426443651525,5.264809522485953,4.832705466703336,4.564961728412435
12.361910811776534,6.029520674322499,5.266285491071993,4.832967580667985,4.5666872053069545
12.356786813955198,6.028320574760437,5.266037514291961,4.833412691368454,4.56748381811997
12.35411498193489,6.027476575426612,5.264898810129352,4.832290230607604,4.5694646797004985
12.34908500177051,6.0291855337969755,5.2642189950571145,4.8330560649206875,4.569700576843472
12.345718298581048,6.030424156003255,5.264896827874725,4.833553118667515,4.569942691208707
12.343196911451745,6.030928192476932,5.264140352504477,4.8325562155219455,4.569626631944076
12.337895253862653,6.029836265836443,5.263585310527256,4.832017847333636,4.5701618663242884
12.334899547437555,6.0299397573623486,5.263648208145682,4.8324870965252185,4.569323882392553
12.329116150889728,6.0297511450377135,5.264431531236272,4.833648491884447,4.569852829795063
12.326739548550652,6.032108110556027,5.262882913435239,4.833359360423338,4.569562681986693
12.324147216289116,6.033801954082797,5.264359351853598,4.833304672111017,4.570251423886747
12.320887330987237,6.0333235131068665,5.262711043791337,4.83509474938566,4.570633550394665
12.319607857542872,6.034045324152363,5.263440408176245,4.835171767720841,4.570267449713457
12.318578408148284,6.031866538281343,5.264554850909175,4.835100252882423,4.570414859151083
12.314883603110049,6.032496656188878,5.265205292037497,4.835460689302749,4.5691899467567625
12.309831599843987,6.032478921283964,5.2648772195453555,4.834142366685479,4.5690919104205
12.304182830099332,6.031302732532307,5.2645083082597806,4.835072751233807,4.57057708400791
12.299960202611057,6.031982082545623,5.263935694576117,4.834741113955496,4.572328003749891
12.297998596608572,6.033179462963995,5.264120234174417,4.833682433056321,4.571909001607368
12.292526677385107,6.0327841062266545,5.263594972120749,4.833797687077308,4.570962805200267
12.289006638178273,6.033532279146535,5.263983218018196,4.833407325068797,4.5709464555382056
12.28620339136445,6.034620853220479,5.262942786163158,4.832539370622528,4.56941396440013
12.283363177987729,6.035147390515449,5.263198618669435,4.831838458743026,4.569724989793651
12.280451584824531,6.035801251105664,5.261510144969273,4.8329949611505585,4.569540114413463
12.275252166547274,6.036661280763377,5.26200382867025,4.8327467137194695,4.568182321571957
12.272891099554313,6.036388193734274,5.261642010686648,4.832788850103715,4.568703378340275
12.269175816647833,6.037385477300463,5.2613966025453704,4.833072256109568,4.5691550313427465
12.264965683754001,6.036190455779433,5.26056812277862,4.8331530676888566,4.5678597797772715
12.260197584179865,6.036723878737145,5.260387130937183,4.832465024297453,4.5678313559911725
12.25732910712737,6.037448290727187,5.259662153460666,4.8300570358412305,4.56858573485589
12.252668476210818,6.037702145910634,5.259656819140951,4.830346886652861,4.568155034365458
12.250397363238864,6.038357419172923,5.259916716681587,4.829913817511665,4.566874279181163
12.247211044557087,6.037587634466597,5.260522107305325,4.830983961594356,4.567716804646229
12.244165354980334,6.037670841502509,5.259688874306013,4.829785873250263,4.568507523600119
12.24298473687663,6.038400844086048,5.258981494544485,4.830741562056515,4.56763810176786
12.236473347760935,6.037839770580815,5.258676332710063,4.831087958232492,4.568364401570464
12.23239790721493,6.038683693975375,5.258533361866988,4.830791896219411,4.56850519101264
12.22803342105537,6.036671957169673,5.258757648615385,4.830293178821504,4.568228849248907
12.222377316034352,6.037039437919625,5.258716177914082,4.831813828290626,4.568163209608135
12.218553188613859,6.038711114339367,5.257989441770814,4.8332219971959285,4.568599354065462
12.215239971253213,6.0401201130139945,5.258245035891224,4.832556841265906,4.567569903152348
12.211074231221126,6.0398520241726885,5.257500777925764,4.831541883814466,4.566825691422263
12.208068157263043,6.038344341627722,5.257317715235521,4.83195580635322,4.566127489741103
12.204429797436061,6.036877335425009,5.257717590582998,4.832102892953053,4.566535505809282
12.19852360342053,6.037312178857225,5.258017951530799,4.831087590569604,4.567490810110169
12.19602254965634,6.037996751474343,5.258448734846887,4.8303866373370985,4.565764393535171
12.191634050483913,6.036715388428318,5.257164684670871,4.830705360506402,4.565932290801585
12.190651157016838,6.035717695300756,5.256995051708804,4.831170300469128,4.564557952391529
12.186861057447894,6.035485178459692,5.256650808203311,4.831846849998965,4.564856768174415
12.183837113037608,6.034899763292217,5.255995734324902,4.831117967374964,4.5648517299581455
12.179478521315914,6.035048121856009,5.25575927707394,4.830500251190966,4.5641804483432376
12.176413006886191,6.036188748349314,5.255427376602007,4.8287973650123766,4.563776263465052
12.173242939152754,6.036786735122548,5.254215298465228,4.828975550385433,4.563967747745244
12.169874695531718,6.036195341004725,5.254194884393324,4.828879454389312,4.564452957951842
12.164107004973637,6.03539068262342,5.254424996133228,4.828294365790915,4.565017255388386
12.161607047180077,6.0348762761462815,5.255187873200421,4.829478587165023,4.56468119146504
12.158598904480804,6.034803930488793,5.25480251054506,4.8290743412842625,4.564528823027739
12.154230678570709,6.033901165937502,5.255361715094317,4.829484009845725,4.564721192963438
12.15069213371318,6.033644373491486,5.256563040559475,4.829408513689504,4.565106708255015
12.147488365399427,6.033493741576014,5.25679341729345,4.827987724337085,4.564944658299972
12.144082099680496,6.034974757513779,5.256937871323207,4.827126993686442,4.564924948952042
12.1395643162471,6.034852088651349,5.256435312763337,4.827173761654926,4.564343239671441
12.133492018047132,6.033829409633108,5.257719519315037,4.826274898203308,4.565308570349639
12.130522461919826,6.034350911179326,5.25716085341867,4.82621057734469,4.564837992958757
12.12587877868456,6.0346218819020265,5.2582013727128825,4.827906722807808,4.565502722291446
12.121844474457571,6.033895234990171,5.258331673048293,4.826851027170136,4.566918085678231
12.117936352612501,6.033684912849875,5.257688681454582,4.826767307679283,4.567595343156294
12.114197673960629,6.032998635473414,5.258346217819768,4.825083504884671,4.567069211576739
12.109931722903582,6.033660027362494,5.25823689423096,4.825569553334533,4.566768132762441
12.10800373122128,6.03406096953573,5.258450708409616,4.824157259611687,4.566505053404297
12.105899031804647,6.0343037801809585,5.258452410388171,4.824448422248117,4.565892583645952
12.102361317898366,6.033790993944128,5.258518779531438,4.824442012005664,4.565278702340228
12.097651696990578,6.0320477650345445,5.258480405452781,4.823599139638206,4.565040331717886
12.092926943631182,6.031786165166559,5.25848654020111,4.823736910860503,4.565445111562239
12.088661879522297,6.030046724185964,5.258405279380013,4.822335438156937,4.566372547018187
12.08663545927759,6.031937465576802,5.258607281971786,4.821976847820363,4.566702533323886
12.082274215940446,6.0336856541810215,5.259053455837189,4.822557908265048,4.5663993969165455
12.079400125064003,6.033195798291213,5.25865021064468,4.821908388026925,4.565045066162093
12.075642362189772,6.033208896139481,5.257900364925139,4.8226731568732255,4.566463972220577
12.071631614668963,6.035102906860883,5.2586015382396525,4.823212844158527,4.565570913789644
12.07021731847958,6.034473111933476,5.2609369903017775,4.824402237591678,4.564924898840982
12.067492994007312,6.033869148806522,5.260682072890432,4.823830274029782,4.565288179297196
12.065756009580209,6.033533570894307,5.259541259829805,4.823894848958927,4.564181982405429
12.065928986092576,6.033527129588007,5.259096228274979,4.82511590283458,4.565221567865179
12.063208418903171,6.032473456321708,5.259543472422132,4.825584530955472,4.564746591752123
12.05781618704086,6.031634015607134,5.257816795782973,4.826386942303656,4.565621646195337
12.053876913280387,6.031641362724504,5.259285328400697,4.827984809126529,4.566144712308314
12.050743992358571,6.031132604038366,5.2590567743927865,4.828228004557318,4.565713894167705
12.045261922674866,6.0320309967332,5.259474331557813,4.8283230745182015,4.565601845395478
12.04126631043898,6.031259641020183,5.259866272731216,4.828201382294577,4.5648261918404405
12.038177313720098,6.032163539693552,5.261496600816347,4.828661956180497,4.565819934212502
12.034012029071649,6.032759333898624,5.26186627621452,4.828993884970744,4.5651923678815365
12.030052843500746,6.033117095588025,5.262761914147051,4.828011038152038,4.5648175350213025
12.026621057684853,6.033480189446352,5.261685666572031,4.8278512406993555,4.563807933593242
12.023385849573407,6.0332240793440075,5.261758725343587,4.827874018024433,4.564626567955453
12.020009071005825,6.034338289029371,5.261493481788398,4.828351230789517,4.565624689165487
12.016993900654848,6.034176315791866,5.260048133474558,4.82841454219324,4.566512097966486
12.014275311436466,6.033233046531677,5.259171991861631,4.829857196620286,4.565947631377858
12.013240109555108,6.0333409839480225,5.25972008039441,4.829469804310133,4.565030749606001
12.00859185782346,6.033068705442523,5.259497479466368,4.829593819281286,4.567415250480668
12.005469002344784,6.0333624080484745,5.260067904819768,4.830302933544321,4.567162986879378
12.001319989961447,6.033863124404986,5.258538554624184,4.829999369444306,4.566443535716263
11.999611199945672,6.033533422635095,5.257907081460609,4.830468859657814,4.56515214175569
11.995183867682154,6.032786354851821,5.25760792680238,4.831389415166015,4.563739440078107
11.991440508863052,6.032486438996255,5.25739335254187,4.831696378731409,4.564783098763821
11.989755960950127,6.032329830790447,5.256698316372396,4.832385124122338,4.564372817104112
11.987825870513916,6.032768273720374,5.257040857412877,4.831925910313924,4.564717094225761
11.985805056622771,6.032474060771896,5.256713343204045,4.833483792963575,4.5649489755513235
11.982371550377461,6.031656957575584,5.257070698293961,4.83379390149424,4.565321345900318
11.980481630941597,6.032439696276846,5.256195379668706,4.834232324715285,4.566256292514762
11.976701027769844,6.0324161315719245,5.255301119236464,4.834281239251438,4.5655304937489305
11.972700311213124,6.033438154872583,5.254919916999583,4.834196332279516,4.564589458582352
11.968378527813366,6.033848891564466,5.255191478039025,4.8338836945525,4.564137904529785
11.965069705745597,6.033917756041781,5.254519060770023,4.834049497019735,4.564419843514437
11.959921554534384,6.034805936949178,5.2536159898111805,4.8329028697610505,4.56455003742284
11.955710287016581,6.034907050006758,5.252778095200779,4.8329117213322865,4.565859798008834
11.951286911843392,6.0364274046747814,5.2525742954409065,4.832018680862969,4.565303838313533
11.948519196519987,6.0354877686162025,5.253083254937952,4.831942607132948,4.565060070030104
11.946205751270266,6.034755538420595,5.252933999083808,4.8314209481986214,4.56439751066577
11.940580188986743,6.032939286608445,5.252320183674816,4.832018574722382,4.563623288865031
11.936238733895266,6.0312044408372,5.251449976700261,4.831581292668296,4.5631426178649654
11.933812270983301,6.0326947604767,5.251476224504336,4.832501184097445,4.562963264157074
11.929848496295609,6.033709943956131,5.250658278027409,4.832161069036613,4.56366940776467
11.92540496539685,6.033960145567694,5.2510850489620235,4.832945494882522,4.564110275718473
11.921193773532803,6.033227835296985,5.251318381512153,4.834314079803282,4.5627998470179625
11.917083490302625,6.032605463590181,5.251365119302776,4.834617333153124,4.562845968864333
11.91316836706957,6.032160369595092,5.252050890275582,4.834429728445695,4.563701355037977
11.909551816293035,6.030859693705318,5.253261001952681,4.833239848594589,4.5644762142595035
11.905347726529197,6.031222331248889,5.252499889586132,4.832162281933615,4.564575493754212
11.901790505181811,6.031272747473631,5.252388153620855,4.832450010733519,4.564071508113273
11.898747795456284,6.032262768473353,5.250834927783237,4.832863108173863,4.563590256420819
11.895599264144897,6.032263495206833,5.251697259664535,4.833806467294693,4.563031090259552
11.891735353193559,6.032619832398056,5.251449364644069,4.833456121124588,4.562344766639686
11.889261085830048,6.033592349516893,5.251238467212684,4.83309072672488,4.5622708485749905
11.886212791070148,6.033795234807586,5.251180154614054,4.83346718424933,4.561896030591468
11.884789787915599,6.033673926891084,5.252303264768,4.832583540701771,4.562188684940338
11.883690240964368,6.033454268963183,5.251385800992671,4.831931504444103,4.561743258243769
11.879373182122324,6.033180189654083,5.252160540868937,4.832329940843298,4.561793466448547
11.875386159966931,6.033856268554127,5.251991495712038,4.833033881570993,4.561598237718584
11.872933511223112,6.032967371363489,5.252554959011456,4.832907744579845,4.5624809343190424
11.870439493975153,6.033539137589801,5.252546081930488,4.831779924445629,4.561832200665658
11.86735199701668,6.033115247924729,5.25180755251705,4.83126448050584,4.5623957076875294
11.864057583813615,6.033355529183332,5.25027019616758,4.831158699079036,4.561661933932885
11.861400810155002,6.033238003140853,5.249674750175401,4.830745035245013,4.5610431065201285
11.858314706683748,6.033535131461999,5.249735270883347,4.8313542304363795,4.56041728755917
11.857725941452989,6.0319409810109486,5.249524557849124,4.831403789435618,4.561370661743059
11.85542413072633,6.031252257107514,5.250443311277869,4.832490567503305,4.561076020724668
11.852255076404631,6.03029822434966,5.250547345933013,4.832487428986181,4.561395649130889
11.851023568516284,6.031168604553508,5.250863582804257,4.833213259688521,4.562342465802983
11.847800183155682,6.030713986085768,5.250349485803915,4.835535384114459,4.561991568632819
11.845168419277352,6.030598152608001,5.25015170323837,4.835631480745759,4.562088243158806
11.84081813915103,6.031347757928511,5.249745160691878,4.835630284804924,4.562408239934959
11.837455118554812,6.031807010484372,5.249927048818605,4.8346667534924395,4.562660508478073
11.835861968900826,6.031623421116584,5.249228285483418,4.83462303328654,4.562165442044955
11.830038001693472,6.032833934879023,5.250488646452261,4.833951257191096,4.560653470478449
11.82598673272878,6.0330880370456725,5.249352375278249,4.833024015650153,4.561136482516304
11.82334266290432,6.031996711870519,5.249210669587298,4.832514153922476,4.560775243945238
11.82154189587569,6.032844859721832,5.2483122160560205,4.832369674716079,4.5603852009447925
11.81815925011268,6.031974914359489,5.249526447539436,4.8317309591298905,4.5608518717932025
11.814250232180733,6.03126164563435,5.249716207443044,4.831991731888589,4.5599558875254615
11.809773775532596,6.030857385305437,5.2495704408521435,4.831326275687408,4.559117139254645
11.807370115946798,6.030822202302877,5.2501727731482495,4.831112131563205,4.559064211428744
11.80353849126111,6.029840533879056,5.250352270503742,4.830372022264334,4.557548822417754
11.79914350934731,6.028872506794079,5.250495770411898,4.829777304054231,4.556714162346005
11.795616238530354,6.028890062971014,5.250509704071001,4.829663762741606,4.555829735023816
11.792960023972237,6.029960929079259,5.249656279958655,4.829408542330537,4.55535456935949
11.789351788580706,6.029175218176727,5.2493318426436275,4.829375805140693,4.554870769943016
11.786254334173607,6.029387002055709,5.2486479823193495,4.830505972663408,4.554635596091223
11.783774932302183,6.030889892532143,5.249187918040423,4.8298827339621155,4.554816469966848
11.781504705462153,6.0294060034099575,5.249080155166817,4.828643690184592,4.554127709943665
11.779858115547775,6.029627966811957,5.248712589467685,4.828615510085091,4.554037457366077
11.776010759977193,6.030305176285597,5.249004005698057,4.828692554739805,4.5553659423039505
11.773203575874497,6.031417249144555,5.249686064110938,4.828955875006464,4.554758014184253
11.772809175978237,6.030532622978005,5.250799522518883,4.828598235024143,4.555013735783993
11.77097640855886,6.031043784387503,5.251471498668594,4.827774101341445,4.5550139236084455
11.766530969133779,6.031401556798781,5.251422453885791,4.8277359926837615,4.554917174280831
11.76361628308821,6.030727089649182,5.250973441612207,4.82717015070208,4.553756800336701
11.759947126271848,6.030619332484943,5.251342052027555,4.827636791688763,4.5544088855528235
11.757051373621113,6.030972671827591,5.251644215816071,4.827707969698318,4.5549866010033755
11.754099555142963,6.030932312020819,5.250891960531701,4.8278398668493026,4.555662837874799
11.748864214345316,6.030233479318901,5.250711960833452,4.827668348190555,4.555475284305496
11.746109241758074,6.029479119210016,5.2493575080235795,4.828080707277571,4.555183035759699
11.743736419078852,6.029717897937822,5.249024437678416,4.828009398974882,4.554533524018713
11.739877305556613,6.028535228038469,5.24961708276444,4.827539420399829,4.554159695884574
11.735441450153434,6.027888248901874,5.249526201150356,4.828264705136291,4.55468934100804
11.73286119629355,6.0276199923068345,5.250279621788401,4.8283290745411245,4.555008121640678
11.730351728737636,6.026828012647222,5.249619548806647,4.827519981782018,4.553928266769337
11.726193843014313,6.0269544018488945,5.249023887469913,4.826987534309879,4.55400324093573
11.722710913944153,6.027717985741463,5.248763688691066,4.826940974990714,4.553467661226935
11.719464697324035,6.028665193087212,5.248745975737761,4.826809864188412,4.553647976065854
11.716787652095835,6.028224115443748,5.24960954939002,4.8263379079874555,4.552915218081307
11.714110107691782,6.027127184283058,5.249450358129897,4.826022117542771,4.552852437406216
11.710684686871096,6.02669779811683,5.250078252303386,4.825641387594297,4.551999946229308
11.706805504423526,6.026656172145334,5.249538189722768,4.825769599997167,4.552755381652416
11.704574353943876,6.026217123078268,5.24982890495128,4.826315057131892,4.553673743528795
11.70059327254618,6.026181486988426,5.249600345254841,4.826003918522282,4.55317471820609
11.696571033549422,6.026512153383711,5.249586928954147,4.825273499018709,4.553552531972178
11.694265921612395,6.025636857043511,5.2489868362222785,4.8247646547392655,4.553498986738036
11.691228996623646,6.025438208387852,5.248204616262406,4.825418428941206,4.553673118771854
11.688435971067193,6.026304715804839,5.247787509294931,4.825334644049741,4.554556544577138
11.685447717404344,6.025371086943139,5.247113534955916,4.826590008998831,4.554705074058726
11.682112966074008,6.024855460630399,5.245697578091487,4.827220982257451,4.5550354050698685
11.679171091590831,6.026538656316663,5.245956116809008,4.8261376324376695,4.555767111195013
11.677683226652999,6.026212942466807,5.245805181674103,4.826150126644035,4.5557794488632855
11.674460601717762,6.02636373431907,5.244713712160763,4.825462793926158,4.555430363186697
11.672507813966918,6.026478115406782,5.244696542537413,4.826451052278558,4.555300487264352
11.670945596473162,6.025171599499015,5.244290644179943,4.826390725291053,4.555532550146413
11.668373812086964,6.024517353804138,5.243875645793503,4.827055146038311,4.556439558591098
11.664945593562077,6.02473382387542,5.243046597628651,4.826248018633135,4.557307785489322
11.661219729120965,6.025409286893586,5.2438887881878795,4.8267525045239195,4.5576786727321394
11.658655248382116,6.024198527906204,5.2433123964198325,4.828266490489051,4.5588537236957
11.65462208809676,6.022559310992559,5.243506794505649,4.828403772910436,4.558184196993157
11.650656648524706,6.021906604158118,5.243716868948429,4.829021450990224,4.557466713837404
11.648391464060644,6.021017489503801,5.242800524847344,4.828204306789335,4.556960334178481
11.645125020574005,6.02094086495573,5.2422251454790985,4.828216233301911,4.557920533424159
11.643034062702277,6.021064681540556,5.240923599343458,4.826989953588296,4.55895293374783
11.640100563945857,6.0222562093339205,5.24091092935905,4.826570138403897,4.558627602801345
11.63711080015474,6.021012824104196,5.240924589102659,4.8262379496576155,4.558139592464019
11.633516785850631,6.0211324715899455,5.241080396638184,4.827753989325824,4.557136885047288
11.630618722561527,6.020607270519523,5.2402511473525974,4.828046330415151,4.557448376408395
11.626901707154442,6.020528963884156,5.23972555800684,4.827420543157475,4.557276771526144
11.622881501311555,6.021232709315939,5.239667318720336,4.8275736185388824,4.557478401420314
11.621370270534134,6.02124254535252,5.239585641105715,4.829425993804862,4.557705092277142
11.61909043264913,6.023068476727594,5.237975204383934,4.829717288742136,4.558202468650245
11.615198963406101,6.022755725167808,5.238003433677764,4.829237574737005,4.557075357611639
11.612586835620608,6.021972680440551,5.238476185737624,4.828360044542134,4.557219515117039
11.608949073808922,6.020460452554433,5.2392700160475085,4.828115333922922,4.557464298047976
11.607364161606252,6.019524394378175,5.238687288587111,4.827947460386875,4.557793290293129
11.60538944072254,6.019859678873498,5.239437405804449,4.82809353917973,4.556902647453106
11.60263185336073,6.019614575556284,5.238473249914867,4.8281163813203625,4.556468571252944
11.599604105493825,6.018928759308486,5.238224505510408,4.828293664548698,4.5566602796722915
11.597522176829251,6.018671320785176,5.237565167600458,4.828806454918602,4.555902571461417
11.595554857228043,6.019136591460032,5.23806193435766,4.829987691815174,4.556775883692811
11.594397540966526,6.018823363387217,5.237090016017159,4.82996313584911,4.556704032442747
11.59032952817915,6.019100825784429,5.237298303588563,4.83019719897674,4.5565270402706
11.586816063825635,6.019255929451058,5.23759322365125,4.830734755681909,4.556478516131207
11.584333029699541,6.0196086070116825,5.237428116690519,4.830803686029771,4.556521236411047
11.580386798593063,6.0197913730769645,5.237961916983882,4.830709478954295,4.555865413888238
11.576201204146582,6.019385595201046,5.237286156324406,4.832525932584244,4.556264240028843
11.57410284457224,6.018306709153557,5.237763777536606,4.833487731455035,4.556089612766294
11.571034979669761,6.017836712844959,5.236868611964371,4.834832899628511,4.55624856316796
11.567964116087905,6.017476878509865,5.236563599217045,4.835308636416186,4.555584364753586
11.565808484620817,6.017653477073896,5.236383350125097,4.8351443039201385,4.556401315623849
11.563295255033232,6.017354443133306,5.236651024801268,4.835263324298447,4.556562140047979
11.559696795591233,6.0177552957097795,5.237852692925384,4.83483860027865,4.557570178339531
11.556669539994354,6.017910816725109,5.23883508608628,4.834169184498128,4.556597278832961
11.552697577284055,6.018784539047378,5.238447561392335,4.834678504926742,4.557582468836832
11.551446067389621,6.018576030876474,5.238060821769058,4.835751995390889,4.557545151120873
11.549192277042591,6.018307492683909,5.238414533456309,4.835292008911379,4.558497745433661
11.54717673683849,6.017928080609958,5.238617534927477,4.834854392544742,4.558142041690874
11.544756900848716,6.017375441722512,5.238911119074135,4.834305117660809,4.558099720923361
11.54099585882255,6.018466493700232,5.239307856134006,4.834646193896021,4.559517996013165
11.53781329383816,6.0178429752880715,5.240370500311056,4.833505812337843,4.558928891444823
11.534128461929566,6.017189034166183,5.240696670324832,4.833837227175367,4.559311982569635
11.53122035542027,6.018021392270272,5.241090221269154,4.8340845564488095,4.5601579675903725
11.528929799476977,6.018144591635232,5.240575463746366,4.835390959982346,4.5597076494498605
11.528110544840494,6.018481818940905,5.239960567474365,4.836078342649672,4.559502956178453
11.525544042062167,6.018812993703473,5.240699822695174,4.835625173567031,4.558428297246117
11.521423129138421,6.018804331638163,5.2403896005151545,4.836023046151663,4.558345185832419
11.51983732196456,6.018594212777225,5.240989100003073,4.835878679304258,4.559121747811635
11.517590239789234,6.01826725246845,5.240557942588948,4.835572895906582,4.559336837146851
11.51501415556511,6.017629843897524,5.239874181916228,4.83479390503031,4.560370866809271
11.512370953614685,6.018672871652901,5.238891900903245,4.834849753704459,4.560369146281276
11.509717449282588,6.018772783843873,5.238007437635226,4.834698362611629,4.560830807938593
11.507792139516294,6.018284665307216,5.238196906639429,4.8360247029105015,4.560115598727409
11.505272466669638,6.01822104382557,5.237911188623472,4.835385048620705,4.560018946043819
11.501966891099704,6.018541672786427,5.238085903050091,4.835387429686895,4.5606097246581765
11.499567739140819,6.0194489890840694,5.238042127498439,4.834221435264802,4.561297368835396
11.497175623894577,6.019125896267652,5.237254317224078,4.834195543824316,4.560893865248144
11.496242241197395,6.01907323512964,5.237269450574852,4.834216553632739,4.560897102255394
11.493966499057331,6.019529825977529,5.237053923485465,4.833949494717726,4.560772901674024
11.491976131890949,6.018787098140047,5.238004257386191,4.8342399425673905,4.561627764869154
11.489332830561137,6.018893306867581,5.238199113232331,4.83491714704883,4.561972003772946
11.487357831460582,6.020177539927321,5.2385895377491485,4.834988692178409,4.561628602223305
11.485368672318346,6.019749312888919,5.238505529084961,4.835995122203677,4.561312600800789
11.483341315826335,6.01987344755993,5.238497057161131,4.83590961127848,4.562429412261589
11.482212363580429,6.020972591508424,5.238083621612282,4.836782018170086,4.562834131665626
11.48009110037985,6.021079149753843,5.237611672849139,4.837073883669123,4.561976256794955
11.477046460199064,6.021869207738063,5.236417519911123,4.836927783936132,4.561241512207125
11.475220668606642,6.022144917619353,5.236331740945889,4.836460682573219,4.561549942044846
11.471543082161713,6.021722573835607,5.237099207412481,4.835665123684703,4.561816331093159
11.468092724344006,6.021814828333647,5.237123317096544,4.837097322007884,4.56181705246801
11.466300933698692,6.0220055051931185,5.2366112397092,4.836870895894479,4.562201298391374
11.464752387669352,6.021141780954268,5.238370783833994,4.83661797704796,4.561696748973595
11.462429304693641,6.020898794776341,5.238277134022709,4.835369787315441,4.560880343601792
11.459508744641441,6.021011392826431,5.2382121385693345,4.8356895940555855,4.561189927302778
11.4573351847661,6.0196134858317185,5.2386973184940615,4.83553887837893,4.5608638955401135
11.455112888738771,6.019667006487665,5.23838836367155,4.835711390708145,4.560474039980284
11.450738705739752,6.019526969387084,5.237853036013367,4.835402784413476,4.562035736382368
11.447826360791458,6.018881365631117,5.238424664951976,4.835599769376515,4.56209514486975
11.44584819836489,6.018863973173219,5.2377118770164905,4.835065084042685,4.562289028356978
11.443922542703563,6.018601860054608,5.237470936158608,4.834692409326291,4.562893726702394
11.441993675593361,6.018918761295249,5.237339982280025,4.832993869222925,4.5623852276370815
11.43727093021964,6.018361405743584,5.237704401172172,4.832148900130529,4.562526274055704
11.433817850344159,6.0186329669001175,5.238072809225921,4.83183028527815,4.562575212349076
11.432418502892824,6.018443945961719,5.237631894264025,4.831695667452009,4.562787187877799
11.430564554566477,6.019199063747226,5.238175310904376,4.830887342420259,4.563544758399669
11.426522163338767,6.018923285690425,5.238710914835922,4.831415723363899,4.563430629913435
11.42370949837522,6.0184882438989815,5.239244504166957,4.831420400557399,4.563028673075567
11.420779974493263,6.018422930820347,5.239540296262258,4.8317634424526394,4.562752394235297
11.418437507440128,6.018357519414101,5.23954409284404,4.83043331973465,4.563859347301839
11.415849058852237,6.018812347681094,5.239137210397639,4.8300759397001345,4.563891990775736
11.414065926223612,6.0189750076460085,5.238596521006192,4.82949283731788,4.56424813918025
11.41272219537468,6.018112566487374,5.238908015216984,4.8294790596685315,4.5636772222486375
11.41025096538833,6.019721853357041,5.239340568950618,4.829375049952046,4.563832955388868
11.408276639967598,6.018407185398537,5.239399577933641,4.828983883232234,4.5641276353059475
11.406873573952533,6.0184221939330405,5.240251727205642,4.827863503314079,4.564202338685381
11.404770567303611,6.01817312836647,5.239916079506582,4.828376017865681,4.5650692537528315
11.403802875755394,6.017724864241828,5.239665819612113,4.828024221661745,4.564728103255253
11.401118484943954,6.017696078847746,5.238721434855502,4.828735532096772,4.565154224583573
11.39702605432732,6.017132058802856,5.2394693908901715,4.828196596351086,4.564440899930635
11.394486561872192,6.0175796983605725,5.238283059354556,4.828567050271115,4.563824068893821
11.39326966283283,6.018246820879427,5.23801435099932,4.828736187743495,4.563804163759185
11.391224843798152,6.0180553891735435,5.237013854552848,4.828332394714485,4.563994928866675
11.389902404678745,6.01765486051345,5.237183669413537,4.828578374593417,4.563536489604392
11.38843124984084,6.017713370959501,5.23722453677171,4.828657853039536,4.562984078317075
11.386524425377825,6.01766825627677,5.236298104177547,4.8287780480042795,4.562252928737849
11.385012024771704,6.018200273859561,5.236379851579264,4.828837401951344,4.562454634130906
11.382048022375452,6.018628628392529,5.2358276526668845,4.829804949531459,4.562629926676698
11.379935266594293,6.0186728983615785,5.235424582605009,4.830411744840218,4.562568841157137
11.37757148734655,6.01777406436641,5.234556892922789,4.829739184415671,4.562481009128016
11.37341310196564,6.016861941834458,5.234153204405008,4.829085299147278,4.561835138737655
11.372186193938619,6.016810006999249,5.2339530029184775,4.8292403881736,4.562343228273688
11.368546586708735,6.016957296821095,5.233700982876272,4.828804522152715,4.563033559978408
11.36569657009985,6.016703228538813,5.233866102637509,4.828761967309663,4.563027505802689
11.3631994844082,6.016550809494415,5.234183643531161,4.828826832012515,4.562446893160067
11.360569149879232,6.016109157905419,5.234715055322049,4.828585505784805,4.562391970047891
11.35719707937145,6.015815182075054,5.235370472721431,4.828541471407964,4.562095038667571
11.355606390220878,6.016390062115446,5.235869707818218,4.82761235703203,4.56257368647863
11.353741219525345,6.01643821492617,5.23541884131742,4.82659084172002,4.562252651072901
11.351054397198038,6.016379053936689,5.234739979472729,4.825861635160407,4.561624300092135
11.34947018345197,6.016366383433342,5.234128896991412,4.826297226150831,4.5613342195749285
11.348593454972393,6.015680390730388,5.234420940540514,4.826957313742467,4.561063054797056
11.347368370078367,6.016281060291805,5.234712280370233,4.82648625330203,4.56026139334712
11.34510600002032,6.01594494604014,5.234346082779337,4.826942385778958,4.560021452574758
11.341693164106223,6.015160628925527,5.235315062872991,4.826518623733837,4.559592964839301
11.339556263888031,6.015959274917223,5.234725181492532,4.82687525274348,4.559829993069914
11.338199447438887,6.016172929980466,5.234663137551366,4.82730632022048,4.5605869295189825
11.33705538210043,6.0157382950470675,5.234529812274734,4.827783009190153,4.561096491454156
11.334593326445447,6.0165198423609825,5.234102702496068,4.826994519754751,4.560822335497433
11.333256755809925,6.016817276886024,5.233459291032172,4.827305820976238,4.559915349343476
11.330894589621174,6.018578267097473,5.233857216913838,4.826881184459718,4.5600082428987365
11.328040812450633,6.017781483054063,5.23290163874134,4.827255896750213,4.560123478253945
11.324478239902962,6.017385407446241,5.232659660746949,4.827128311194996,4.559728360018714
11.321801524464984,6.015991659274499,5.232376932606457,4.826963491510578,4.55936629577599
11.319216608019206,6.015877645726651,5.232199268443188,4.826976298107543,4.559899608621487
11.316375038947589,6.016388756355631,5.232355221603142,4.82782845595246,4.559301077289346
11.314846644668203,6.016514934795468,5.231522353660119,4.827342958042496,4.560603753908684
11.312256081533315,6.0159227589455995,5.231940770403909,4.826685324005152,4.5610224403312385
11.309777647012169,6.016394931694557,5.232104919422632,4.826599003254683,4.5600547696569285
11.307919534725475,6.015022558105882,5.23212581525776,4.82606206710853,4.559547041555816
11.305856744187777,6.014920072281947,5.231745580571597,4.826448136470357,4.560062790894118
11.303475677137195,6.014266277511622,5.2299659300983,4.826165765157788,4.559981664998135
11.300997768018133,6.014028553291546,5.230021131799576,4.825422498481363,4.561073333073755
11.29908983452049,6.013483239896748,5.230095042620929,4.826197480726515,4.561070280199838
11.297618402764687,6.013524876895294,5.230796357775046,4.826108115560868,4.5614966405373
11.295534888676235,6.013473423743735,5.230654856234181,4.826638316329644,4.5623108959198
11.292993551366287,6.013561147072187,5.2290476947585285,4.825674476864676,4.562267272935217
11.289934241489949,6.012175991560447,5.230265760771511,4.825603419236274,4.562703403303462
11.28692785303445,6.012014571346755,5.230963563686085,4.825321505240586,4.562312025394813
11.282760738453504,6.01148117859253,5.231592023925533,4.825812325621156,4.56294635197707
11.28110401455949,6.011447287575016,5.232190314734854,4.825022650928032,4.5640401752983655
11.27780812741488,6.011283880128404,5.231048448796586,4.8253702884956065,4.5639563197531805
11.273871483353826,6.010346187980144,5.23069428662201,4.824859482514394,4.5640315864380305
11.270824914237686,6.010230031713469,5.230104753860882,4.825097229455606,4.564092087919694
11.268274818865562,6.011298645450771,5.230402334389463,4.825210557378092,4.564809862759743
11.264245971108256,6.011767956312851,5.230900184538683,4.8260097214084885,4.565749795620258
11.262905749302465,6.011845244365988,5.231124963575197,4.8255114320026635,4.565201615245597
11.261162725878803,6.010877255961696,5.231717267726445,4.825001405917933,4.565316076710423
11.258008631057615,6.010148080947519,5.2322160804791675,4.825020710755627,4.565487298326076
11.255971818512924,6.0099971559954035,5.23236192590869,4.824860114066037,4.565448236619397
11.253141801587997,6.011289268732071,5.232175299044578,4.824102581700971,4.565752557977554
11.25182154099851,6.011487726239213,5.231471618849072,4.8240239683607715,4.565806835913831
11.248580232718524,6.0128883265450765,5.2305207356162695,4.824543099856415,4.56552484549954
11.245670752475458,6.0134663372776345,5.229399369401694,4.825519884006687,4.566096871108273
11.244749169257677,6.012235346139436,5.229237554349317,4.824751616482566,4.56647139749343
11.242351947539303,6.011927258633227,5.228785433443675,4.8249630811224025,4.566522773489894
11.241072310681902,6.0120651815714465,5.227597591390962,4.824573954839385,4.566770251834374
11.238264548080677,6.012223276789894,5.2278544950599946,4.824164484057698,4.566963675123458
11.235760319691439,6.0130491220416165,5.228185399602621,4.824585774579109,4.566806025803089
11.233898635479429,6.013621021596024,5.227362526999749,4.823790293679035,4.568120010954748
11.231576721191406,6.013294876670837,5.227191711807251,4.823827931976318,4.567474347877503
11.229312215205862,6.01206688019488,5.227462946558647,4.8239442023346655,4.566827090809957
11.227157058045506,6.0115096468133284,5.227716533139872,4.823603484196404,4.566527248761905
11.22457427285903,6.010922554675237,5.2270294137697455,4.8241894243244925,4.566822806454999
11.221407922261069,6.011637513337143,5.226382442258382,4.824228375342094,4.567072389418619
11.219048408873054,6.010956398519387,5.2263604369296495,4.824492803322841,4.567457577336832
11.214769731661317,6.010521678977711,5.225636346324993,4.823940735713691,4.566239280875322
11.212962388043946,6.01071212191191,5.225227335851725,4.823781603370855,4.566189376911476
11.211107528456065,6.009641434505748,5.22464808902225,4.823418985679154,4.565957200356621
11.208941682356516,6.009766012643234,5.224941293430101,4.824252487270486,4.5666720086946855
11.207713767460413,6.010600483795953,5.224283696734716,4.824652012567672,4.566601970271459
11.204504061085567,6.009578655864585,5.2248078190457905,4.8251854169000055,4.565855964793751
11.20101149448691,6.009173113835028,5.2250287003826985,4.824617115706914,4.565176701961342
11.199642025848654,6.008749567509075,5.223902107134568,4.823880747963489,4.565233083348942
11.197674269917645,6.0088816558635685,5.223959829799736,4.82427118133895,4.565682188242296
11.195231360032153,6.0082852516249705,5.22309427883314,4.825094549834964,4.566237366717795
11.194201470174685,6.007680425335069,5.223297329498882,4.824359388336375,4.5663532208869055
11.19236872943255,6.008040444156554,5.223314617408385,4.8246789321056385,4.566569942137154
11.18959815607462,6.008307716259821,5.223693691781643,4.824231833689597,4.566650086020822
11.188161267174614,6.008210168850526,5.2240374621864,4.823728743268337,4.56669425851628
11.185209581044715,6.008024700983303,5.223814153483533,4.823924346983902,4.5660608302889845
11.182642049061604,6.007853181037633,5.223376542165653,4.823121868466693,4.565676601734056
11.179824858341577,6.006816520443502,5.224451361399777,4.823518986222129,4.564811452754639
11.179072463222123,6.006832636910354,5.224674444917797,4.823044667165297,4.564503187657526
11.176821094854287,6.0062616689238855,5.224423978729188,4.822934923591195,4.564306943719765
11.175361306433585,6.005838515898761,5.224623828401753,4.823309156006458,4.564123284582998
11.174069668432015,6.00621754940027,5.225619464645565,4.824233943392117,4.563718891442757
11.172507593010026,6.005595325023379,5.22580932077245,4.824209186745138,4.564209115066468
11.168435413139713,6.005773455324308,5.2259958329521625,4.8246498137759115,4.563421262075457
11.166440510395638,6.005594638476994,5.227149230973436,4.824023102110862,4.563407036734335
11.164529889822006,6.006407756917179,5.226463274471461,4.823457402735949,4.56315002180636
11.163011910485439,6.006783895805234,5.226466623532596,4.823139455335202,4.563174059016922
11.16007196438294,6.006393471113791,5.226785302906066,4.823379342158016,4.563684674767361
11.15796044127419,6.0053553999353,5.226791979647761,4.823403650582627,4.56410002541189
11.155895943210876,6.005847407835666,5.227419571156071,4.824059526496958,4.563633488160428
11.15372917086234,6.00524299840519,5.227436580546635,4.823713803198551,4.5640316319372864
11.151186420238963,6.005941454211068,5.226428938134462,4.823762582212362,4.5634716198566725
11.148592213094929,6.006153986448452,5.226572363156168,4.8249424354179755,4.562999676064919
11.145755290244677,6.006024657384209,5.226977057708717,4.825074445386851,4.56322211360339
11.143982217698435,6.0065030413509986,5.22629587404297,4.82525279486799,4.564488238933199
11.141717018452725,6.006381982056669,5.226021173388459,4.825292110812756,4.563976956707562
11.13989780597406,6.005662498688347,5.2255848442095365,4.8249553902771565,4.563683141764516
11.13691674371253,6.005558706843078,5.2255553951942515,4.825139226559146,4.563381253196728
11.135576124995232,6.005397748135819,5.224681868261823,4.824780952073029,4.562923679034653
11.134061853152339,6.004992787030971,5.224781073963808,4.8248028158220295,4.562559174422687
11.130674276388751,6.004749694109884,5.2245147233764175,4.823992727714155,4.562714823240479
11.129169560141033,6.004486495881904,5.224298271132104,4.8241546772144455,4.56326818558169
11.126377807181894,6.005412242370288,5.2238686237320495,4.824668735380621,4.563377007761641
11.124312341305068,6.005622563450289,5.223613621090153,4.8244367472379714,4.563791430235276
11.122036131461645,6.005468048252814,5.223801539437967,4.824521965940151,4.563399941669784
11.11849573135376,6.006116595451648,5.223469604712267,4.8238410221613375,4.563964096399454
11.115937309939525,6.006466684297449,5.224369196778165,4.82384518437162,4.564327036390663
11.1141250928243,6.005106601297581,5.2246742420665315,4.824112626081605,4.564633452397887
11.112458306647042,6.004779437461086,5.225100675730731,4.823792036917241,4.5653048536911065
11.109928741411197,6.00437116860612,5.2256386821255365,4.824485875163342,4.566031066735098
11.107652146423456,6.004078795809399,5.225643755010261,4.824724542135479,4.56601453777474
11.105864802692057,6.003915586843973,5.225218303718392,4.82506378850747,4.566869083078861
11.10298265713996,6.003746911415911,5.22504304179547,4.825095354553024,4.56620827647868
11.099635518654406,6.003593677956759,5.225163457590505,4.825289190180076,4.566786472585952
11.097696254051215,6.003125706367405,5.2241011460015025,4.824470715999968,4.568013673888717
11.094443482479067,6.003670270024365,5.225368135394031,4.824260939168566,4.568675271245359
11.092141282003768,6.003666724438525,5.2241860990938935,4.824098110926415,4.56929241838026
11.090576500790876,6.003624923890683,5.223573009597092,4.8244411712739526,4.569196443368749
11.088710411214139,6.003527161735482,5.222792317643932,4.8243525701901975,4.568573919217821
11.086091648679528,6.002930869613427,5.22272560458568,4.823889968602081,4.569023345159069
11.084554933685768,6.0024375862948345,5.222406050279567,4.82364984773411,4.569795184443659
11.081428715160914,6.001482037244235,5.2217614674278305,4.823629763351023,4.569984563759395
11.080865819072217,6.000482210718327,5.221248309722704,4.823860308575467,4.56953058880029
11.08002326738129,5.999924593702614,5.221377882320711,4.82349974179304,4.568612354297377
11.078041016287294,6.000846755965538,5.222616738130687,4.823177794961879,4.568295013009824
11.076877442634467,6.001362373792764,5.222418626691356,4.824063132025978,4.567545961430579
11.074752945867477,6.000759946496806,5.222534253505213,4.823903886230492,4.567625472619622
11.073049847188768,6.000245833180496,5.222388770504546,4.823204824314897,4.567352285002796
11.070477671273622,5.999940445994394,5.222105723479798,4.823693637314477,4.567741141207544
11.068865957937211,5.9993693671917985,5.222744561934399,4.823113698973756,4.566946649119213
11.06609978333959,5.999806352111529,5.223747428858055,4.823496152409968,4.566310472308465
11.064403904689023,5.999272351710864,5.223863105608507,4.823497300773724,4.566333279170961
11.06306414147832,5.999455140961142,5.223315128097879,4.824211575163875,4.565879574734732
11.062136558524097,5.999147334551236,5.223616246897054,4.82521385959832,4.5651556463485745
11.060049493659072,5.999292692445651,5.22298570052406,4.824825794917466,4.565245823002651
11.057488723625815,5.999741489905164,5.223399075708891,4.8249314010591435,4.565724258315294
11.055155322750558,6.0000183471246915,5.22242633889798,4.8256869011584484,4.565256960852356
11.052944497661189,6.0001266906569315,5.222339717833488,4.825209798755589,4.564622870973639
11.050987318057542,5.999287445207154,5.221927191740753,4.824384876059484,4.565920458641252
11.04879492798309,6.000339646925633,5.221468156245516,4.823936985707891,4.566886435205611
11.046522688419184,5.999706847480174,5.221950951051176,4.82338544867012,4.567622779639026
11.04422265826585,5.999790884955915,5.222293678514972,4.823449790477753,4.567267745019433
11.042883598367581,6.000082707351593,5.222244893604013,4.824069322359232,4.566679625521869
11.039595249344236,5.999719771747276,5.222313472508315,4.823593551624338,4.565811344504534
11.03698781749221,5.999872715638769,5.221976451859534,4.8232509511188395,4.565677388378539
11.034773415949807,5.999728534648668,5.2212190688546025,4.8232823738411295,4.565032699036954
11.034110446193163,5.998727130854334,5.222087681604623,4.823806994891185,4.56541499639962
11.032948449187414,5.998424318081931,5.223259032216761,4.823524770011845,4.565429313172171
11.03122281140564,5.99898174975403,5.222882807654226,4.822870507314857,4.565368149410142
11.030748856919152,5.998757169537601,5.223326199821064,4.823901408485004,4.564715985386145
11.02941932820033,5.9981765238325835,5.222916085480757,4.823413788253046,4.5650065691497685
11.027900991255603,5.997262265848724,5.222513108515633,4.82319547588014,4.5650269471518525
11.025740435854452,5.997216837974327,5.2222294007395496,4.822545628239689,4.56584052926271
11.025012861727253,5.995872001089045,5.222346319642901,4.821920274980698,4.565953610912628
11.023721644045954,5.995952660812989,5.222521185963307,4.821501509890545,4.566195745659016
11.02203900584468,5.9954198139685175,5.222307777757998,4.821909514179936,4.565967671782882
11.020005183781102,5.995403061611929,5.22247201120474,4.821684180499005,4.5657896455529
11.017287024026793,5.995705408633813,5.223044611293183,4.821916797104672,4.5652202117372545
11.015157589979376,5.99640068035168,5.221848662482838,4.82249349360103,4.56582021607528
11.013031949320784,5.996310306792774,5.221867561164247,4.822965500802022,4.565952004851055
11.010337502314156,5.996264693305941,5.222452524931229,4.823264857147892,4.565770256211397
11.008269631405495,5.996079389500407,5.223002631228231,4.822641097338853,4.565133975318751
11.00687900183389,5.996088147602629,5.224132695791909,4.8228952672082706,4.564748925677801
11.004315774114213,5.996058779893462,5.224486056940194,4.823176990377007,4.565265343361294
11.001204779781428,5.996003287254316,5.2246460674263435,4.8223051359935925,4.566738063048755
10.999238871125614,5.996855931246982,5.224985007503453,4.822240100713337,4.567745299199048
10.99667285138592,5.997403466990553,5.224622133459614,4.822574861955327,4.567491238823189
10.994711381223233,5.9970782883191776,5.2238589007073735,4.823044520117638,4.567999834181103
10.991966408486762,5.997561671151367,5.224142529906723,4.823265238186059,4.5672158061452235
10.989196763010668,5.996618465419389,5.223543411301028,4.823216599278436,4.567297879901449
10.986490941658998,5.997400881344582,5.224358534026932,4.824081063707233,4.567185541998335
10.983575084722583,5.997490737134506,5.224090869918924,4.82455927613539,4.567355604506865
10.981984393476306,5.997379784873566,5.22438013858837,4.824223526568856,4.566577718304995
10.97907854276791,5.997284584052381,5.224620956252193,4.8241331945037285,4.566094609903313
10.9755408664617,5.997525670564984,5.224839488984547,4.823659774071113,4.566247664027357
10.974989087390204,5.998309735660135,5.225918661416882,4.823717703610441,4.566715679203507
10.972690250819657,5.998206446589909,5.2260952787100186,4.824498758622106,4.566493995167059
10.970336603701288,5.998735579214013,5.225916164088179,4.824513057751837,4.565790202283998
10.969177134611792,5.998359577549867,5.225995308451642,4.824783849091054,4.565283756922912
10.96716303145174,5.998713252672809,5.225682253920875,4.825416197249289,4.566500472189557
10.964638815099542,5.999408022967252,5.226343055898493,4.826416313691572,4.5667865472273395
10.962565601218579,5.999620425666487,5.226052572734134,4.825853209682675,4.566987666626309
10.960831360619572,5.9989446037129035,5.226018663065625,4.825431075231182,4.567294308129825
10.960002964570664,5.9990512039215025,5.226431591417343,4.824637502475124,4.56700762435902
10.958387506621916,5.9995512811924945,5.225941880532501,4.824266981265958,4.566636604878935
10.957589182300843,6.000739362447158,5.226001436295717,4.824905021467071,4.5675090430439385
10.955979434585847,6.001549141205022,5.225108937713048,4.8258241124122065,4.567593876992681
10.952618012725013,6.000528732188013,5.224815354505945,4.825812354446665,4.567631357485582
10.95110532570299,6.000644916050346,5.225492586713723,4.825348297754924,4.567180973330186
10.949684740146461,6.001335979024799,5.22537569331296,4.825577386369595,4.56793856431294
10.948168199243097,6.002765417787573,5.225456099045406,4.824904479016466,4.567761724003816
10.945320979513303,6.002215150974874,5.224357877802883,4.824401008790361,4.567332522521632
10.943323779295225,6.0014171062309964,5.2238316374368265,4.823942582213629,4.568000138020808
10.94274643484385,6.00243333007829,5.223192951177658,4.823813101056674,4.568035219691329
10.941610713585234,6.00175172824324,5.223750813046833,4.823851430905303,4.568362602147376
10.939887421079677,6.001667552543201,5.224124417545126,4.823074601193984,4.568647183788766
10.937853125853987,6.00188763942074,5.225307171161358,4.822669162242898,4.5685014373359705
10.936610320176202,6.002560288912949,5.226067629011198,4.82250611843734,4.5690963218609495
10.934485389274055,6.0030052939166465,5.226017029098872,4.822396871946052,4.567844404561521
10.932340514198096,6.00257364116406,5.225528530616158,4.822040650218597,4.567716329990534
10.931164439690155,6.002466568724656,5.225210707674744,4.821809951891608,4.567780345998784
10.929104531391985,6.003147613182451,5.224501156192113,4.820866001711193,4.568004416531341
10.926916705768452,6.003455860578937,5.223783462322347,4.820052512475398,4.5685899624589
10.92500613755593,6.002805112769163,5.2232788819952924,4.819954632348428,4.5690535322279375
10.92303364169521,6.003585198336282,5.222727020950808,4.820073022085739,4.56836979128447
10.922099693502698,6.003678280115127,5.222963902950287,4.819334634031568,4.567800977400371
10.919731100655556,6.003782237112139,5.222673153724099,4.818923316794919,4.568272823950463
10.918435278360581,6.003684122280116,5.222462070141301,4.819034573695119,4.568736301679244
10.916293601690661,6.004114987590189,5.2227103480762525,4.819854870236778,4.568582683143154
10.914341021806766,6.004379523275924,5.222712317762891,4.819814625289026,4.569088752962585
10.912251507090504,6.003791234332048,5.222916548107866,4.819927319767636,4.568736420322567
10.910246817180477,6.002811453081296,5.222337849957506,4.820302607155117,4.569078254326648
10.908955649272212,6.003552284830414,5.222842409666668,4.819960236973007,4.569161908712977
10.906289971010251,6.003737607970834,5.222573005678979,4.819755854254419,4.569166049191898
10.904575392572147,6.002439550172361,5.222620217152062,4.819650117009138,4.569499647473511
10.90298297827971,6.001943169756139,5.221721712579119,4.82024039376712,4.5706203245947545
10.901231159477856,6.001733019029224,5.221569548423708,4.82054503127922,4.570716657003217
10.89993938575723,6.000359362144308,5.221896576307313,4.8205216528673684,4.570512404016327
10.898983950658799,6.000580215150384,5.221415729448463,4.8206191542126655,4.570517711241196
10.897243251557734,6.000278629541734,5.221651715807395,4.821447368727041,4.569712560281389
10.895323237092251,5.999600261007518,5.222446674677172,4.822581953378954,4.570132474932991
10.893530169449283,5.998275879917845,5.223024880650353,4.822408951271726,4.5694336194103045
10.891932723719046,5.997292544695384,5.22235165015862,4.821849460911397,4.568802252569582
10.88904168138383,5.997936694847343,5.221740589995983,4.821425812200699,4.569165104535133
10.885936234348504,5.9975907886591155,5.221880762740035,4.821650809851896,4.5690222272073155
10.885205315200375,5.997741389106697,5.220878552047299,4.821131219662411,4.569182787982511
10.883986416708659,5.998125824770568,5.220721563933854,4.820638545879925,4.569100279442279
10.881641773231925,5.9987357432329205,5.219892942117404,4.820938660290339,4.570250299074144
10.880212306976318,5.999012339726687,5.220128627369626,4.821263783093665,4.571671921018974
10.879508916246756,5.9987548142671585,5.219738147901685,4.820815816019358,4.571875202354421
10.877184776841549,5.999412947704918,5.219557226749888,4.820147399065787,4.57263579067431
10.875260257453437,5.99888335354365,5.219258671890302,4.820127519785438,4.572921841040902
10.873806799051222,5.999014125475118,5.218606794807739,4.819855741295016,4.5722727478177045
10.872718282774382,5.9985437605227405,5.219391890600616,4.820695736662013,4.572416773363321
10.869764024682443,5.998704096251555,5.219399280361231,4.820848885910589,4.5719487463535335
10.868260425287527,5.998608365258971,5.219070443240079,4.8210552974180745,4.571980442200507
10.866220387606084,5.998847117547302,5.218442444031593,4.820859448714826,4.5716700562224535
10.864004345246533,5.999006400727693,5.219029557771523,4.82032698875699,4.572229061213285
10.86190197971927,5.999111995277751,5.21847866900884,4.8202982642645615,4.572429144374158
10.859943263201535,5.998977156197509,5.218704089626275,4.821268989285,4.572336159158119
10.857950953905592,5.9990701557451835,5.21904574503882,4.821511444895941,4.572749749127166
10.856314182613554,5.99873716270027,5.219302670537263,4.820556995098305,4.572150821473273
10.856088819152045,5.999022568607795,5.2190261378251765,4.821018867552405,4.571850729884583
10.854494182721961,6.000514918971957,5.219002766138323,4.821829201780539,4.572045401837133
10.852663803299405,6.0006722746167105,5.218875203387782,4.822403927492218,4.571075741494174
10.849615616599719,6.000315702127086,5.218558542264832,4.822640122142103,4.571385539074739
10.847518730626843,6.000236620926179,5.218438177618362,4.822975667792009,4.571104112389516
10.845562472257468,6.000015207038012,5.2187530981188175,4.822999243101366,4.571087940225324
10.845146416791676,5.99984225826964,5.2179158105671775,4.8228786553431116,4.571118819573152
10.843015016941482,6.000096710269801,5.217774554963257,4.823426857714508,4.57116572166744
10.841064300009124,6.000595721901495,5.218802470896896,4.822862899839672,4.5710968471315905
10.838917083265375,6.000904982020746,5.218144731732655,4.822614056605686,4.570886548459118
10.836869966761359,6.001574997252733,5.2184495382170555,4.822340579550268,4.569956759872648
10.83569591150758,6.000109695268599,5.219121730459329,4.821232793245526,4.570211099491593
10.83380162757047,6.00033025728414,5.218842571566564,4.820983981000217,4.570050292051275
10.832485596886997,6.001201118929632,5.218791265816524,4.821149830818176,4.569941295262041
10.830902335563255,6.001218434287137,5.218416074651591,4.821380957498952,4.569732228777969
10.830518997076785,6.00119108437835,5.219191788641875,4.821592837161598,4.5694632039254035
10.828738884686276,6.000891094772223,5.219640058069826,4.82094258599173,4.569912966743306
10.827044847086995,6.0008235997642085,5.21892536227608,4.821974478200836,4.569729842542782
10.82487751118506,6.000220776587417,5.218857752088828,4.822064979133737,4.569748229751062
10.822743607091379,5.999726844030422,5.219361870825946,4.821918317249843,4.56932777755863
10.820988996109081,5.999665182423903,5.219421113445567,4.821811006751548,4.56955359418996
10.820074201774858,5.99837510706793,5.219876736116344,4.8216787722212135,4.568761887864321
10.816883807152898,5.998014970378078,5.21988583101321,4.821438546536964,4.569287590820386
10.814681293866405,5.997690171411593,5.219483638136354,4.821102644319404,4.569045473288184
10.81298397861875,5.998046933421527,5.218878499291516,4.821330343999739,4.568356017394069
10.81027759344568,5.998168635140039,5.218859738429496,4.821600301810394,4.568990569597393
10.80975761107199,5.998016912156559,5.218247402553597,4.820864387024614,4.568081442330361
10.808222649201669,5.997481364370044,5.2180821413550875,4.820709136991553,4.567640013870646
10.806625989516847,5.997909285509546,5.217303563466251,4.820031318892391,4.567574307861588
10.804364995123745,5.998651948827351,5.216343941825149,4.820592877159014,4.567165466480334
10.802474264068188,5.998250117818758,5.2166026712845355,4.820851794537347,4.566805358800908
10.800837313771572,5.997788637795305,5.216441216520782,4.820880719199168,4.566879914956782
10.799065239661562,5.997229789697531,5.2175658137072825,4.821166938141627,4.566714341336971
10.796975110826038,5.996816203058982,5.216857147216797,4.821079086284248,4.566296207499342
10.79485251966745,5.99657744862124,5.216840800422134,4.820881669007541,4.566251524121967
10.793138937781686,5.996228915193806,5.217401454630106,4.820132062972887,4.565545402791189
10.791625794309057,5.996303721827386,5.2169941923526055,4.820412532051486,4.565539837530982
10.78999588350428,5.995766572098233,5.217374433170665,4.820876015898654,4.564816909373373
10.788805399425959,5.996045715525999,5.2164063686435505,4.820888158992186,4.564873139009637
10.786203313326125,5.995510837573023,5.216220136257368,4.820520096516544,4.565156075043407
10.78460155376003,5.99612238282841,5.216415013666483,4.819870200605916,4.565189924930993
10.782581691974231,5.995593716553003,5.2166598117399925,4.819712468993841,4.565135747073306
10.781897458456271,5.995623672064935,5.216181475863093,4.819621501217185,4.564234925412584
10.77936318017341,5.995275844110025,5.216252343396882,4.819894097141318,4.563963476065043
10.777214908342279,5.994173792066967,5.216259106681767,4.8203940064741255,4.564726274131038
10.774984942113178,5.993577810755947,5.21603452403214,4.819658630611765,4.563829097187954
10.77381864626184,5.993433372281487,5.2158234619403,4.81975084354326,4.564126299750701
10.77293973920159,5.993364174410982,5.215636610663483,4.819326021439946,4.56498922572303
10.771307531671493,5.9937647061717225,5.216021932094587,4.818663670478847,4.564398698774652
10.768645973256909,5.994441914205436,5.215928586302663,4.818183606437848,4.564404431133861
10.766034197470608,5.994037473931277,5.215388931038401,4.8187911497640705,4.564207617997642
10.763940153262949,5.993399994347685,5.215317925778768,4.818988701508891,4.564169153090446
10.762998689493932,5.993180464865619,5.215154129679048,4.818662754075491,4.56473894932672
10.760507950686769,5.992336798354283,5.215257377432497,4.819693759783802,4.564359092232365
10.759058561203545,5.992188248995724,5.214928653558415,4.820217483560164,4.564361735208974
10.756607763249496,5.992776393251189,5.21516544441755,4.8202371816213265,4.5643259393945135
10.754927279401448,5.993031140549105,5.2152940615342915,4.8199246169254435,4.56446377782317
10.753261649145818,5.993776847081012,5.216155613282599,4.818988230652917,4.564648716804014
10.75178092267601,5.993931779574391,5.215843771612365,4.819161081792519,4.564431193520791
10.749595097679505,5.9938991098480425,5.215904410828881,4.819289659752565,4.5648711223334555
10.747318975911112,5.9938342184246425,5.215478495111765,4.819548791937614,4.565069300059724
10.745501890997383,5.993666087992201,5.214884655179583,4.819019989591734,4.565063011343871
10.742565644590595,5.993290153004632,5.214132018213355,4.818947476494543,4.564824969073468
10.74053641573588,5.992364619890849,5.213794708251953,4.818434901237488,4.565371678511302
10.738887204240752,5.991824106245657,5.213658340449019,4.8178279574595635,4.565209363477377
10.737789438504194,5.99139278642982,5.213457775814397,4.817339890012728,4.565416149864501
10.73704581409792,5.990986937296367,5.2139767214051105,4.817312846085427,4.565612561529823
10.735320618177981,5.9908077279303935,5.2128835493262775,4.817609415884982,4.5653894180630115
10.732814775511276,5.991070439411557,5.21335416917389,4.817002544054557,4.5653272826806255
10.7308508067492,5.990955668458267,5.212872379329575,4.8177228402964785,4.565266919642648
10.72859485907197,5.990167001738166,5.212922408395677,4.81779822072369,4.565253756263039
10.726180025057705,5.989823077970854,5.212579248280361,4.817505233009551,4.564866888902547
10.725473382126976,5.988722832176052,5.21199618103174,4.817954138464451,4.565144273285205
10.722977480667316,5.9889705774799875,5.2114820333506096,4.817457629986946,4.564699928018431
10.720560144226257,5.988620208952303,5.211745463010888,4.81783790212842,4.56394864043836
10.719470074883214,5.988083540447175,5.211898569549833,4.817544484422321,4.56429263681331
10.717616164440047,5.987462927470992,5.2120449823491715,4.818109958122995,4.563631274096633
10.715483272406352,5.987619789304947,5.212212473272175,4.81824423914069,4.563995375343484
10.712939519535984,5.988310074255411,5.212255786826509,4.818024855163625,4.564350163267784
10.713082862403589,5.987624308679224,5.2126057725154,4.817170324772203,4.564753003202202
10.711957756437277,5.987905417136165,5.213171387630304,4.817038041789357,4.565043404924296
10.710665399692118,5.987186661193808,5.214325655904526,4.81658495163572,4.564374210335049
10.70868168762438,5.987684064667974,5.214892324450143,4.816005746183465,4.5643861992254
10.707110207645517,5.987514055402655,5.214383624572503,4.816626362581002,4.564820322551225
10.705385580884242,5.9878775557744355,5.214133686646281,4.81694525327438,4.564183469198002
10.702772750804364,5.9874041462696495,5.213681360895154,4.816759865637991,4.564877577272884
10.701872587047434,5.987833507422624,5.214324733417283,4.817458482298973,4.564310702225603
10.700003122407308,5.988345327965543,5.214322883469539,4.81795686827557,4.564637353726885
10.697884577454113,5.989413259224814,5.215072222381342,4.817110627752836,4.564903526931513
10.695495807640206,5.988662760348339,5.215087705170967,4.816198769903121,4.5650849392342225
10.693515048748383,5.988067120762533,5.214545030881161,4.816158208803328,4.564903069416838
10.691410183594488,5.988222974133117,5.214354243422054,4.815973406686833,4.564423439546405
10.690249616761392,5.987060264016071,5.214078533797579,4.8163931365103565,4.563832693430549
10.68902737517762,5.987405730228798,5.2147337269938845,4.815965682073356,4.564882098615559
10.686656193200628,5.987334817628468,5.213962110330045,4.814985031243791,4.5651034352671935
10.68446733808393,5.9873870362189665,5.213174410806312,4.8146772401762385,4.564521433323544
10.682464360102127,5.987164536256535,5.2125075003405605,4.813696968423255,4.56472397705969
10.68144579692179,5.986851689091251,5.212024863571356,4.814159316687105,4.563842407883069
10.679568543884576,5.985406925779212,5.211693350422266,4.814538064608745,4.563370900045388
10.677000337901214,5.984645779089381,5.211399068590254,4.814581376034766,4.56331905319045
10.674575780844952,5.985028094879279,5.21067973942282,4.814591066047753,4.563374233307897
10.672566142906913,5.98462374855235,5.21078974791404,4.814079535022978,4.564068569163507
10.670514740364515,5.984702044450439,5.210863373200564,4.8142853831997,4.563757623458079
10.66960355616235,5.984547361615416,5.210802923394488,4.813728987396537,4.564127797275394
10.667874825457178,5.984720557328558,5.211004672616739,4.8136254659649,4.564570046647039
10.666140279571989,5.9846881498158675,5.2111936433460615,4.81362121640167,4.564819069069492
10.664155321003783,5.98419169783206,5.211956814829591,4.8132452776272885,4.564951456605191
10.662134686899927,5.983921898924625,5.211675721901068,4.813736203420965,4.565128228207326
10.660977090755328,5.983489226214708,5.211807730128464,4.813099479983926,4.565014028086246
10.659545980480633,5.983117058699683,5.211880432063518,4.813024455486263,4.565668054879252
10.657414941534968,5.9829163639177105,5.213122272460632,4.81377040268763,4.565360614848122
10.655044149982837,5.983242183230644,5.213306481986082,4.81414952419833,4.565768989789701
10.653528903360288,5.9824490742655705,5.213500898526206,4.815193993880565,4.566142580907833
10.652715676523025,5.98257470761576,5.213544389509385,4.8153318998890535,4.566493696089714
10.651196714372961,5.982997726886831,5.213754471158459,4.815230759399926,4.566634481603449
10.650007057128493,5.9829165577581245,5.21393782714593,4.814749066362676,4.56658800545427
10.646868640349437,5.982142142764385,5.213736848683796,4.814102464695554,4.566949159041267
10.644645878400274,5.982319997697877,5.2138290231906,4.813626553407814,4.566756385020154
10.643001013323426,5.982460932256324,5.213362164359384,4.8140938557995865,4.566203503440048
10.643096351071923,5.982007505807901,5.213107005949192,4.815220775058766,4.56645691425451
10.640636306890096,5.981457049829805,5.212742722026798,4.814838834963476,4.566509987960355
10.638996751072778,5.981674257842812,5.212770414138177,4.814882452129859,4.5665007448624895
10.63699751836203,5.981201683733232,5.2130504362547985,4.814727863185753,4.566909728255159
10.63719085974571,5.980939512222241,5.212693543159045,4.814398832657399,4.567053977037087
10.6350530591399,5.980477578513215,5.212841027673432,4.815074559437167,4.566892464446533
10.633236465930327,5.979509817500731,5.2131066830606985,4.814537164038488,4.56754534558969
10.631087358380768,5.97920152291379,5.213284787655792,4.814209992658307,4.568202728654662
10.629028981908814,5.978842189397349,5.2132620413589965,4.814444679433428,4.5678205947436945
10.62735154270745,5.979149780486719,5.212639065367726,4.814128891271524,4.567897375246968
10.625861024795668,5.97898260219496,5.212830092715121,4.813508597218061,4.567300375393981
10.624449469439147,5.979110570948977,5.212674774937973,4.813748762116131,4.566763024004539
10.622669063660563,5.978231577696849,5.212981323654554,4.813148128895127,4.566825165432327
10.621485822591302,5.979101582649333,5.21316423212517,4.813289074779241,4.56641209725744
10.618289398691457,5.978222261872261,5.213081356066807,4.813816495002455,4.565835602116433
10.618200403804767,5.978489925116206,5.213675107263897,4.813517343914486,4.566077945491905
10.615375671071254,5.978849246756721,5.212903066294187,4.813668027330597,4.566599639165796
10.613898046291034,5.978918207578422,5.212696476946647,4.81331957924995,4.566105974607231
10.612246743605734,5.978760605846003,5.21248403331679,4.813654959429022,4.5655528202444655
10.610425062028188,5.978798492825221,5.211776449264042,4.813523260298229,4.565295162806435
10.608556520212725,5.978015304670721,5.21223424337237,4.81379376828368,4.565480025891725
10.60810648223306,5.977673942255082,5.212259798618382,4.813747962215087,4.564972406712679
10.605494174062828,5.977464856152601,5.212426755062679,4.813778754422873,4.564937892522195
10.603376727077007,5.977491920095519,5.213153350043704,4.814440932131931,4.566067207003032
10.602198561233811,5.977838069125067,5.212927625903601,4.813789415812191,4.564972171300574
10.600274131540857,5.9779362821790105,5.213067220781967,4.813579350464861,4.565297472409098
10.598431829857615,5.97789398412186,5.212934692801175,4.81359649774549,4.5655924960424565
10.5967846106519,5.9775086258004455,5.212754503353743,4.813495968989157,4.565107391216449
10.595180307072823,5.978554686061059,5.2122486786107824,4.8124475608570405,4.564676275909549
10.593627353571943,5.977894953748781,5.211331933078705,4.812606505264619,4.564063732706786
10.592029637977726,5.97754668152197,5.211443407087579,4.812203144516049,4.563902875213575
10.590579994083878,5.977906766896287,5.211966159137901,4.8119954582123015,4.5638820037349035
10.588854373552337,5.978124464038637,5.212660136090718,4.8115407225467095,4.563335443323745
10.587604700356177,5.978461980819702,5.212346874594764,4.811039875707512,4.56237932959017
10.585436187900088,5.978565717643162,5.2121160012371135,4.8111457923673235,4.56201459206875
10.584686056013604,5.978486651672949,5.211902755974674,4.810837703407523,4.561402725768794
10.58276797658834,5.978844997721102,5.21148013888891,4.8107808780430545,4.561372228303746
10.58140494100567,5.978853517707159,5.2112171465843184,4.811520318751506,4.561511453411823
10.578660524026064,5.9789755067681725,5.210841099022323,4.811413106535429,4.561599527727555
10.577039668702033,5.979438091594971,5.210828135080845,4.810877190562999,4.560724290859737
10.574574298428413,5.979223653935549,5.210177649232678,4.811322573880504,4.560097686479564
10.572678912633945,5.978593219125278,5.2102579700252605,4.812299375617661,4.560033886747653
10.571715397590093,5.9789027715654335,5.2091824687616395,4.812119277905165,4.559195800776475
10.569769980387065,5.978872287415056,5.208860860905698,4.812191950223683,4.560149324022285
10.567581198215485,5.978508834689856,5.209233965426684,4.812302975505591,4.560222839713097
10.56568783033944,5.97904011058033,5.208924307069653,4.812214438130452,4.559694091503803
10.565056511227706,5.979323188463847,5.209749064790771,4.812649773152431,4.560137028402455
10.562796860133865,5.978814987264718,5.210055057807632,4.812222802482839,4.5594928612652526
10.561319952593777,5.978822872674376,5.210953029165244,4.812383389681058,4.559072379608106
10.559092693091182,5.979123515280608,5.211209499353189,4.81264296484142,4.559253336558832
10.557006417888484,5.979497668900496,5.211293345073686,4.812462710651336,4.559177639030134
10.554701069236618,5.979501240729692,5.21080337923806,4.812412461807213,4.559361766863849
10.554093255332454,5.979752003108684,5.211344625374571,4.812047375820169,4.559178334711796
10.552742802778189,5.979460455602263,5.210997251785638,4.812698045230341,4.559642281570814
10.551759206878472,5.980072389182097,5.210860326275322,4.812970923637011,4.559390564882977
10.549747718927062,5.9801400669756175,5.210686349631984,4.812588323057993,4.5596245533927195
10.547482745523192,5.979907725200464,5.210136324980715,4.8129979548028325,4.560033990638724
10.545306325180517,5.979380786899299,5.210395482631478,4.813060972015087,4.559499145810529
10.543832769476644,5.979811545936887,5.210363083021644,4.8129334238529795,4.559107738356608
10.5421681303727,5.9802054586794355,5.210423501283391,4.812770431477219,4.559100369403237
10.540395272545295,5.979957967553989,5.210208856970957,4.812076884626162,4.558470335189659
10.53850676826142,5.980157270502292,5.210753981832671,4.812080731271002,4.558497355318984
10.536510754279949,5.979806055539323,5.210803639756145,4.81142931211422,4.558318332482328
10.534708182998761,5.979362741526886,5.211151496063713,4.811175366254998,4.558598692289026
10.532768125592927,5.979415068361495,5.210924003595188,4.812857453764221,4.558263341144279
10.532433422460445,5.979495933216196,5.210610066866301,4.812891789676965,4.55837283099161
10.529506817992901,5.979645481385961,5.210592756582982,4.813196182103986,4.558415607371254
10.529000188271645,5.98068991591735,5.210267517791438,4.813122903426635,4.559190793163748
10.527095890691127,5.980295465057119,5.210407775757935,4.8127128788696725,4.558901639554301
10.526537460620586,5.980551267330463,5.2105648367955135,4.812316409917978,4.558302934206449
10.525045619239666,5.980556185834962,5.210504592124827,4.812470037118975,4.558142342690612
10.523631722192935,5.979573702475156,5.2107846968439215,4.811929595052793,4.559163874032385
10.521757046186368,5.9793953917536165,5.211037565068472,4.811536321915338,4.558975704471954
10.519861972719852,5.979812092104889,5.2096378151956255,4.811892112974304,4.559543091508784
10.517323790298649,5.979591521309929,5.209181287683593,4.811941524956124,4.559210258905142
10.515563212604627,5.979531304372885,5.209060353782555,4.812414068886285,4.559548719758128
10.513658212096084,5.979010512869732,5.210285721748483,4.812558166098361,4.559544838526669
10.511617512770101,5.979878252295723,5.2099169353291215,4.812866547176316,4.559454254190102
10.510139643927099,5.979991397921867,5.210254525613026,4.812560972852252,4.559445162006224
10.50837631313079,5.980142112317799,5.210699714287341,4.812524255554246,4.559640096670262
10.507744943308655,5.979586424483647,5.209911257101446,4.8126471079066215,4.558990516406109
10.50674955016167,5.979624973249348,5.209766929588015,4.813603882827479,4.5589755922829
10.505389511366904,5.980301895566622,5.210373653014792,4.813600426191812,4.55999244409312
10.50285223186416,5.980672244112109,5.209774131233769,4.813760033462599,4.560710110411257
10.500734715345429,5.980880862765196,5.20987143182173,4.814157525068376,4.561284198702835
10.499234906207636,5.9812111678754025,5.210200791094523,4.813939791492832,4.56188547516799
10.497221489626366,5.980530816803025,5.2098242340657075,4.813652872168045,4.561656553765598
10.49622250473942,5.979569497662786,5.209724549469393,4.814215116651771,4.561804183430593
10.494728251385283,5.980078230664097,5.209271638207772,4.814428373119837,4.561467074709797
10.493170794744984,5.980379567102821,5.208717734473092,4.814274580790279,4.562010496655496
10.49218880101803,5.980307550505619,5.209586919150694,4.814211716918435,4.562513808578362
10.49053464228266,5.980680026932782,5.2092871117316815,4.813993021583442,4.562090848530143
10.487904573528512,5.980007694618216,5.208716960352602,4.81354564876811,4.562065517150082
10.485430694624032,5.980463645182066,5.208068947563611,4.813099325462281,4.561596081428921
10.484363534233786,5.979866446437257,5.2079448970158895,4.813189947966373,4.5616962480545045
10.482875129369301,5.97976882135702,5.20729162547171,4.813636580068079,4.562140871004074
10.481586008037262,5.979238365666341,5.207375004707179,4.813133007389004,4.562610075924067
10.479571797381872,5.9784761650664695,5.207724921572086,4.8125293781305905,4.562325514956669
10.478608396350257,5.9784776811299905,5.207164842387641,4.811855783485588,4.561856617662321
10.477522524750125,5.978104573938421,5.207282381403482,4.811755021893366,4.561665157104907
10.476221246707842,5.978185938896188,5.206912029336616,4.811504659445389,4.561530353798383
10.474464193481095,5.978276782965329,5.206909026449246,4.811711961703626,4.561749861912333
10.473010426982608,5.977950933183778,5.207444649553701,4.811753716773665,4.561353505736237
10.471708819979714,5.977608560725391,5.2074029307684455,4.811483468256347,4.561637151808966
10.469680861105402,5.977858715315899,5.2076146779290164,4.811683256080352,4.561407500002757
10.467283550046568,5.97763424778042,5.208153361085666,4.8121629811998305,4.561294341503605
10.465951284059692,5.977593417775903,5.207869331615783,4.812147735258302,4.5606391373954525
10.465482317533969,5.977680946213613,5.207052848458075,4.8125646262016915,4.560880380729129
10.46431842761544,5.977474798520024,5.206403721410495,4.8124062937612715,4.561077680582037
10.463060737873342,5.9775982689213105,5.206502945358689,4.812868584813298,4.560747997610418
10.461591554861538,5.977494816963269,5.206151147421096,4.813560976415407,4.561736765028048
10.460329106988203,5.97783019561287,5.206532487199917,4.8136473231209775,4.561706364047549
10.459524287594308,5.9780613345493805,5.206636745580952,4.813646260497095,4.561535811395668
10.45718580980798,5.977839432054112,5.206906282094655,4.813709195321588,4.561236254821787
10.455367958046006,5.977401242998546,5.20635652485008,4.814084666075106,4.5612793172904835
10.454557527260178,5.977010154067792,5.206844113816193,4.815110104159635,4.561491364850604
10.453563382751064,5.976344288108452,5.206660161178077,4.8146240086646745,4.561697103047485
10.452425716739889,5.97702380375312,5.207397400228405,4.814226502511434,4.561803374971662
10.450533433911906,5.977193900049089,5.207005839194021,4.813899342446914,4.561792528187787
10.449841750984762,5.977239080827627,5.206978469108468,4.813966897423588,4.561700084600876
10.44799729064996,5.977004677270648,5.20660457235532,4.814658393723299,4.562093301576191
10.446328809450408,5.976669375073291,5.206681897829314,4.814538553063899,4.562878443075919
10.444649854348583,5.975969125175931,5.206641637099656,4.814518370418071,4.5626397631591775
10.443402807793495,5.9765138778039,5.2071098804189875,4.814172735378953,4.562199046173005
10.44177974632808,5.976066565655526,5.207216987439565,4.814463544743401,4.561462496433939
10.440415375010021,5.975975338012813,5.207300840850957,4.815374578059535,4.561014311289518
10.438863764194757,5.975924082091532,5.206857304510691,4.815047539088446,4.5609945343734255
10.437829198117633,5.975924681285557,5.20702723584144,4.8147722021568695,4.561245017581516
10.436234217641472,5.975774617914349,5.206685700495849,4.814489740940284,4.561706513520375
10.435220985525794,5.975956863748568,5.206775481057096,4.814489738736025,4.561274018415004
10.432591133694633,5.976741627724852,5.207272362737328,4.814517482743993,4.560651286075407
10.430853440341824,5.9766314106010165,5.20746949811482,4.814317236020146,4.560640720764278
10.429350843079282,5.976536692460002,5.207065676908358,4.8142680652898635,4.560662461259354
10.427321960546337,5.976380001376408,5.20728571165095,4.81380355619269,4.5603548808518495
10.425683305954792,5.976246781179891,5.207510027518639,4.813812986351329,4.559979980796046
10.42442886142742,5.97605308662992,5.2079638103843795,4.814071176744368,4.559707687847153
10.422531833321772,5.9755373036325965,5.207238277363158,4.814531542167033,4.559000311450192
10.420376638794396,5.976092028603777,5.207341460595804,4.8144034012773655,4.558795017810242
10.41827314578375,5.976356201920628,5.2065896360201425,4.815003099520345,4.558485188760048
10.416896626238978,5.976662853404132,5.207051597021322,4.815107872774467,4.55822789380684
10.414536551765675,5.976910793978088,5.20747299267436,4.814866165507515,4.5589353121676535
10.413018727063712,5.976840220273209,5.207501709285594,4.814563654841714,4.558603768497617
10.411110419687871,5.975689887298431,5.207222002835942,4.814953280281543,4.558264084221758
10.410456704560135,5.975201962203261,5.207051697866295,4.814844587818884,4.558550570837675
10.408937545103186,5.976353407046374,5.20685553522671,4.814878929362577,4.558574218189015
10.407155107288483,5.976440667265097,5.2077619400114115,4.814702116412881,4.558206728526524
10.405609375441538,5.976673112912968,5.208156308051982,4.81503982493516,4.558698032913701
10.404336813121981,5.976253608220897,5.208532885530733,4.815103394524602,4.558514829810339
10.403428616937896,5.97575051082132,5.208791246156737,4.815226024305317,4.5590304817672065
10.401951095435626,5.9755404328321085,5.208909380960325,4.814792530417792,4.55817821508279
10.399485870374745,5.975552137823206,5.20816937434855,4.8145917789597865,4.558415497593137
10.396781982283322,5.9755661752954445,5.207565620620137,4.814853438593591,4.558275399601941
10.394926339457689,5.975503357707477,5.20701083938746,4.815208788777961,4.558425377068531
10.393410595904463,5.9750409984253805,5.20792637783718,4.815394298314629,4.558850849769909
10.392290015806232,5.974795215032254,5.208031022618388,4.8156158667558815,4.559007254260325
10.391030215994089,5.975049371540999,5.208310990776673,4.815914042577069,4.558747032384019
10.389589905460305,5.975070820372795,5.208598845333697,4.816016907446852,4.559025163683936
10.38719376443216,5.974862108854126,5.207820646677947,4.815921741692699,4.559142580104723
10.384879068844239,5.974061584667397,5.2070691976413706,4.816342857643493,4.559520705021666
10.383429643225044,5.973264794725023,5.2067292159222305,4.816442858303948,4.559441471655932
10.38221134644844,5.9727097662178785,5.206878731439719,4.816921769044338,4.5592506946105775
10.380390817367829,5.971507186173143,5.207463834198256,4.816855780524296,4.5591081664808
10.380435039056193,5.971414368283068,5.20759947738492,4.816462454612652,4.559151649475098
10.379855699356106,5.971550343825832,5.207896136765982,4.816003394723285,4.559559491708432
10.378089600385621,5.971453184998313,5.207046583918638,4.816160602625026,4.559565046221711
10.37644581847382,5.970909749401787,5.207427543793079,4.815782078194937,4.559986588568413
10.375957657374295,5.969801593602188,5.20710481943846,4.816946117997031,4.559759524918046
10.374816236424017,5.969644711589094,5.207047709599527,4.817302916676792,4.560275500967831
10.373326393678404,5.969378977668257,5.206944979813702,4.8172624501164165,4.560500630093284
10.372201142518417,5.969106208276058,5.2065805360545285,4.816740704688473,4.560185242804928
10.371083441642593,5.969062400029957,5.206551505958495,4.816612485938664,4.560241065185565
10.369693728216687,5.969401757842761,5.206821310223357,4.815938404549321,4.559887873898646
10.367725489592111,5.969200362899789,5.207017503126904,4.815651702936049,4.55935910647666
10.365502266748715,5.969677049345609,5.207068170544176,4.816502392395443,4.559523417261586
10.363142838230022,5.969844975912502,5.206648192929395,4.8166539941909,4.559922629835977
10.361522602112151,5.9697578989102755,5.207921964181495,4.816963631042093,4.5600269439935275
10.359953519103158,5.969538827553633,5.207776480954458,4.8163813844013434,4.560142843607667
10.358447594650894,5.969334155923015,5.207923857792911,4.816336863039548,4.560008399829105
10.356726342831516,5.9687560227503,5.2072955492321045,4.8166331096778965,4.560484069991414
10.355511532324535,5.968550861671954,5.207365924549378,4.816921123235301,4.560074848812664
10.354283447089832,5.9686719444215575,5.207095945760401,4.81707772008285,4.56076825873643
10.352272552255247,5.968643453248836,5.207235250654204,4.816575819140683,4.560673861923613
10.351707402801075,5.9689797245317555,5.208111976452335,4.816386966216962,4.560221785368661
10.349805801198563,5.968976504093892,5.2082753710667244,4.815964769946905,4.5598461622476165
10.348889240177199,5.968205839327012,5.208167750808014,4.815994798314982,4.559816810591467
10.34805231899588,5.9678021807016,5.2081243582390835,4.816291665702219,4.559900089216807
10.347172305723555,5.968214424688425,5.20803360249227,4.816628700145761,4.560056430327221
10.344605083378033,5.968015697996847,5.208824412410997,4.817143716418189,4.560141082611565
10.344112695630537,5.967885825748837,5.209556945146771,4.8167889234396295,4.559748465041502
10.343235830454567,5.967778743782152,5.2096397170364686,4.816670086185707,4.559192999317858
10.341892861009054,5.967642064083619,5.209569989747335,4.816689789090369,4.559114239333285
10.34008068429721,5.967764607278292,5.209232584708202,4.8163948996652515,4.559513678329634
10.338555216516456,5.967766587057703,5.208910457875144,4.815970559823977,4.5597804640196005
10.336454679108538,5.967018778900749,5.2080185846848925,4.815940510824519,4.559977985096359
10.334450703212193,5.966275272505624,5.20810016809191,4.816005766323634,4.559461578232901
10.332657721436139,5.966359534037583,5.20734980186689,4.816071309749226,4.559306016858818
10.329948784281674,5.965969083652104,5.207254581119372,4.815329853258176,4.559332962585911
10.328081801491198,5.965243509682124,5.2066386986377236,4.816642514787533,4.559705225726366
10.326486900975523,5.964710934404093,5.206508913360953,4.816460891623589,4.559930135749765
10.325769491005488,5.964324804316898,5.206954301660217,4.8163768355323375,4.560114561254822
10.32473116067656,5.964000147811916,5.206378213229646,4.81633386253496,4.56014305624712
10.323400852689705,5.963769699540678,5.205926548437294,4.816399939303108,4.55988980004512
10.322235717979579,5.963646135368173,5.2058253585275125,4.816782838248556,4.559708849290668
10.321426683559277,5.96347520770235,5.205241780853054,4.816645492946241,4.559415121794154
10.320778334953568,5.962993443960493,5.205589287253943,4.816596643491224,4.559593103555116
10.318888191199315,5.962792575934745,5.205302894690848,4.815984116840742,4.559837509866874
10.317788436653666,5.962939127755354,5.2051496377191535,4.815609219802225,4.559635701298578
10.317130582953338,5.963829290846567,5.204946166469641,4.815785657527835,4.559782458108998
10.316866832795867,5.963149928046462,5.204614451818185,4.815600237743655,4.559267253156692
10.315633245095315,5.962668553290219,5.204753537623808,4.816131747005344,4.559858205838514
10.315203785761296,5.961887843071537,5.2052089313418515,4.816367187559402,4.55971058538249
10.314625714414863,5.961639212563541,5.204827989098981,4.81638706411827,4.5597865074181465
10.312864454623261,5.960775014367039,5.205045631433504,4.817364107564564,4.560173418861709
10.311587719677396,5.961008137535281,5.2053769400323295,4.817078255474938,4.560195297087027
10.310496094267247,5.960406503434909,5.205756224212,4.816665856986396,4.560642791063772
10.308694213746564,5.960257369337077,5.2053046672105925,4.816119112852668,4.5602598819000315
10.306894101892045,5.960324857762382,5.2049824595451355,4.81666370883214,4.5610531201211915
10.305756414266071,5.960359246194262,5.204950443849817,4.816952591754593,4.561052128075881
10.304601540022531,5.960235526220371,5.204414867763455,4.816802316077532,4.562078698108807
10.302428321301097,5.959908744785148,5.204371800624149,4.816572680540488,4.561970779392081
10.300999959578386,5.959627800562361,5.204342084559235,4.816212742044045,4.56191464735044
10.299670989552306,5.959424993598736,5.20452540324656,4.816487289642308,4.56115842120461
10.298567663027546,5.960022306683629,5.204377586983723,4.816540955290349,4.56103210910501
10.297766423882093,5.959656363594994,5.204167091692345,4.816118346096895,4.561357029372886
10.296276151999999,5.95910268004021,5.204313508982069,4.81607315687651,4.561233781964591
10.29544663148138,5.959235852518355,5.204211044552485,4.816016283817066,4.560671435521601
10.293700983494888,5.959026286765248,5.204551637774766,4.816225224338664,4.5611183980498655
10.291968714435383,5.958995377689817,5.204104823472456,4.8165136548286736,4.5615587349494255
10.290571265156494,5.958562970562366,5.2047096420029355,4.8160869186501865,4.561109032197918
10.288776798675707,5.958111977643993,5.204481232400034,4.816566360564459,4.561304499388409
10.287618612255255,5.958633778343542,5.205062269630518,4.816283695241238,4.56127483193311
10.286472517748951,5.959324131615014,5.2049804103394495,4.815932227568581,4.5610746284670585
10.285090484341787,5.959141870873086,5.2046701917445635,4.8162510415051605,4.560837370037232
10.283454499476578,5.958224638671832,5.204841215427925,4.816259980001817,4.560650127569746
10.282796484132053,5.95824190051862,5.205165353300851,4.816317417501737,4.5605047792029785
10.2811941048874,5.958249680627198,5.205021444344108,4.816772390783066,4.560576917205291
10.279585380639348,5.958409039968891,5.204665721926306,4.81774517561176,4.560461371205747
10.277640970073728,5.95818302542287,5.204509789492921,4.817726128206397,4.560247727764829
10.275941357564767,5.958022250379607,5.204233445318513,4.8175903901607295,4.560813916965472
10.274481326026173,5.957801595836629,5.204150689345548,4.817813412525528,4.560667483056156
10.272638569430413,5.957151366899699,5.203999313718757,4.817286240496986,4.560838440080528
10.270386536916098,5.95671563222797,5.204373313376289,4.817636970950951,4.560701790689162
10.268657649319216,5.957371542398073,5.204424197602193,4.8174748301373445,4.560820999479665
10.268312139336171,5.956888688014838,5.204478540706794,4.817088625442988,4.560930532107689
10.267218343946668,5.956367631620831,5.20440021607611,4.816871817906698,4.560384003851149
10.266220746207145,5.955952787717007,5.204266700792286,4.81705562066264,4.560805238398626
10.265655258784152,5.955464085384161,5.204305149077311,4.817005775083316,4.560908279990515
10.26424933405499,5.954716648978785,5.204697259187831,4.817088839879514,4.560984870690606
10.262623274934265,5.95458578997335,5.204331762114015,4.817094335534884,4.561167051416807
10.261344456606624,5.953412294123642,5.204712253924552,4.81771892933304,4.562164017104045
10.258986533546237,5.953792728194895,5.2050214028965724,4.8180868554352925,4.562783699099011
10.257117774912713,5.954189740826428,5.204799808450476,4.818153544427548,4.562701840920546
10.255501014996419,5.954913889280463,5.2050171018438,4.818489386180861,4.562463113691955
10.25422656200023,5.954485374105905,5.204256864988454,4.819076947707244,4.562223475304936
10.252851633472337,5.954521466223574,5.203918285132771,4.818469456282768,4.561868900225307
10.25131202573476,5.954625985031297,5.203038704717837,4.818298791535713,4.561707106431764
10.249674894688672,5.954398225343254,5.202700888215838,4.818037472155447,4.562352222059473
10.247921628052532,5.954228866317295,5.2028219973390035,4.818070524381921,4.562077905220415
10.246443828910818,5.953114705548397,5.2034083168456675,4.81776463670005,4.5625546443817235
10.245706488869407,5.952588761673814,5.203562956802116,4.817930937864236,4.562563522853798
10.244626365569195,5.952642771509775,5.2034272187869455,4.817921765969189,4.563033302187394
10.242527008581503,5.9524784737651535,5.202675055722713,4.817698921813503,4.563139748822612
10.240799956326962,5.952346939064882,5.202410586727465,4.817860398093203,4.562231333080036
10.239105523976079,5.951611798172668,5.202516865114251,4.818345502289263,4.56299552149403
10.236661157241235,5.951678888483362,5.203543926333333,4.818388186837291,4.562784023468311
10.235095985376985,5.9516432905904155,5.203485019648226,4.817767570203376,4.562166649322468
10.233923107810915,5.951363702636911,5.204266352920448,4.8174090386745565,4.562464011487531
10.232021875323925,5.951108483514875,5.204043203177062,4.816867258021679,4.562554297052238
10.230967740217844,5.95070047323641,5.20380225097924,4.8163035868814115,4.5628553465531585
10.2297032601866,5.951330391217584,5.204135327796413,4.815518084748151,4.563320651250343
10.22826251743396,5.951198629716663,5.204926921921779,4.815998176885983,4.563038432062782
10.226593628305519,5.951343776622495,5.205271841726736,4.815981428024217,4.563575421909067
10.225146124086443,5.950381740047321,5.205913965759445,4.81588381541897,4.563077142906398
10.223402976468329,5.949993907460233,5.206614160094514,4.815865511709123,4.562549782816082
10.222565570685381,5.949258102484739,5.206819416525585,4.8155550735244335,4.562086205404313
10.221782976001549,5.94901426355413,5.2074563944684815,4.815090929986609,4.562226028275711
10.220327680808488,5.949035181358912,5.207087173472325,4.814767411702585,4.562453880060188
10.218558212609091,5.9485079870156365,5.2066547840719855,4.815054689023381,4.562129546044241
10.217184999646902,5.947758792010882,5.206996166849084,4.81473724428674,4.5624387353951175
10.216145301839637,5.947408806465627,5.207129513535253,4.814465590069014,4.562780197439792
10.21533871320338,5.947529655006716,5.206997723620961,4.81458760035064,4.562856339031835
10.214334826918485,5.947581208264886,5.206795857013667,4.8148209504868325,4.562984836056106
10.213186472103049,5.947045898152124,5.206824013405967,4.814528750906312,4.562508042540981
10.211998674518197,5.947180608616632,5.207006603560414,4.8142273951121295,4.562172904618737
10.211023987376171,5.947367241978645,5.207041544499605,4.814181829276293,4.561798762108968
10.209760078200175,5.947908614006851,5.206769992449178,4.814231570294083,4.561292268995485
10.208799096323897,5.947896074782753,5.206778241808847,4.813414079488036,4.561573065453321
10.20858248976088,5.94728546833384,5.20649796649935,4.813461943547233,4.562074810153301
10.206701039492179,5.947234623732122,5.206573685441255,4.813537398284532,4.561565794681003
10.205849553188335,5.9468982090471885,5.206252299414741,4.814050863364201,4.561995556037924
10.203949030403972,5.947854498096561,5.206771278691318,4.814606646416893,4.561895638219972
10.202796649468159,5.947626029857766,5.2069237662058745,4.8147801113696636,4.561610992108414
10.201663240209802,5.947789235419525,5.206789546972745,4.814972889371765,4.561835490134888
10.200520114166276,5.947885329559599,5.206555641426016,4.814594579039554,4.561915957908362
10.198986525922209,5.948154789563771,5.206795536762959,4.8143213473139586,4.5616498994827275
10.196657913945804,5.948643490535256,5.207289122041015,4.814056995428942,4.561341882589248
10.194816794560229,5.948610382641366,5.20748484289157,4.8141025088518274,4.561216932651034
10.194932242566935,5.948885280636922,5.20825769266951,4.814528933616181,4.560696983234469
10.193929391128474,5.948148238620326,5.208284338701119,4.81426726833002,4.560536558702668
10.192708663220676,5.948258952503256,5.20775185556746,4.813651662117066,4.560612760271344
10.191814916914907,5.947813146972451,5.208053722206889,4.81334132816771,4.560789913709821
10.190409540680704,5.948208595644612,5.208106248688171,4.813140291261236,4.560842149926567
10.188229231839545,5.948315411645707,5.208581270006424,4.812930885377561,4.5608570763061325
10.186845350034652,5.9488377120945,5.2085117690982585,4.812364265186418,4.560334665663721
10.185919877021544,5.949313164398235,5.209196063780015,4.812975991028611,4.559888347374495
10.186121934463362,5.949330405097441,5.2088922455002065,4.813240017319545,4.560183520089036
10.184741592816968,5.949759140818767,5.2087768604368705,4.812974041565917,4.559898718471302
10.183744914289834,5.949492149051005,5.208833968837736,4.813446883802061,4.5598935813463575
10.181824334701243,5.948928875856645,5.208345574882409,4.812984569134119,4.559454815454237
10.180333047513987,5.948173183538319,5.207960229520824,4.813158941908113,4.559121693490977
10.179556535882327,5.948050024808412,5.20769600648461,4.812373553697191,4.559368671583848
10.177055791794583,5.947915567966088,5.207045316823868,4.8123201410848315,4.5593810008692115
10.175385274519503,5.947442419906755,5.206546053896624,4.81241384014583,4.5597617617255874
10.174797160667554,5.946947933710343,5.207439504248883,4.813074239375695,4.559553815439591
10.1741863786218,5.947113367197986,5.207371332811162,4.813509483770891,4.560072394360833
10.172266817169353,5.947311882919197,5.207029519776875,4.813901664355679,4.560032705009334
10.170570576292837,5.9471883286013565,5.207108835634004,4.813901145870869,4.55968552420282
10.169150496063804,5.946935526266877,5.206778875087203,4.814075242753852,4.558992095383106
10.167073657698413,5.946151504521691,5.206484682913651,4.813735108365371,4.559452965776083
10.165042652130127,5.946148927688599,5.2064635452270505,4.813605787022908,4.55941600189209
10.163709540865314,5.94631127927349,5.2058478870879865,4.8137906468245015,4.559617438296011
10.161986286486473,5.945291062270192,5.206248170591506,4.814190661710313,4.559922647908068
10.160732027821647,5.94504418705726,5.205826358419384,4.8137820974325605,4.5598762738691985
10.159450276219001,5.944784016606654,5.205945689986525,4.813867558184426,4.560131100912941
10.15832195079073,5.944780754408938,5.206539210106464,4.814320587224149,4.560308413809918
10.156119709633437,5.944200349576546,5.206597035898293,4.814425148145117,4.560284957044115
10.155116377677471,5.943583969482074,5.206526496585194,4.814120578588512,4.560668099825998
10.1532892978261,5.943264533152811,5.206684266767537,4.814414923455699,4.560882840078053
10.152012557993523,5.942927214876608,5.206151045052109,4.814526022239855,4.560947974776007
10.149947305573077,5.942245814654808,5.206259302751455,4.814108048826061,4.560926708555348
10.149369182667575,5.942964132492008,5.206415863330392,4.814010032414126,4.560564678648244
10.14850511384124,5.943371918445298,5.2061422569889455,4.814308802160436,4.560754307629131
10.147992120961012,5.943210458477675,5.205853776911558,4.814275579811153,4.560543201358642
10.146704025531081,5.942984913568007,5.205701571535723,4.814388878324033,4.560349666737829
10.145245576787877,5.942798047217112,5.205916997869179,4.814276312141822,4.55985428454384
10.143235395472873,5.942159341164583,5.2057944846998,4.813746737399976,4.560095953348766
10.141638515615565,5.941841165182707,5.205816987705029,4.814074248012478,4.559751090111239
10.140898366233879,5.941834712116667,5.2057329030246,4.814038630206939,4.559154446138884
10.139948364799604,5.942362053844971,5.206065120012229,4.813994618000929,4.558801408805968
10.138036723879207,5.942553351988579,5.205845992105932,4.813760386167542,4.559186376053299
10.1364234255839,5.942446526218567,5.205640564990949,4.813882059060068,4.55935730033786
10.13541472253513,5.9422432516648005,5.205419072868576,4.8140039171239986,4.559706941301973
10.133838854549557,5.9421006026584555,5.205604695419617,4.813766874804763,4.560658447860541
10.132316825639705,5.941973328527618,5.20546120778707,4.8136042836718085,4.561015410571427
10.13121450951225,5.941792135364131,5.205233197463186,4.814257932336707,4.5607329019747285
10.129409353586324,5.941600318082943,5.204796956627699,4.814262498121146,4.561292262531342
10.128269224888895,5.941575725873311,5.204896965488149,4.814071453332149,4.560738203277348
10.126693884197563,5.9418558323940855,5.204522868801404,4.813783968240414,4.561471322180407
10.12600057941525,5.9417884005468435,5.204944580042062,4.813645379508243,4.56163586513335
10.124103287574187,5.941750389134164,5.204886706544971,4.8132146976751295,4.562132645654553
10.123549197928478,5.94128401219407,5.204823756893434,4.813525364631621,4.5621599985945265
10.122848486987845,5.940666122091461,5.20457402485856,4.814109917142095,4.561571468529304
10.122122468438539,5.942006871760267,5.204355449296643,4.814888795091921,4.561439851295023
10.120925732967802,5.942170815170591,5.204490198522041,4.816226425315773,4.561252514313128
10.119223539741876,5.942748272356563,5.20422654950806,4.816491515848649,4.561528431807513
10.118319555828547,5.942872408108833,5.204324922656464,4.816827792886787,4.562157892419804
10.11699294171074,5.942101057727966,5.204047581141963,4.8171936257364365,4.562215847200928
10.115599670150925,5.9423138287699295,5.203808587069793,4.817164434167769,4.561940801374213
10.114089538809399,5.942198766436323,5.203837861835396,4.816506246165173,4.562065349477212
10.112456080434217,5.9415533612353375,5.203775340894495,4.817066322979043,4.5626703277269165
10.110639456916203,5.941102624810563,5.203786451532846,4.817037181341574,4.562448844531384
10.109672551610286,5.940735071602126,5.203862373817695,4.81735978813052,4.562691316918029
10.108150595793262,5.9414513052690765,5.202664411726784,4.817679213905732,4.563047608444166
10.107327678167552,5.942139267113881,5.202460820628927,4.817659826189233,4.5629321394518305
10.106106325735649,5.942018254225453,5.202046046033502,4.817330363020301,4.5630522089699905
10.104777494238913,5.942023933213059,5.201961643803808,4.817265968655374,4.562723944548329
10.10338316747723,5.941502598272278,5.20192846261996,4.817493574800402,4.562901335998083
10.10273092808478,5.941126163713769,5.201854974976816,4.8170324930348745,4.563123216371144
10.10029170840297,5.940923491411546,5.201586467684431,4.816950102234085,4.562782970138994
10.099424551678942,5.94104432527121,5.201493030275618,4.8165444016146965,4.563183539254325
10.098098631836049,5.939967633902965,5.201839857878839,4.816323293827528,4.56285519924243
10.09728767863196,5.939724815157825,5.201774129610206,4.816397397828708,4.562961881372306
10.09654855802346,5.9398207554431375,5.2015851366322075,4.816062534127493,4.563640685126
10.095513731163978,5.939521615155439,5.201391636243813,4.8158092579117335,4.563213252477413
10.094069783551705,5.9390224752030845,5.201484648427815,4.815776063864713,4.56320053085762
10.09284952327663,5.9392046630845545,5.201409815383784,4.815779836482794,4.563151092124318
10.092398870805775,5.938797004598022,5.201381972734479,4.815636881513378,4.562969800354778
10.091630207215697,5.939064346196056,5.2014659647490165,4.815137435535169,4.563029713539404
10.090784000635393,5.9394962283423425,5.201165357198192,4.814796649559084,4.562961581820909
10.089145252809352,5.939037178468334,5.201049539901182,4.814353614752915,4.563175913098554
10.088442806862602,5.938782076328254,5.201287173658363,4.813883336984421,4.56328905145984
10.087639247380277,5.939271452627541,5.2019127025761795,4.813405402247045,4.563073543278779
10.087058186900135,5.938831449539177,5.202025964041121,4.8138501230777235,4.563439913209378
10.08725809350095,5.938685203102706,5.2018570401977176,4.814248051331054,4.56265042072845
10.086587746610347,5.938459309228917,5.201753641035139,4.8145466263761225,4.562925479215445
10.085235841860174,5.938352689860961,5.201816611287521,4.814496522831708,4.562937047787391
10.084437360969803,5.938503491890787,5.201858393195729,4.813943428310626,4.562893555044023
10.083741878150237,5.938324584583001,5.201674126744332,4.8141643005858,4.563043749583976
10.083836617293182,5.938040854876915,5.201680929204564,4.814533367323778,4.56337447090404
10.082723058832949,5.938528233628653,5.2022178675644195,4.814234516614507,4.5632538063667125
10.083050126774584,5.938297024366177,5.201915178245042,4.814546741169991,4.563749444815508
10.082287923825602,5.938054963877462,5.201637192756993,4.814534405040692,4.563572666004614
10.080753383695223,5.938049026705646,5.201565641519715,4.8143215960300925,4.5631144066366085
10.079248786523074,5.9383849890920795,5.201736909539471,4.813829802439236,4.562487782668676
10.078003337077606,5.9391000927411595,5.201440690969809,4.814073043236366,4.562558342982562
10.077142432920143,5.9387852962294465,5.201432839715744,4.81395410892598,4.562823880580313
10.075731516861525,5.939017316723456,5.202017349420024,4.813751564651239,4.563102516116666
10.07489037648019,5.938469652511863,5.201921009980771,4.813473822334395,4.563071073780168
10.073202065093978,5.938243818746741,5.201523839024219,4.813182723924838,4.5631752889012365
10.071068845197672,5.938240375787096,5.201819306810189,4.813011012113917,4.563303109020223
10.070142268159394,5.9382550154483145,5.201705243324209,4.813355766678637,4.563352380671628
10.069052598765143,5.938032106775743,5.201375778438975,4.813600292849066,4.563587363057437
10.0685981666713,5.938092146392253,5.20108205950662,4.813810113988687,4.56414121541597
10.06848333124119,5.938243931565375,5.2006915954377595,4.814426179440914,4.564317115050545
10.0672240816817,5.937263130776736,5.200681959974522,4.814321194862833,4.564797134423743
10.065447979226276,5.937285954462272,5.200781229987915,4.814398492251897,4.5650908832705674
10.064313245232803,5.937317627164081,5.200434864721775,4.813860419207271,4.565538434199723
10.063757587681604,5.937798908275424,5.199965178328877,4.8132133544614835,4.565505812742609
10.062735460683431,5.937764676792316,5.199999461227425,4.812797572365118,4.565334810623083
10.060955257270173,5.9379606835411405,5.1990413922996614,4.812594374930889,4.564837914022781
10.059306240033278,5.937577386474803,5.198811512148635,4.812210374785585,4.564514570173145
10.058614739804446,5.937139917765405,5.198806867420098,4.812133677549998,4.564060477963182
10.05713746654309,5.937051700019255,5.198971402596652,4.812056025353874,4.563763717689166
10.056201302260538,5.93692839079063,5.199103828127945,4.811950246230668,4.563449843030342
10.054645017197895,5.93680153219833,5.19875587085782,4.81147161716132,4.563655704048079
10.053354667322942,5.937412518042105,5.198595363678876,4.811701938865271,4.563698179161772
10.052189394136471,5.936889572390195,5.198285604345387,4.810730948651297,4.563853104143549
10.050815195343667,5.936920451562053,5.198467229262138,4.810952001456615,4.563569826216971
10.049227806814052,5.937171195294961,5.1982145756332105,4.810980823868555,4.563431613592633
10.047795118742352,5.93655760185628,5.1986092883725705,4.811102878473982,4.56382532324972
10.04593988323984,5.935832529053514,5.198691932537295,4.811149222648096,4.5636126101017
10.043544516276397,5.935837220229099,5.198454520891698,4.811187719056627,4.563471250119207
10.042572368384613,5.935268818789715,5.198197616966718,4.810969933460648,4.563644698584646
10.041934925838815,5.935046294893262,5.198259571696123,4.811004984914925,4.563577672578639
10.04111056014745,5.934720919951044,5.198271294555279,4.810507596622814,4.56348458432188
10.040107064870558,5.935177686658548,5.19786924909065,4.810536050965003,4.563324532443859
10.039834266714564,5.935037559144552,5.197229129394778,4.810594603223829,4.564392055801138
10.037962709600976,5.9351681182917115,5.197083355859862,4.810526089901523,4.563915617827869
10.03823899597891,5.934774843074622,5.197015356873313,4.810776558614546,4.563680390797315
10.038220792333185,5.9340148014145475,5.196881486907113,4.810574096276118,4.56323001811126
10.037061809653121,5.9341940165526434,5.196544125961273,4.810673697357331,4.563617216856458
10.036506189913622,5.933812336880895,5.197125503509322,4.810483432620029,4.563938900520889
10.035463289235919,5.933125560312444,5.197467609910178,4.810489174345849,4.564271433372613
10.03408081750884,5.9325959325256274,5.197203422563648,4.81086107184984,4.563938661218589
10.032561337648325,5.932551261647862,5.197242021081435,4.810721261537255,4.563723032558384
10.031109527509336,5.932198281266592,5.19724878002686,4.810376720294349,4.563734691505873
10.029815409796305,5.932249376931822,5.1969886965541,4.8104284264476425,4.56354541292631
10.02908893021518,5.932491661493825,5.197372128122486,4.810408269228555,4.5636913855352175
10.027702840185214,5.932200313570985,5.1971497863321865,4.810511271716838,4.564045470241558
10.026341594370983,5.931823362264418,5.197210259067086,4.809971864360914,4.564282493423997
10.025361405345864,5.93180104881107,5.197211949763174,4.809736161528226,4.564325186795367
10.023746136850157,5.931555605077959,5.197618814486531,4.8101077325713,4.563798174717215
10.022256778883147,5.9317625701367795,5.197548620216362,4.81068444872523,4.564088829764136
10.02043051836549,5.931956245995808,5.1975907766562575,4.810490405219624,4.564084834251003
10.018468860864639,5.932683742165565,5.197270856857299,4.81043761754036,4.563946647405625
10.017146191318174,5.9325151480417855,5.197043038558388,4.810630221655225,4.563917973111833
10.016833703834694,5.932421412382212,5.196932085982331,4.810618606123414,4.564125737705669
10.01580147545634,5.932228354650679,5.196800403813987,4.81101092849442,4.56403638194099
10.014576852916482,5.932402738197121,5.197088038374088,4.810937005840613,4.56470859074545
10.013142420466702,5.932318943932169,5.196898643988327,4.810987511061671,4.5652303210517715
10.01198265131782,5.93227117760469,5.19671925495296,4.811239491906742,4.565416314428373
10.010759578632607,5.9325829556051275,5.19677997954045,4.810337778817496,4.565270584497989
10.0100805728559,5.932685773092437,5.196570170353134,4.81060976585544,4.564818815049897
10.008838915362057,5.93309109777049,5.196066432713631,4.810201526815586,4.564992172792813
10.007711217889739,5.932745272484585,5.196384008844101,4.810198815545039,4.565322921643803
10.00642985553068,5.932189641100799,5.196408313758808,4.810014587797851,4.565568837759093
10.004983738449885,5.932488216676011,5.196734062720009,4.810118229085835,4.5664188438807995
10.00435221805184,5.932313703626054,5.196040505623853,4.8099606449309125,4.566535176652851
10.003524089877631,5.932293562690219,5.196036226936462,4.809602636448084,4.566889364290853
10.002433168917673,5.931941121032753,5.195535158933541,4.809482232394348,4.566338810317274
10.001380060636809,5.931825764240727,5.1956313369529585,4.809038628424917,4.566189476658428
10.000016431851025,5.931428427618213,5.195843153917146,4.808877437375948,4.566363489267315
9.998436371327864,5.930321016207677,5.195878717542522,4.809097851705031,4.565948335810152
9.997519193869406,5.930182722903171,5.195814745682428,4.808630488779712,4.565636616050754
9.996427220873313,5.930145261075237,5.195231804163149,4.808755440641158,4.565188969125842
9.996146374560418,5.930322262982458,5.195512563152398,4.808927840728797,4.564565741738607
9.994745465579538,5.93068711835482,5.195506142461571,4.80913726948607,4.564370720252085
9.99417884480641,5.930488675523382,5.195459466138454,4.809240751200481,4.564532039428311
9.992862970225897,5.9304479278123425,5.195300438776318,4.8091058206888055,4.56437013024398
9.991455032678298,5.931017319950056,5.195516868049716,4.809191707446251,4.5647054374365155
9.99111525162775,5.930648104459606,5.195611015477044,4.808929952793743,4.564656001205859
9.989293649388348,5.930618189448021,5.19529642762371,4.808959255561961,4.564692920102353
9.98779364920697,5.930538545228556,5.195154236971274,4.808624148016145,4.564488832884757
9.986513489158709,5.931089467988219,5.194488076637271,4.809057009519762,4.564806094834697
9.985564444922462,5.93115109175884,5.194318782519824,4.80899288912712,4.5659311727937215
9.984422261112726,5.931353136332149,5.193438002301343,4.809061100305682,4.566024740478313
9.98348566960162,5.931248936831482,5.19405101286614,4.808428192819197,4.565519838821231
9.982031245215211,5.931283276244097,5.194235466878753,4.808569625393839,4.565181391730546
9.980607631283876,5.931479395666657,5.193956728999008,4.808294028893568,4.56511231802675
9.979486575583568,5.93159983702901,5.19370246964532,4.807827878759886,4.565076150472392
9.97863400193235,5.931299763016241,5.1935818032571985,4.808198805876471,4.564944084477565
9.977311662206711,5.9313262324738165,5.193425320268087,4.8085147092666585,4.564904070977318
9.97561468015826,5.931177274518673,5.193677233643574,4.808636903762817,4.5649701618937675
9.97434608231227,5.930351853896847,5.194093510705855,4.808543104234427,4.565239718171999
9.973338177624871,5.930187453241909,5.194284433360194,4.808210331084681,4.564976838172651
9.972245299074359,5.930439393699081,5.194218885191862,4.808687404696116,4.564307364922187
9.971063597078539,5.930611216473182,5.194180468153884,4.80922999998498,4.565052385545034
9.969537222904723,5.930681993724432,5.194287847317263,4.808966047554931,4.565244806320481
9.968016052666009,5.930558173157231,5.194916199448057,4.808647630732587,4.565198879185955
9.966822933626059,5.9308189562305555,5.1944997728016675,4.809063583364696,4.5645711823022745
9.965609955531294,5.931746502426013,5.193912971753878,4.809043159932335,4.565186973307956
9.964285377414855,5.931907208185983,5.193583132991223,4.808572665504787,4.564851045957937
9.9628450863529,5.93205101811327,5.193264974281192,4.808107782155275,4.565014129504561
9.962201670706708,5.931821652771264,5.193257748877031,4.807990067641638,4.565279498689055
9.960795305065993,5.931766360678324,5.193183595610828,4.807949797234884,4.565443347140056
9.959478576842429,5.932046029580506,5.192536879725017,4.8080411980292785,4.565445029288022
9.957809831663878,5.931912089649,5.191959408523976,4.807965421304833,4.565165239235578
9.956729269236748,5.931676684852002,5.19164509176337,4.8078134718373295,4.565378154015112
9.95547673022039,5.931909375436814,5.191556560958372,4.808024262035485,4.565427365762697
9.95383084568664,5.931869277350804,5.191711971997635,4.808059109504495,4.566347943837335
9.952670006900446,5.9320570272230455,5.191193133940493,4.807805692871257,4.565923835400941
9.951593890720973,5.932220868827883,5.1912757104383145,4.807527472338864,4.566189455881708
9.949630023207447,5.931872186438335,5.190966637882941,4.80814411735164,4.566480436987733
9.949002450273245,5.931809269959282,5.1910140992600455,4.808200297510815,4.566709666763943
9.947399718321643,5.932052068108494,5.190920786718721,4.808302752254079,4.565971209701982
9.946108963812282,5.93184970872371,5.191334794066242,4.808201057363748,4.56563790916876
9.945614417933585,5.932282975758313,5.190891022594315,4.808014993177353,4.565547880677779
9.944435260622928,5.932143296423434,5.190616850129505,4.807193391137024,4.565361940103772
9.94296128019806,5.9319002974865045,5.190131158791771,4.807722940232402,4.565228546081587
9.941582762415704,5.9317673960263155,5.190356833016901,4.808269733031783,4.565010950582657
9.940382088026949,5.931254937826491,5.190307423082926,4.808710041720085,4.565744394485163
9.939157089405033,5.931671760367148,5.190089621403163,4.808192289331194,4.56575715397658
9.937845510486477,5.930605912923352,5.189862887679493,4.80798058975596,4.5651468896312455
9.93677537760451,5.930588086945472,5.18950726687476,4.807829101861186,4.565343193756664
9.935402962090313,5.930366033402042,5.190321906868387,4.807946555971523,4.565761675350908
9.934469141746016,5.929956720394538,5.190038623929542,4.8077385894115965,4.5656076635731875
9.932919919490814,5.929724321056977,5.189610829454591,4.8079385497395135,4.565469384883822
9.931808199332753,5.928920855455449,5.189644450331677,4.808108591998883,4.565586587167051
9.930965097109171,5.928923432714339,5.190135992596441,4.80801335595038,4.565599854220075
9.929633978418558,5.928948071606188,5.189894065856934,4.808951592962426,4.565302476308432
9.928601213273286,5.929495881862493,5.190025260912431,4.808845033994759,4.565311489996423
9.927921685222024,5.929489766053414,5.190461148650932,4.809055645648367,4.565054764240248
9.926286522532106,5.929504210152686,5.190236899575095,4.809781167229514,4.565125391733428
9.925326519140892,5.9294393138279995,5.190025611930652,4.809481890514643,4.564301916244456
9.923756804374548,5.929422247065948,5.189973353651854,4.808913434468783,4.564543075744922
9.922133085763209,5.929480430198827,5.189732322665375,4.808727701829638,4.564296859895192
9.920503765201477,5.929216816491742,5.189877935605594,4.809036153881282,4.56384425364814
9.919822218094202,5.929004555760355,5.190264130462778,4.808787505900236,4.563494707607502
9.918455987882705,5.928355582730555,5.190540394718954,4.80904553787722,4.563300703972177
9.91700998187351,5.928609216470512,5.190554712144591,4.809203593850993,4.563615965786026
9.915577231066111,5.928581245450708,5.190119078838243,4.809449439766538,4.56421733919749
9.914978893738816,5.92886500285468,5.1904017261528885,4.809213583470533,4.564041738254234
9.914363330808179,5.929181507834986,5.1905803582220695,4.809236438109957,4.564415377332789
9.91316043525977,5.929297878503685,5.190739031554752,4.809562774409855,4.565033330022575
9.912876962588735,5.929633376586951,5.19089767624887,4.8097350040691325,4.56496968577353
9.911640444080092,5.930048342471713,5.191170342398396,4.809745275478281,4.565315783508425
9.909782515885041,5.92931971985341,5.190823104139952,4.80967308139254,4.564907891914448
9.908590727768273,5.929141947827838,5.190129335793478,4.809633548215309,4.564907746399298
9.907546669614804,5.928967478054415,5.189758283360981,4.809920756614197,4.564983618293588
9.90604456830992,5.929251967068219,5.190478484556612,4.809375058039845,4.56518875647843
9.904502778790379,5.92937291271359,5.190068247095319,4.809656360904679,4.565352557383421
9.903161951855472,5.928958223044559,5.189825331192671,4.809910231450654,4.565270235951195
9.901557573713042,5.928361438477573,5.189885460955399,4.810083191319803,4.565341694566383
9.900312015020944,5.928174952883673,5.189784220027152,4.810266410469612,4.5654701592525795
9.89855180422465,5.928383221512749,5.18934199208305,4.810735217503139,4.565511392752329
9.897963428088792,5.928241770475153,5.1889862763433445,4.810298643470775,4.565251706158303
9.896604071788625,5.927921136938652,5.188665678453491,4.810321305390203,4.565107513109238
9.89519951244904,5.9278248111463645,5.188997562646979,4.810429192133535,4.565238074353917
9.894127611198353,5.928051148190698,5.189821152519364,4.810258439965121,4.565612075106726
9.892918652650014,5.927882686646704,5.189997600886148,4.810599327540454,4.565166038119028
9.891261834817508,5.927587577873259,5.190568385187603,4.81016510855212,4.564868063215743
9.89061827268089,5.927762403270901,5.190317141823028,4.810412830462318,4.5651811679845515
9.889554384537394,5.927666249831669,5.190347683384477,4.8103621075004055,4.565398505109537
9.88890396129921,5.9277664183892025,5.189950858546185,4.810100281278123,4.564956907979568
9.888739020225561,5.928061846986201,5.189475891488423,4.810321338368818,4.565490371356078
9.887818428872604,5.928114697584209,5.189647003577705,4.810440221029342,4.566066581679994
9.88681456853043,5.92811581729488,5.18940268919775,4.810821716871225,4.566306852820245
9.88576421430762,5.92787905265187,5.188994797044493,4.810275773216749,4.566210985860721
9.884540085535402,5.927760075146901,5.189382158029496,4.809989746156005,4.566115817486845
9.883228198969054,5.92746293888588,5.19011396978482,4.8099874463768995,4.5659667665513135
9.882220358163513,5.926772230852304,5.190336944588191,4.809868471045575,4.565990749401497
9.881334112678207,5.926612653425971,5.190042313844684,4.809402443859224,4.565900359448815
9.88024751322803,5.92635407922851,5.1901673526556795,4.809754818874896,4.5659126975381
9.879145849082986,5.926159906297317,5.19009050179788,4.810166555285847,4.565139365680041
9.878559798114704,5.926168432213226,5.190398715239651,4.810207329718572,4.564915728569031
9.877675870745207,5.9256755541316295,5.190653548607114,4.810015254962675,4.564858994805436
9.87692364334049,5.9257220971370845,5.191093078207902,4.809744770969567,4.5654594979119905
9.875734017022197,5.925635551316975,5.190973409323887,4.809585416872884,4.5651702945994925
9.874572799479669,5.925408590423634,5.191748255277982,4.8091965992347445,4.564790329241708
9.8739450748668,5.925543264837826,5.192083173751831,4.808766685149249,4.564401872522691
9.872994888983913,5.925353562618804,5.192227863637434,4.808786811967672,4.565253158167411
9.871721123998917,5.924517821077456,5.192640506442186,4.808585121309919,4.565381906937141
9.870955544979052,5.923820031876851,5.1928737164664085,4.808945839678435,4.5650889651667805
9.869927682021013,5.9232289932209765,5.192457982216043,4.8089722389903855,4.565227295099261
9.868854706723925,5.9234389803219285,5.192864980496151,4.809280298685244,4.5654718481878716
9.86772994825058,5.923124781576807,5.192933352325848,4.809380672616838,4.565708174721169
9.866977954223948,5.923350588130235,5.192466233393936,4.809234312618427,4.565178899894736
9.865866572321496,5.922996305826959,5.192620613292188,4.809595019170168,4.564827979365481
9.864922537575733,5.923805619693852,5.193327600640902,4.809209049921116,4.564709341403136
9.864770245384555,5.924090422846953,5.193501593413342,4.808881854005943,4.5649576716456535
9.863834134648355,5.924400254916609,5.194163412748651,4.808866619952163,4.564798162001349
9.862823077546809,5.924248727393251,5.193612659540921,4.80888031630188,4.564911525719178
9.861664368796282,5.9243754244385975,5.1937548553308,4.808582682047524,4.5645463002742845
9.860337354580674,5.924808675967515,5.19325036443021,4.808601622494541,4.564126490097617
9.859618072420638,5.924724084974449,5.192996270077251,4.808151356416328,4.564027227085328
9.858896056829575,5.924579716241009,5.1933245018563055,4.808317333111859,4.56420447068034
9.857394933255335,5.9242599369987605,5.193342329184659,4.8077401853297825,4.564013210108746
9.856468684863554,5.924064994358983,5.193830906315713,4.808036103629087,4.56382187459717
9.855221143631793,5.924355061307772,5.194007154164919,4.807957213872404,4.5634902644513256
9.854227441729922,5.9245981081938135,5.1941431497916195,4.808069984173719,4.563581221920627
9.853619037781046,5.9244435850083,5.194083949837413,4.8078144828737726,4.563840720326903
9.85262309755344,5.923914766000713,5.193890336507079,4.807944078027897,4.563701748903485
9.851090545094879,5.924481570942664,5.194141087474326,4.808432020843584,4.563463338704526
9.850075333436848,5.924599299046981,5.194030156075649,4.808012540421412,4.562682658919294
9.849345157091008,5.9246295714932815,5.194825202032577,4.8076165946694305,4.562340742931809
9.847261350136034,5.925577165802264,5.1946978142293645,4.807382642363793,4.562808840954265
9.846627587501,5.925801546046282,5.194299403730378,4.807368512712004,4.562802588297089
9.846086823879372,5.925612721064453,5.194264916337151,4.807805643378442,4.563082358253539
9.844911181716423,5.925461433834795,5.194799792357031,4.807439726818018,4.562724553000185
9.843713430462193,5.925609671046175,5.195024538482701,4.807096857703756,4.562460728311207
9.842415713202312,5.925121592347388,5.195161858936409,4.807392677261126,4.563168765441385
9.841526421894892,5.924747919229429,5.195742523885735,4.807518441974426,4.563726779759124
9.840582212106954,5.9246999193276375,5.1958593006372675,4.807156675275108,4.564062035669322
9.839853986428258,5.924383981628736,5.195627262770108,4.806989934611177,4.564652277949564
9.839067245854272,5.923971068307205,5.195552627135206,4.807384780380461,4.564791942525793
9.837478030891894,5.923721157362593,5.19543511831115,4.807491269833178,4.56456602927106
9.835798924549325,5.924125791257669,5.195936082249764,4.807554806966014,4.564674404128407
9.834698776045828,5.9238072926392995,5.196565871540727,4.807228660451225,4.564390414300143
9.833737675892447,5.92409542715263,5.196687147599712,4.807029130939195,4.564248180763999
9.832474726837722,5.924033114210838,5.197199303999233,4.807021310863539,4.56453386101932
9.831137383303373,5.923853336498898,5.1976999251355975,4.806837032816527,4.564250123247656
9.829464114972067,5.9235872420287645,5.197462126468259,4.806903206702471,4.56405369312355
9.82821942409466,5.922700858534042,5.19734339179588,4.807023283080421,4.56454867817379
9.827472047247388,5.922318560673708,5.197257744875741,4.806665909680533,4.565022965959273
9.826393727992537,5.922360344965886,5.197155542527476,4.80669020793405,4.5653437189242805
9.825373049322662,5.922129741850562,5.196769590808301,4.806600925176718,4.565135109430082
9.82469597069159,5.922195135010321,5.196673668660292,4.806519576199147,4.5653114390197596
9.823123001909673,5.922086617280633,5.196694454069353,4.806290214642148,4.565035240583248
9.822153484700685,5.921907963726426,5.196790828875916,4.806413469779568,4.5642515422010375
9.821688646119217,5.921756887435913,5.196980162543812,4.8061479204550555,4.564019371339644
9.820727517061373,5.922167652779642,5.196890661273809,4.806451918885989,4.56377281226656
9.820599912994764,5.922115089699496,5.196682407048847,4.80663353136279,4.56389240261388
9.819666285598027,5.921661561404597,5.1966810529663325,4.806731069711943,4.564147371672183
9.819099175268054,5.921864553239708,5.19719511382675,4.80650270767527,4.564564295020767
9.818464310453573,5.921680450986285,5.197309409697121,4.807023159517061,4.564761982051604
9.817061822822147,5.921638926799447,5.1970974146253965,4.806876522092194,4.564524596134275
9.816358783723672,5.920895283316168,5.197818237854515,4.807442060203098,4.564117259765086
9.815559914720424,5.920863255851596,5.198101906616973,4.8070675506539375,4.564184338141078
9.814307342082152,5.920631955067317,5.198039877654868,4.807016996673612,4.564251161866135
9.812925356421918,5.920495770561341,5.1978088582953275,4.807662316808984,4.56403723275907
9.811954171310733,5.9204538358206715,5.198161106096531,4.8077576273859695,4.563852318142493
9.810645173225002,5.921089046013426,5.197963023109419,4.807528171574192,4.563798085597753
9.80967445717869,5.920774410695001,5.198048298603002,4.80775519785977,4.5638075832692975
9.808456816048096,5.9208659760861595,5.19804102157882,4.8077429470377675,4.56395338473662
9.806793093137001,5.920760763399133,5.197725681518311,4.807977065865852,4.564015753519589
9.805648425462202,5.920532954441038,5.198612174069376,4.808163837448531,4.563498128445276
9.804901123046875,5.920384878115932,5.198206415685424,4.808951260182109,4.5635201410002955
9.803891468091583,5.920264544902302,5.19816441422883,4.809215807012374,4.563753249489767
9.803143434776647,5.920260174989483,5.198251702183469,4.809342411070817,4.563280566236379
9.801121921582753,5.920413546355819,5.198573792985469,4.80907662680589,4.563068196225004
9.799608347194443,5.920039958749747,5.199120139055131,4.809565420793488,4.562969723142996
9.7983990466535,5.920191720880918,5.199050239937166,4.809298755583244,4.563023206370496
9.79634446073815,5.920633103112072,5.199406715715007,4.80903569582487,4.562507157221613
9.7953275242086,5.9209557931604255,5.199337640205477,4.80933582354481,4.5622852681278365
9.793369320305912,5.9210150960358705,5.199350351962177,4.808822624249892,4.562202852097425
9.79260974144838,5.921311735836065,5.199106641814471,4.808613887649945,4.5619310374045465
9.79181518844861,5.921450009571218,5.199078255951351,4.808872947684209,4.561236907199336
9.790211960450119,5.921552568146493,5.198889241129823,4.8087277302025555,4.561558426806346
9.789175177875318,5.9217314197666635,5.1995912479835065,4.808332000583572,4.5613860953092145
9.787000636448935,5.92174895204384,5.19944111127702,4.808654376438686,4.561435578253263
9.78579277875525,5.921397957386802,5.199019611368153,4.808939133356186,4.561597061178842
9.78474054176666,5.920882832696117,5.198921574906737,4.80965904266952,4.561799566509176
9.784162916998932,5.920981984747493,5.199289055730122,4.809161071868046,4.561303869213747
9.783246849391622,5.920961625978601,5.199159433421856,4.809226827526481,4.5614886878571825
9.78327816579137,5.920949919407184,5.1988977038482735,4.808552026964421,4.561228428598982
9.782326832663037,5.921096110225317,5.1988771080377685,4.808591512898308,4.560985601740906
9.78103855203763,5.921218417975614,5.199289938532638,4.8084035208600335,4.560987061553148
9.779850515692255,5.921069612451339,5.199149180363596,4.808414263149974,4.5607484412635015
9.779001000558566,5.920951900228037,5.198671707831316,4.808415174915,4.560690074432187
9.777464089705767,5.921408105488555,5.198705203161821,4.808417663401998,4.560881763763945
9.776507875549234,5.921225743496031,5.198171894795628,4.808278865977745,4.561107268079524
9.774791061743779,5.920937729892722,5.1981938524078455,4.807863144386336,4.561230332452433
9.773544657219627,5.920756614025484,5.1983395118343605,4.807803073049774,4.561055262847673
9.772431022683582,5.9203424128179565,5.198279864189591,4.807972172349893,4.561452362009833
9.771335174371531,5.919895189195066,5.198124182009482,4.807642770994891,4.561460770680024
9.770558224557382,5.919763070084607,5.1985266814088025,4.807439165896845,4.561583309976543
9.769435062159513,5.919706358231477,5.1987277331596875,4.807316662597828,4.561241800778626
9.768926432794458,5.91952239153249,5.198553679389456,4.8075382449956185,4.561003553293548
9.767282028850033,5.919637470901441,5.198633249607875,4.807653864403423,4.56112995722311
9.765729471699576,5.919662133441882,5.198790618703606,4.80776926222812,4.561160499701339
9.764636258873335,5.919680696184958,5.198788532456726,4.80708493430231,4.5614228145774165
9.763201224306105,5.919284003809744,5.1987498044218245,4.807299142575446,4.560983612230127
9.761660754145582,5.918847933384845,5.198694360641432,4.807050894471002,4.561179012755732
9.75965019040388,5.9188657156711955,5.198488523522639,4.806843663395761,4.56143782244717
9.758849869073774,5.918934913921784,5.198663585282227,4.807099432261001,4.56154412025828
9.75723861632781,5.919841402905343,5.198802940624276,4.807272418097817,4.561739637091896
9.757701199969084,5.919383544541602,5.198846163395058,4.807428704474562,4.56128098620736
9.756241008726086,5.918992906635351,5.198876996452478,4.807557397821907,4.5610531463358255
9.755369079038301,5.919154862046989,5.198965600162291,4.807233767842435,4.56099672571505
9.75463908001347,5.919118038386573,5.198745276623924,4.806880213483601,4.56091565968473
9.753410782711663,5.918505015974608,5.199115756052764,4.80712614215124,4.561015340957744
9.752806047696218,5.918286093441994,5.199129985494703,4.806863269051324,4.561295199298304
9.752331783773645,5.918179232164405,5.198823985401491,4.806942595766526,4.561988309305411
9.75158558449824,5.918115311831755,5.198132789150952,4.807065900599866,4.561551435763626
9.750697958043643,5.91859073436686,5.198194311027016,4.807472791522741,4.561429243960551
9.7494732579287,5.918238693770954,5.198196420814245,4.807343589041394,4.561255181490019
9.749607889063117,5.917803355245905,5.198335658961593,4.807856242748162,4.561154525371453
9.748156515232857,5.917388147825223,5.198699192122801,4.80768241905709,4.561231387283352
9.747834575792472,5.917433581568978,5.198502533044832,4.808164152975813,4.56146725135691
9.74636730160108,5.916775698651184,5.1989425069770725,4.807649952690957,4.561352517716338
9.74552347462621,5.916957565534359,5.198272176863143,4.807184928883852,4.561259012719084
9.744341429679405,5.917069965539957,5.198614688995525,4.8071200638598315,4.561029470810426
9.742678863934351,5.916734718237059,5.198433605589476,4.806805161606799,4.561535059026976
9.742146838660132,5.916962695153568,5.197998180236748,4.806380925468998,4.562405831021911
9.741671762890286,5.917120099067688,5.19799236339993,4.806044111569722,4.5620705138312445
9.740057320978206,5.917338272032871,5.197984292103629,4.806176084457425,4.562218919853167
9.73993248223835,5.917234144985781,5.197809106079766,4.805993998558864,4.562176708641527
9.739144973526306,5.917384399819575,5.197847712161644,4.806829196529499,4.562368793377493
9.738896485652772,5.917226562800403,5.198606489396455,4.8071028518803685,4.5621151616325815
9.738078792766563,5.917073965284089,5.19901220972945,4.807125600214279,4.561956406168293
9.737001095257753,5.916596668514799,5.19847568351749,4.807039144719746,4.561889041083079
9.736099709437704,5.916636270604199,5.198404015827137,4.806531613729779,4.561999509753936
9.735723942544631,5.916405374651149,5.198586510492701,4.806602183858096,4.561983196686811
9.734370210309006,5.916299016246652,5.198747742012467,4.806436737114584,4.561827644514478
9.732548408592697,5.915790275662347,5.198298532667414,4.806357328448676,4.562152046334427
9.731323120711073,5.9151360195645815,5.198413192250464,4.806191561444573,4.562292196327793
9.730402690346109,5.914967755423933,5.198056500428129,4.805836902478434,4.562631153512275
9.729458785931515,5.9147314904171235,5.197981839784731,4.805581124230291,4.562305817391247
9.729029305621507,5.914214668236014,5.197562190016251,4.806008774695043,4.562449483378616
9.728466407194832,5.914585333838894,5.19744548471295,4.806559173213462,4.562547935186895
9.727543880954213,5.91389913687323,5.1966481603359815,4.806851040654128,4.562395070889095
9.727091685338435,5.91436151549529,5.196498891778281,4.806677715442861,4.562466581539798
9.725818418321156,5.913861266414535,5.196620445297719,4.806302293057585,4.562788935670567
9.724393673750102,5.913523893305887,5.196934324994178,4.806710608471013,4.563226882977442
9.7234957829446,5.9136132136315505,5.196386356500802,4.807360633984536,4.56335243664124
9.7229699983517,5.912884373855927,5.196612376465455,4.807277015104844,4.562942619315332
9.722529381093844,5.913122752917484,5.196315868324797,4.807576887624364,4.562945147635231
9.721327961041862,5.91389633966237,5.196239686987759,4.807569007437186,4.563484733554691
9.720691241186339,5.913693259552894,5.196370621050463,4.807894393867217,4.563153153568795
9.71944650733864,5.91388608775296,5.196501480249259,4.80854093006679,4.562657264353155
9.71844628762277,5.913655985533039,5.196639590711711,4.808545382663948,4.562281473030734
9.718038302427015,5.913935919838304,5.196403831256603,4.80832321223953,4.561848886713523
9.717687347879318,5.913883585695429,5.196544962352153,4.80838463325266,4.561865921707087
9.716390811439773,5.9138597932600465,5.196105305172467,4.808325231676825,4.561834029222382
9.716239477877032,5.913574392440026,5.19552179679536,4.808271343038793,4.561824892069164
9.715774170299833,5.913842835169202,5.195885343856845,4.808072889964343,4.561963114180307
9.715020884974393,5.913560316606533,5.195601892931016,4.80801857552123,4.561939791145291
9.71405552689882,5.913787734962794,5.194863768977342,4.8079571623683135,4.561863303550021
9.714054094513328,5.913756329520571,5.194903653369476,4.807887400094348,4.56178032600316
9.712967171658573,5.912903793531122,5.1945220136538115,4.807872047674734,4.561897480879101
9.711693317141329,5.912219422278651,5.194271785902122,4.808006301639587,4.561755917099413
9.71034678966654,5.912941254326804,5.19421470816812,4.808270756521755,4.561999236541801
9.708882492947412,5.912745203692596,5.193983601002427,4.808659776732638,4.5616366459981545
9.70788218434485,5.912500682591663,5.193763578026615,4.808475745823145,4.561288210959245
9.707037748936482,5.9127948480922585,5.194079499786077,4.809025659935964,4.561056790497625
9.706305511962478,5.913282085016585,5.194497746913416,4.809202016882894,4.560663902723128
9.705199941706699,5.91326675292293,5.194224379761681,4.808850068072374,4.56074070379164
9.703897300267709,5.913876052200145,5.194071808081759,4.8087889560694475,4.561162923550013
9.702825670774438,5.913930678118179,5.1940987017639015,4.80896290656059,4.561216658992984
9.70219790826436,5.913703236237071,5.194234331604702,4.808777814545143,4.561405691653815
9.700676973480796,5.912960443243333,5.194494326667088,4.8092341489492805,4.561546332848612
9.699154778049985,5.91329128813837,5.194808430706982,4.809881079752237,4.5616465332096015
9.698191050761052,5.913268463729878,5.194528052555778,4.810034114864207,4.561418500228796
9.697676310802658,5.913300086229249,5.19406691682292,4.8101136764270835,4.561070412332569
9.69694442562435,5.912732921994251,5.194374754636184,4.810316780961078,4.561183834697889
9.695847557296654,5.912502920974705,5.194668478159633,4.8099032902085535,4.56102459433803
9.694430686617602,5.912065950401134,5.194675807327317,4.809817218345523,4.560760130061987
9.69260459685398,5.912103770041124,5.195359356859897,4.809399122473368,4.560707355135687
9.691305028274655,5.911824091337621,5.19481932806472,4.809577545875476,4.560481605120003
9.689459206380452,5.912024702891352,5.195118161447653,4.809581313784883,4.56046977084526
9.688058320894928,5.911892142486076,5.194729395772929,4.809780588278229,4.560240832495875
9.68703346310315,5.911383449127006,5.19485922855994,4.810072949607496,4.559756684210273
9.685894846296392,5.910977696938573,5.194927582707727,4.8101163374282665,4.559735598452583
9.684807037057789,5.910925088583416,5.194949412562725,4.810181465433913,4.560231196307269
9.683600183173175,5.910528581483024,5.194597995229613,4.809913796367067,4.560511529703677
9.682673333166791,5.910417017303262,5.194310790375165,4.810096491162058,4.560758320091607
9.6813244805204,5.910071151788672,5.19458061766047,4.809993826497385,4.56065392834505
9.68037317554723,5.909811723814658,5.194217490984978,4.809962943576395,4.560703384067092
9.679145980520092,5.910062653604209,5.1942603002876275,4.809797230834269,4.5607952802677865
9.677883193714315,5.9103459433397,5.194746626736536,4.809608554531122,4.561016295847058
9.677135789950277,5.91053185860316,5.1947252507448605,4.809321252278507,4.561205822877933
9.67626244413683,5.910603522945696,5.194418009468642,4.809126951800475,4.561305719971605
9.675237278366419,5.911256689671507,5.194501302692785,4.808603850904469,4.561111737264447
9.674420992122123,5.911352099093346,5.194997032843257,4.808464608864828,4.560565768875609
9.673233108068334,5.911033888829166,5.195346901951165,4.808599291895998,4.5604607320037385
9.672242934824013,5.910794506192156,5.195449641325103,4.808137993214717,4.560067203732104
9.670852776953724,5.910859377911951,5.195120702623602,4.808246973873109,4.560183401461001
9.669503646116548,5.911519693599607,5.195032437300302,4.808435871023276,4.559723114587601
9.668339568037995,5.912234697510166,5.194757082376135,4.808908177632678,4.559528925024909
9.66757527053997,5.911983692722936,5.194479624020156,4.80855098355201,4.559613725293067
9.666525534894685,5.911449597913032,5.194169886852274,4.808798965460662,4.559930030682532
9.665723504352119,5.911052007248948,5.194339294007371,4.80841866828466,4.560079478787208
9.664596462782306,5.910645114494763,5.19417543366193,4.808471393441827,4.560080962594842
9.663465390342559,5.910634027831592,5.1938261690954635,4.808436561521413,4.56032352470031
9.662563500383893,5.910888271679694,5.193535931632242,4.808468271734377,4.560406216940654
9.661170835507269,5.911048645218367,5.193546836849754,4.808297664502413,4.560572961429218
9.659996637349268,5.911335220161065,5.193197788341581,4.8081467892865986,4.560478565112191
9.658696151321353,5.9113552619396135,5.192987195524697,4.807797065989122,4.560281719305053
9.657771740597134,5.910745575474998,5.193666072819308,4.808017428246133,4.559858905114776
9.656732446478571,5.910253672119892,5.193763842980918,4.808552137023632,4.560083446563949
9.655499219486158,5.910122683297281,5.194167299425765,4.807973710437343,4.5598202981565095
9.654675678968124,5.909548813224502,5.1944010752513465,4.807980446617574,4.559707819216773
9.653794379801298,5.909423586341231,5.1944502258627105,4.8080552323849615,4.559149992986048
9.652991655699562,5.910148221542306,5.194689941080068,4.808568859875024,4.559692293520206
9.651932383602501,5.9109839925399195,5.194647565458575,4.808404329699329,4.559811817886483
9.651153732700665,5.910858127715393,5.194710720099735,4.808636886958432,4.559754994932987
9.649463662726568,5.910855033578881,5.1945194222802895,4.8088072950671,4.559662485000519
9.6483818844654,5.910922506656394,5.19458381548632,4.80835264002824,4.559345709478759
9.64763265644731,5.911035684086764,5.194486522227018,4.808549182712015,4.559451954865212
9.646751182979104,5.911110414675813,5.195269754039708,4.8087057238702835,4.558990149101469
9.64631309045855,5.910802865475543,5.19491748980549,4.808460737534903,4.558427323465762
9.645142563363569,5.910537639982811,5.194642638266213,4.8088866756172655,4.558812341133381
9.644426420762551,5.910663991912666,5.194210691793205,4.808504211130906,4.55878286365756
9.643565140769248,5.910856825790795,5.1941236777729864,4.80843842927828,4.558652569253986
9.642641860880751,5.911024581117833,5.193986444676176,4.808586372111706,4.55898052276449
9.64177415037297,5.91065524386021,5.1937376208530495,4.8082257346466015,4.558687331979704
9.640934788248165,5.910120185033804,5.194426917299932,4.808278806862377,4.558771722373509
9.640784795568996,5.910334493776508,5.1938371180069485,4.808473893342705,4.559379630325908
9.639807239263465,5.910635033703094,5.193410982797991,4.808376713232561,4.5593765339004655
9.640073544204615,5.9106099030521015,5.193165004430556,4.808645710570544,4.5595803754851065
9.639186376829098,5.910158406392828,5.192241349629109,4.8087728532546645,4.559889466936601
9.638457490267974,5.910151842442619,5.192073881600841,4.809024210445548,4.560121092393735
9.638169512898362,5.909644230530361,5.192395980424856,4.809476646252666,4.560214643259995
9.63685700184918,5.909369418458344,5.192463298832375,4.809519120827223,4.560441616077755
9.635270732540196,5.908766863608764,5.19233182880838,4.8092343899153045,4.560477348303391
9.634468362170828,5.908750186780407,5.192287795980923,4.809219095475691,4.56026766089149
9.633227077810366,5.908178764213252,5.191935352608877,4.809657224954739,4.560402433716776
9.6323389861728,5.9087084265921614,5.192227267633794,4.809611315753467,4.5601749121512185
9.631380020866136,5.908758562329255,5.192192106985199,4.809318137955545,4.5600336180927385
9.630155958534548,5.908383949412856,5.192061399556618,4.809659972301749,4.560630685431256
9.629589411331654,5.907623732886068,5.192491153792013,4.809876984796177,4.560136663641652
9.628438003968729,5.90753664212938,5.1921374308292405,4.810058146425577,4.5603578667828035
9.627452296179694,5.907541590063153,5.191951652535716,4.809832575051366,4.561022783856134
9.626885231359442,5.907188802894634,5.191871403641417,4.809402927863241,4.561089154988616
9.625669613166197,5.907595678422019,5.192404335661779,4.8090326493299465,4.5612978186788435
9.624351704185997,5.907676541418126,5.192660244342799,4.809308706783937,4.56114954286766
9.623086338702583,5.90807667580664,5.192410030915806,4.809548352560748,4.560927021362729
9.622038836023046,5.908374866452641,5.192392859336349,4.809485156476824,4.560649898350616
9.621986287525951,5.908445683164364,5.19239988132194,4.809138606552728,4.560878147070611
9.620874904231021,5.90806819745114,5.19233219598469,4.809000244742945,4.560850219325015
9.620469283375275,5.908104522360696,5.192288361916237,4.8086450770246465,4.560725927152216
9.619964052961812,5.907904728350641,5.192413126965957,4.808831190230418,4.560978411825755
9.619170019664717,5.907635406750004,5.192762511733001,4.808692740632066,4.560890103308868
9.618728278514066,5.9080938059224355,5.192095156525704,4.808814840288711,4.561280940049032
9.617470513071332,5.908244030716038,5.192064342478744,4.809066311852271,4.561589807422221
9.616565575373368,5.908041394392716,5.192691885989436,4.808911757326987,4.561264081443873
9.61527430100365,5.908209482728684,5.192626281008812,4.808532758083391,4.5608239012741425
9.614517362188803,5.908506290281315,5.192627619956653,4.808618608163377,4.560838926153627
9.61389008564437,5.908400382871596,5.1923109600007935,4.809012120402099,4.560471872055291
9.613177755943635,5.9089196857916235,5.191850578759952,4.808888477549363,4.560565042295796
9.612189873665796,5.909128645839355,5.1911812155364645,4.8086086962269015,4.560359565829991
9.610925241549443,5.909568676451134,5.190866294444532,4.808540911568625,4.560200710700155
9.609962546446017,5.909777694311574,5.190809253172659,4.808820551963308,4.560203736850764
9.609277953957852,5.909810433381768,5.190503267625128,4.809152282197489,4.559813102352514
9.608345095383074,5.909533165788052,5.190451785111527,4.808955346191278,4.55975846136963
9.606789286592324,5.908935206148825,5.190091068003777,4.808753123696206,4.559888793354202
9.605534380694296,5.908985463173493,5.189798813898826,4.808810292877083,4.55978000313542
9.605031109334433,5.909212071478143,5.189677195921633,4.808490026061922,4.5595579178224686
9.60428986314345,5.909204616383303,5.190071069805843,4.808288371453409,4.558934375855359
9.603351057247727,5.909491884534194,5.1898760318756105,4.808049623652639,4.558871961087922
9.602984027790903,5.909178763379239,5.1898447696076015,4.8076976500886905,4.558896347755979
9.601627194687481,5.909501014175542,5.190341053975837,4.80731212431359,4.558838965050319
9.600383125612197,5.909766702576415,5.190598490936146,4.807403173915937,4.559203044487298
9.599881426798099,5.910038723355286,5.190511178652313,4.808056366448604,4.559352924447102
9.598940924406051,5.90959973047177,5.190201500952244,4.807750552694003,4.558857575754325
9.597859950425077,5.909235776637505,5.189893032500566,4.807323458491639,4.559358401677848
9.596195562793055,5.909186943980875,5.190218310173504,4.806712071861852,4.5595964312454145
9.595288881697954,5.908955269935376,5.189848020282131,4.807048844735522,4.559206034707566
9.593810750521756,5.9089393303318944,5.190111371621911,4.80751915134725,4.559106628232311
9.592992527420456,5.908784720704362,5.190135213986752,4.807717587695052,4.5592101118916535
9.592259944723926,5.9083562968476855,5.189813771152735,4.807646121269252,4.559387034807023
9.591598308081442,5.909084417634749,5.189687866465303,4.80720168106973,4.559441787551734
9.590704955531908,5.908894937794866,5.189775623257374,4.806837173197357,4.5592768625959605
9.589633870194096,5.908476710665914,5.189597583005121,4.806985535429641,4.559518069437106
9.588823391293094,5.9082973415920845,5.190020032443447,4.8066833264600195,4.55968281856711
9.587741971065373,5.908254770063751,5.190108052134662,4.806051863520435,4.559634778470926
9.586910370965898,5.90853006438434,5.189315906705746,4.80604217983597,4.559636601168124
9.586354137702054,5.908346552301431,5.189267826534829,4.806113272053149,4.560020189684454
9.586058108393773,5.9083891980590755,5.189191378041941,4.806434683989372,4.55970091659764
9.584788611512748,5.908491899063868,5.1891725657642755,4.806329521728105,4.559501151268527
9.584436822805973,5.90799027691219,5.189219862123989,4.806304983054566,4.559502804220117
9.583633981759162,5.9079349974141815,5.189152073159808,4.806697349386567,4.559298003464629
9.582345107057254,5.908220201706078,5.188933510046739,4.8064612850263355,4.559139373481915
9.58130291642705,5.908456581493407,5.188783098715994,4.806221149932653,4.559172696247235
9.58046887137673,5.908248261085227,5.188668005821134,4.805951763283122,4.558860154191325
9.579158631497698,5.908163002235542,5.1883711530274965,4.80657265758475,4.559182452446466
9.578433419533942,5.9079485103967855,5.188635837234415,4.806241767156429,4.559390524219226
9.577046669666009,5.9075162774809025,5.188567408834466,4.806356093433835,4.558957625557163
9.576824480747625,5.907492875167639,5.1882570406588,4.8058338287246505,4.558747293532091
9.575888909998628,5.90716005079525,5.188347616195679,4.805798606282657,4.5583265863988816
9.575088748436572,5.906992835538602,5.188152437552085,4.806433147766918,4.558093769729187
9.574177015647999,5.906941620273064,5.1885955019354775,4.806248867418425,4.558658665671582
9.573526888742085,5.9067090277420435,5.188440124815732,4.80675306567643,4.558342980003043
9.57266446718614,5.90643550113868,5.188761847261638,4.806491354356925,4.5576203952065315
9.571665698903088,5.906194590639185,5.188753094398436,4.806007097679892,4.557624132446791
9.570544545908417,5.9063984178702365,5.188736387458372,4.8057825290730145,4.557461494381464
9.569246098399162,5.906492890201901,5.189279306974066,4.80576243124118,4.557308242901375
9.568035463222593,5.906315024380227,5.189861627748068,4.805813515671378,4.557693129844054
9.567514646415741,5.906500346854561,5.1895918917636354,4.805753124769144,4.558228608909551
9.566577088122985,5.907080612045538,5.189046027675057,4.805463965864397,4.55802969433199
9.565961743419003,5.906808794132007,5.189007856771473,4.80550145995245,4.558117949316654
9.56489838778997,5.906698812849462,5.188603972332078,4.8055736339625446,4.558230662473069
9.56409655896438,5.906294591999915,5.188694709241146,4.805052187620762,4.558037490312734
9.562895071609141,5.9063564626444265,5.188888603959625,4.804704876599033,4.5578321863168965
9.562283898767879,5.906228738632358,5.189317043492052,4.8049165392508275,4.558389573996184
9.561132906890707,5.90608199792336,5.189482102478102,4.804868440948417,4.558408260736149
9.5596314361113,5.906198112521379,5.189758133048605,4.804946912203921,4.558223812820285
9.55812400586772,5.906071004836324,5.189472719825686,4.804638137985242,4.558480776873857
9.557641629111357,5.906328038478639,5.189280103934768,4.8043376294173505,4.55841911892649
9.556399726867676,5.906298224033754,5.189212632130504,4.804675442845787,4.558420866008673
9.555499873391351,5.9061004788975,5.188454801394914,4.804355885781719,4.55818200550017
9.554532500057743,5.906302409119444,5.1888623228840896,4.803969586777307,4.557862552955387
9.55477540944916,5.906210756477187,5.188717580016921,4.803696682542757,4.558129423486641
9.553323827893845,5.9065845123647716,5.1881453261759,4.80328692042521,4.558221408618913
9.55257248508687,5.906802986592663,5.187892705177775,4.8029974028528954,4.558539175987244
9.551185076405009,5.906801630846582,5.188056239007882,4.802398429020042,4.558095138640075
9.549627710322182,5.9065909462496275,5.188027931659879,4.802004846138044,4.557932125608062
9.548326000698818,5.906325911678589,5.187910255489668,4.8019657814400665,4.557789539348044
9.547163885982423,5.906357817370035,5.187954262008294,4.801870568845946,4.55770750345014
9.546146379614557,5.906256612886479,5.187855101699984,4.801403856665928,4.558078520555361
9.545574145130692,5.906037779603796,5.187684100497429,4.801531924778165,4.558129156839576
9.545108035564617,5.905986033565007,5.18754420728765,4.80139296288698,4.558590967576582
9.544009218960879,5.906565922755745,5.18721833260104,4.80113021012144,4.558897732330397
9.54389832978716,5.906326315954673,5.186898263890164,4.801622881255241,4.558894586931549
9.543086985068593,5.90606302178003,5.18680996293944,4.801840975323343,4.558718546813097
9.542386445026484,5.9062715236465415,5.186690330699129,4.802045288244819,4.559071581327832
9.541522457190977,5.905809609605276,5.186761373818937,4.801835520009893,4.559035051362869
9.540790605099764,5.905606464888573,5.186453313784923,4.802100399089353,4.558607206952509
9.539662223164138,5.905938805213997,5.186118936964443,4.8017786490646275,4.558553226582416
9.538595717045164,5.906379454324502,5.1863741557448195,4.801768217318924,4.558706526920713
9.537328891607194,5.906447603658071,5.1860006035389405,4.801895975486495,4.55889583968188
9.536067017863335,5.9063399895318955,5.186575428019857,4.801566500194072,4.559234833108494
9.535269134628136,5.9068438345068275,5.1867620970093835,4.8009980960448715,4.558590589408164
9.534200461686213,5.906992271005407,5.186511381187145,4.801046168577241,4.55894538495839
9.532842858117602,5.906640031849324,5.185990767247281,4.800677399307127,4.559083075561987
9.532029350679059,5.9060900838497625,5.185419645834336,4.8004976000104636,4.559281647422448
9.531287145074517,5.90582357226452,5.185654136837493,4.799960363644226,4.559385919165843
9.530026497167949,5.905806895551824,5.1856339376945515,4.800291654121716,4.559097502620125
9.528462775792436,5.906132781418852,5.185524874284755,4.800491862270075,4.558848595079532
9.527827864560214,5.906116104414969,5.185421995586819,4.800279649098714,4.55891014994997
9.527420467051627,5.906115358884962,5.1855946658886305,4.800120939923411,4.558732264550321
9.52728726356608,5.905882337471628,5.185759087074751,4.799786595505093,4.558278304894316
9.526361968461499,5.906344961889142,5.18636654239205,4.79984963825386,4.557799272040767
9.525768962104554,5.9057670011785826,5.186235864588502,4.799587874991512,4.557739941907439
9.52495870532528,5.905532625509847,5.186349442024385,4.7996268213756625,4.557555446605528
9.523486589049678,5.905101728939039,5.186390255497906,4.799691441365664,4.557862245762651
9.522444044362144,5.904766786396263,5.186552148111207,4.799499206923363,4.558342292460581
9.521138573000137,5.904898392976507,5.186153304034359,4.799113382603726,4.558669046389687
9.519601708257063,5.905098309935387,5.185782347420371,4.798818735780731,4.558491757238545
9.51863899288523,5.904943616529346,5.185629470583419,4.7986328450247075,4.558495464459272
9.517852973285837,5.905248735858276,5.185269470571608,4.79887324221558,4.558551511070178
9.516473031590442,5.904882998077276,5.1852439581077645,4.79896370828703,4.558414133188473
9.515575010101895,5.904855493659759,5.184850496398674,4.799016732207448,4.558307756277526
9.514841744678478,5.904540800770491,5.184828161187514,4.799092265102652,4.558764074451236
9.514336861185281,5.904089768248868,5.1843442975277885,4.798751762018625,4.558923544270925
9.51281844559849,5.9035754204753506,5.184499717342571,4.79858822680917,4.558770949751533
9.51237717600925,5.903636045574568,5.1849235385225825,4.798305809880528,4.5584095221844
9.511465939660653,5.903427953850157,5.184748648927721,4.798124428786191,4.558559126324123
9.510422028822237,5.903553534911553,5.1851654042218716,4.797983676888222,4.558100345331665
9.509237227124537,5.903491274866169,5.185154869083412,4.79788534368924,4.558233213902476
9.508155207030285,5.903978815541054,5.1854196686584215,4.79800516529343,4.558219737540453
9.50741832352754,5.903757355907319,5.185279624195733,4.798109037092222,4.558217118346887
9.506203885456388,5.9036308580441315,5.185439613649996,4.798056405768383,4.558170998926827
9.505644509772292,5.903542983527181,5.185322150272005,4.798311464688262,4.558218338528649
9.504649428749085,5.903587255382538,5.184944901752472,4.798370268726349,4.557862165164948
9.503987987438997,5.903318859014164,5.185059347137457,4.798247719897789,4.557798715554824
9.503494127191228,5.90318047066482,5.185083280745551,4.798354701267825,4.5578160866273105
9.502638978001789,5.902703270072037,5.185297103867358,4.798246338993275,4.558049994947622
9.501879661037519,5.903445381992541,5.184636274941813,4.797851998870746,4.5581046505667535
9.500736914423412,5.90299290497146,5.184965105589755,4.797854834021685,4.558337674835723
9.499744288748204,5.903090009951915,5.184871838460041,4.7978463782754215,4.558608964359104
9.499312495348413,5.903212615299568,5.185429449332488,4.797847323176106,4.558600966180041
9.498512742051668,5.903614972481887,5.185371937268849,4.797788791013867,4.558593559208099
9.497467766819176,5.903731143251269,5.185398471740291,4.797907045990787,4.558699966949883
9.496597421691712,5.903677696725762,5.1853945360715645,4.797749508994509,4.558740904511684
9.495609994430268,5.904497938391603,5.185473294430926,4.7978163284877535,4.55826214260905
9.494725093720065,5.90452420796938,5.18535951605648,4.797813724655255,4.558244648917466
9.494068960151111,5.904684279764785,5.185456978862048,4.797687672544085,4.558181260906269
9.493456448461673,5.904905416990142,5.186000387253227,4.797490651112468,4.558219304137886
9.491979660997334,5.904966962882586,5.18654332559104,4.797416188844867,4.558289759486144
9.491506780653197,5.904966380618903,5.186949912713328,4.797329477456492,4.5581925462084465
9.490657389613906,5.90505471634969,5.186810624471581,4.79767862264249,4.558617574902437
9.489862696153006,5.9053752790660115,5.1862943695119865,4.797981627409755,4.558912092300518
9.489006789443321,5.90491449619958,5.185925297814733,4.79803249664655,4.558747095170121
9.488569257372902,5.904516934307795,5.1858696243119615,4.798116655482186,4.558784201315471
9.487697395716618,5.9041644594396026,5.186125561246225,4.798556571345347,4.558898345386637
9.487829348853804,5.9042197834585135,5.185489094890743,4.798310814822694,4.558463215355264
9.486501548765577,5.904558984712622,5.185300316925895,4.797973233463742,4.558423971024195
9.485918976992322,5.904148649394796,5.185177930372452,4.797743693773418,4.558343560495392
9.484832574447783,5.904091453646669,5.185452094314122,4.797586422721938,4.558077834289853
9.484473728321888,5.904145609737858,5.185232279702773,4.797727040232691,4.557778970645895
9.484295235540634,5.903987351169594,5.185021376864543,4.797621868889842,4.557893879667402
9.482999387232564,5.9034773212256315,5.184693168424353,4.797857434877867,4.557720186023772
9.482130393250369,5.903619081712891,5.184639702582369,4.797781153505807,4.557430510277708
9.481190778709683,5.903999466669889,5.184410043761664,4.797854343798792,4.557311666341638
9.479941714568271,5.904513561881045,5.184510065038795,4.797666157813281,4.55745308175948
9.478827386859093,5.904103092955187,5.184735429418784,4.797191690871313,4.55789912283703
9.477849508338986,5.903627622376964,5.184639430356694,4.797549131591472,4.557622743038806
9.477587035065481,5.903623510272651,5.1846889691175955,4.797165047115666,4.557747941461246
9.476701035208016,5.903661729316034,5.18457161340958,4.797380953286527,4.557683314468264
9.47624540441796,5.903340939749679,5.184351906603443,4.797248887996944,4.557691065388899
9.475360719622897,5.9034027909499525,5.184706870429761,4.79727441633974,4.55779785023555
9.475019415877203,5.903308939144685,5.185044534568997,4.7973854253384145,4.558354290100981
9.473888562860898,5.902633769815481,5.184998125952968,4.797047103657972,4.558187796967196
9.473023234953091,5.902307864155357,5.184943457288067,4.796864992990269,4.558004551703536
9.472137558511841,5.902597758677099,5.185122818141789,4.7967338524480265,4.557951359052632
9.471193778618034,5.903300417491904,5.185792655667201,4.796903785432445,4.5580524014826365
9.470395817045992,5.90399870861247,5.185567319744739,4.796577672905872,4.557992221425004
9.469302466455495,5.903241134195958,5.1859350601832075,4.796564435340324,4.5580924851527005
9.4687521801482,5.903036232500507,5.186118514505023,4.795887400265527,4.557956045877723
9.467552796181787,5.902970451964044,5.185875770526895,4.796170040368097,4.557847513800424
9.466667095164857,5.902864586759372,5.185573685342394,4.7961025744454275,4.558142869763623
9.465674022303272,5.902900414994598,5.185670711930543,4.79659408181204,4.558198111304309
9.463935796491489,5.90241473148551,5.185972237128658,4.7968200889930115,4.557797685329846
9.462702264785767,5.90220260292876,5.185611768610337,4.796940058072408,4.557767722466413
9.462108137466448,5.902316496915231,5.185792911197568,4.796648211593209,4.5576063040797266
9.460629886594312,5.902014217686878,5.185401810374006,4.796692163125848,4.557823343430194
9.45971369752686,5.901985058913359,5.186005850656333,4.79737629602808,4.55839047196609
9.459617352616348,5.901250134899734,5.186317559602957,4.797491653785168,4.5585788958877345
9.458754916480377,5.901551755113844,5.186166143883931,4.797366154123893,4.558373020586435
9.457590206314887,5.900989194711049,5.186300528814349,4.797088613998908,4.558700727278452
9.45632530909103,5.900821786585104,5.186101453025499,4.79699798324027,4.558950295241307
9.454794515195164,5.900682938015023,5.186129599087307,4.796878383250978,4.5585171012229715
9.453611451417686,5.9006557569880185,5.186041976381625,4.796431690699051,4.5584525477844275
9.452790043503047,5.900554161798209,5.186131292209029,4.796533561870456,4.558460914995521
9.451637999986309,5.900317033535333,5.186035065016026,4.796433435013312,4.558155186890345
9.45067563790255,5.9001018866070725,5.185937116147949,4.79619647877743,4.558107342504133
9.450067662281121,5.8998186839450115,5.185732389584771,4.796122067243477,4.558073495637148
9.44960262176585,5.899814627006906,5.185601526415106,4.795932965791914,4.558118359068069
9.449005956259388,5.899421806316859,5.1856992522643095,4.795653447863186,4.557742964593988
9.447541231302573,5.89965499209317,5.185597907168179,4.795925438636369,4.557752498777602
9.447160143122211,5.899521240056791,5.185420509252188,4.796051205946028,4.557884215286933
9.44587641471643,5.899387373638302,5.185135416338377,4.795645735159841,4.558062897200154
9.445009742557144,5.899802053796034,5.185485552330804,4.7957716322260735,4.557869566419608
9.44411122622657,5.899856098060014,5.185691876912395,4.795880438845445,4.558077348623758
9.442617783607652,5.900083938678013,5.185660117982844,4.795785168180759,4.558417754523813
9.441522499080023,5.900563422202322,5.185993837346185,4.7956351484889,4.5588403876239365
9.441233258927513,5.900601663433806,5.186139650304077,4.796271646991111,4.558745255879841
9.440009798666443,5.900846344329816,5.186402808443557,4.796542029280762,4.558665512973427
9.438361584561543,5.900984759377044,5.186326869112774,4.796469188060575,4.558720694143795
9.437763016786635,5.900637167118351,5.186367096738045,4.796538832394973,4.558648262057245
9.436808008994065,5.900856707047065,5.185979700107005,4.796531660222803,4.558632790417832
9.43568715464708,5.9005597324867045,5.185887348568652,4.796334519323404,4.558901353711024
9.434432890767411,5.901117928409909,5.185722815708488,4.796056860960376,4.558383020886898
9.433406598068947,5.9004261653552685,5.185944116577621,4.796037446620852,4.558340201451797
9.433238192059097,5.900335126124533,5.185685205071622,4.795758745089283,4.557900064908825
9.431750764780318,5.900206141929863,5.185836505557473,4.795866632535419,4.557707157825703
9.430902392283642,5.9000634440976985,5.185836362414151,4.795905050638799,4.557912048331721
9.430605961257829,5.899616688120845,5.1853406815890555,4.795776567407437,4.5575633723484845
9.429940414244248,5.899184495475813,5.185481298269571,4.795900955421551,4.557440418062634
9.429377832066063,5.899420579919867,5.185727903756262,4.795862924195221,4.557162029007471
9.428894924389427,5.899232521451575,5.185965565027857,4.795686222661818,4.5571835046575755
9.428102361547891,5.899138712717171,5.186042656209406,4.7958313145630145,4.556843468265887
9.4271493453508,5.898820965756961,5.1859496757762225,4.7959169252999,4.557156985401877
9.426370945492307,5.898952422547064,5.185960743602179,4.796040405361809,4.5567015091885015
9.425823208725346,5.899098840656082,5.185423723200214,4.795561460857914,4.557019032368279
9.425135274176244,5.898722498965117,5.185706547840878,4.7955911683815495,4.557308302433403
9.424050175541394,5.898255300668966,5.18581093952916,4.795905423817191,4.5570433780671635
9.423190842432156,5.89833059684074,5.185815364742794,4.79580730002204,4.556531750797398
9.42240443973872,5.8981314083055265,5.185758295316457,4.795503439195813,4.5564163513036595
9.421372858695513,5.898699636911207,5.186273397851982,4.795251487216156,4.556253354979223
9.420661362768092,5.8982749560910275,5.186610618553852,4.795636432649174,4.556050579502897
9.419617788712735,5.898059014360018,5.186714186954719,4.795480469724965,4.5561516841069105
9.419352055880234,5.89877007190151,5.186148657070393,4.7956237831497335,4.556101689479956
9.418557209785169,5.899244429973455,5.18646939607767,4.795806587109199,4.555859861282202
9.417490012092987,5.899252846350078,5.186428133499985,4.796032963877043,4.555924166720081
9.416862828652736,5.899087054009258,5.186449503733688,4.796521214317305,4.555991465728344
9.416366276720877,5.898514849197118,5.186579906890084,4.79631925664221,4.555987696898611
9.41531803164797,5.898290118955065,5.186659669546487,4.796527256430935,4.555719857208556
9.41460764366926,5.898707812029204,5.186152920018231,4.796720429528468,4.555604688677358
9.41379261931729,5.898467865981968,5.1859951244348395,4.7970777791185,4.555897475020847
9.412926232170044,5.8984538374799484,5.186218001442848,4.797250217617724,4.555562856785402
9.412234273607746,5.8986809506920945,5.186177499089505,4.797449736690229,4.554996124074503
9.41110625656321,5.897971248571879,5.185922710408466,4.7975052171577754,4.555292819459213
9.41063692889451,5.898550179269579,5.185936442919618,4.797489730608418,4.555120657047549
9.409179278417183,5.898043034497644,5.186144535681244,4.797444543725272,4.555651180226426
9.4081965432963,5.897980595894649,5.186666721041681,4.797575441655485,4.5556504719107656
9.40710761507854,5.897423506878,5.186508428534921,4.797845217992736,4.55556407870801
9.406137089922671,5.897581251778489,5.186631612040746,4.797884586847914,4.555410388597752
9.40533789640175,5.8973856182900715,5.186522657966979,4.79752124992429,4.555645113738955
9.404514742189226,5.897286566845867,5.18681881314753,4.797443225934236,4.55526546582534
9.403309174152472,5.8975948769034074,5.186808513784208,4.797445742100944,4.555578356441488
9.402590588452345,5.8976482885133406,5.186737435933194,4.797039703433982,4.555422271090304
9.401830880775757,5.897217765023755,5.186857552508354,4.797053725722183,4.555353373687383
9.40069100037786,5.8966062504826615,5.187071939279105,4.7974995745047355,4.554966660401293
9.39980382311667,5.896217812749549,5.1866975576538294,4.7973418220314805,4.555100599166684
9.399206279162502,5.895783391006114,5.186951117693787,4.797435303756429,4.555100004060136
9.398601892473495,5.895775404950839,5.187261490343729,4.797897871968585,4.555787076215639
9.39770817883858,5.895496116996538,5.18738679951284,4.798097241851615,4.555685261309874
9.397457837241037,5.895556681769235,5.187688179197766,4.798082723980858,4.555500526519049
9.396691027980493,5.895391301262587,5.1876443220474115,4.798242366958554,4.555655549068262
9.395238101278188,5.89486314545215,5.187502160742113,4.79838893501578,4.555777085521714
9.394750866897212,5.89510648934627,5.18766259639049,4.798103163322176,4.556322232682592
9.393772088606216,5.894384423876589,5.187563261907787,4.797967568238274,4.556139038106977
9.392947609614962,5.8947384984774285,5.187570265490746,4.798029940481875,4.556264767719313
9.391683601327198,5.894545531553807,5.187352757361487,4.798686070752117,4.556243408863557
9.390995533633015,5.8946202031384844,5.187613772947375,4.7980401765068255,4.556480865619828
9.389978708353416,5.894878992869561,5.187980532148154,4.79778445405377,4.556882760934942
9.388930200534784,5.895241178521263,5.188013420199117,4.798020938805947,4.556943924479532
9.388190747755075,5.895396456094123,5.187306029882557,4.798164439789485,4.556785453474273
9.387666674955481,5.895183855376584,5.187545031987481,4.798417815036947,4.55728289869378
9.386685644445611,5.894766540838364,5.187487732247507,4.798658763996164,4.557151413524426
9.385271416368404,5.8944895441013365,5.187538018996649,4.798731886048133,4.5569673454879
9.384186931521931,5.894481675016831,5.187856374070607,4.799359809543744,4.556881660401437
9.383188052610917,5.894433570811243,5.187904718247327,4.799522997845303,4.557488279360713
9.382080815498327,5.894279164737122,5.188112506086472,4.799052627011711,4.55770882608673
9.381000777612032,5.893928045399887,5.188082406775325,4.798883566614537,4.557683111320022
9.380305105837916,5.893898009171416,5.1878204302403494,4.798766126246602,4.557346502218199
9.37963907747514,5.893556833447559,5.187358625447335,4.798203517918147,4.557395981948783
9.378423245327234,5.893440299764247,5.187353752781628,4.798554823574362,4.557207582217759
9.377627720187672,5.893725139844264,5.187236298328985,4.799211277172408,4.557281499907363
9.376756848053162,5.89337671266937,5.187079425393116,4.7991776226780125,4.557568393025616
9.376507111366422,5.8933797507487755,5.18700206594885,4.798988916542595,4.557519354488915
9.375470242440903,5.89296456722549,5.187520873101084,4.7988001109519605,4.557386344493493
9.374720484715588,5.892562660721113,5.187592189266996,4.798501045119088,4.557300656516597
9.373632987010529,5.892608122751875,5.187488931927848,4.798346683872011,4.55714344447714
9.372579136585218,5.89209771533897,5.187834391317037,4.798600763756765,4.557234145397514
9.371661199518657,5.892673411910327,5.188220447115389,4.798657757356128,4.5567062604755355
9.371035365116892,5.892329265232273,5.188292231250726,4.798500162547211,4.5570019480871276
9.37044709415759,5.891865949217658,5.188241715889193,4.79853370598256,4.557079647983759
9.369832575680261,5.89243092378938,5.188427069011223,4.798621879643704,4.55720842836133
9.368694548773774,5.892211605383572,5.188701776889289,4.798822347140645,4.557185137859627
9.367648741999814,5.892041153437756,5.188631950687698,4.798783265171955,4.557814850853833
9.366184845953429,5.892157754399535,5.188764855932499,4.799301620352846,4.5578906224965605
9.3651773744956,5.89158813379761,5.1885509459595935,4.798802694073297,4.557826295651887
9.364511878003935,5.891263038401584,5.188986786950221,4.798466977119804,4.55749900983447
9.364077575935806,5.891324471925811,5.189113794010802,4.798469395766484,4.557102169961879
9.363325765783788,5.891166081072198,5.188524028120567,4.798617644906268,4.55675929120014
9.362735532783532,5.891215653390856,5.188868286373379,4.79897814962241,4.557034460452941
9.361814143375875,5.891306077516996,5.189076276210191,4.798792432083645,4.556938004985759
9.361005087678627,5.891312145775454,5.189328742224027,4.798834375483777,4.556697684039054
9.360251970223198,5.891251073958143,5.189607391207237,4.798389073655451,4.556770730832118
9.359159528047428,5.8909610181019225,5.1894533337503,4.7986887375275415,4.556679878545844
9.358090532545116,5.890722580999415,5.189017205257994,4.798571284677528,4.5565058650841825
9.35734562552377,5.890885990121391,5.189386791772164,4.798441819037391,4.556493572617292
9.356378628671147,5.890752115753071,5.189566049358007,4.798068246516517,4.556569307852845
9.355010811440245,5.8908116708615585,5.189554230360214,4.797800164201303,4.556239420603849
9.353983475213813,5.89087658877503,5.188982404843725,4.798055314143588,4.556386331650277
9.352842827207041,5.890733430701222,5.18948228749751,4.797783137259415,4.5561994129628856
9.351522959415044,5.891048815896578,5.18994477084864,4.7975594900256,4.556154938278911
9.350158915391418,5.890385810926178,5.190159137651703,4.797601602002644,4.556173796254601
9.349655751109703,5.890071978264439,5.190321943142719,4.797154818357796,4.5558512598265
9.349055295385826,5.890007865526856,5.190601240440124,4.7975023053669945,4.555694291803532
9.348248871016208,5.89020984997808,5.190768783152126,4.7972402863646675,4.555757424332127
9.347145215077187,5.89014007280122,5.190472781480248,4.797120548629049,4.556234305830144
9.346093991851237,5.890272799644484,5.190942264323535,4.796951068154648,4.5558422987517115
9.345062328398361,5.889696527647492,5.191044774720422,4.796592105421711,4.555995310535189
9.344613206417668,5.889296725042445,5.1910814826629785,4.796795891062608,4.555700672770275
9.343833295670068,5.889233182865888,5.191259856906271,4.7967149438516925,4.555607994427091
9.342772186535031,5.889209384136803,5.191108805196468,4.796684319657764,4.555497683359924
9.342580892572808,5.889118263282975,5.190930048210445,4.796484983775124,4.555818063415703
9.341301039598847,5.889126300101925,5.1907453155446595,4.796554614408867,4.555701580995248
9.340092046984605,5.889078579665649,5.19087269405524,4.796634455876691,4.556133799698381
9.339411980603078,5.888868360281789,5.190965978041508,4.7962916878884325,4.556185404666519
9.338699128282114,5.888887447052285,5.191231054355664,4.796493984598209,4.55605827751656
9.337551704705847,5.888973392017355,5.191086216958116,4.796015867731555,4.5559087961147995
9.336360840173922,5.8891384608678266,5.191264970695813,4.796120254281371,4.555616628716286
9.336084814705549,5.888947719010198,5.191440750664599,4.796451814016178,4.555313985940032
9.33530321046876,5.88889434873925,5.191397954555645,4.79598159805969,4.55544075031323
9.33386354393331,5.888685889942969,5.191555526924487,4.796447124286574,4.555555780301067
9.33280292038394,5.888460289300019,5.191666502627138,4.796230778584494,4.5558303343436135
9.332089187040742,5.888188617424829,5.191417278074803,4.796279710710247,4.555822156206696
9.330721074691784,5.888694570539968,5.191566263507083,4.796169004853873,4.555948265576204
9.32943724543574,5.88873193245457,5.191550075146568,4.796169955627085,4.555786710352578
9.328954588748791,5.888154092011629,5.191932333133839,4.796205216602043,4.555942794658519
9.328099292104044,5.887653078603903,5.19234642970125,4.7962473976484095,4.555628615898011
9.327373674231755,5.887271473444805,5.192605360978449,4.79604727290102,4.555552279481528
9.326412904805004,5.887417860839087,5.192291795700248,4.795828440962921,4.555635547002862
9.325329685704949,5.887393823389471,5.192458747230338,4.796307760494701,4.555258635497657
9.32441816241816,5.887663056801957,5.192420588579724,4.796029467855936,4.555192343012021
9.323629640775174,5.887602347404271,5.192497026629564,4.796080103910859,4.555183156102301
9.322585546974771,5.888013955980462,5.1923423489830265,4.795828519556238,4.555119893099049
9.321973954909309,5.888166963437811,5.192417989101156,4.795478669015837,4.555114623098641
9.320673189201932,5.887657332393946,5.192424911641247,4.795226309210579,4.554977439786729
9.320438995572474,5.887616150141642,5.192361319460992,4.795323371711253,4.555057191584823
9.319381643687171,5.887192054412234,5.192420499345026,4.795271486868414,4.554787666935711
9.318382072413565,5.886639579734971,5.192337737498382,4.795473752120252,4.554512754302461
9.317266573380422,5.886358231404941,5.192117544104593,4.795374438281961,4.5546725567003215
9.316572892815204,5.886410203679309,5.1919748642555295,4.795370077331363,4.554863355751853
9.315641360519999,5.887057183724082,5.192393361753742,4.795459907489587,4.554957880894782
9.31475372939468,5.887184355325656,5.192684570011931,4.795276613052885,4.555158012921048
9.313387836214808,5.887011765292957,5.192613861251061,4.795150907767096,4.555202716845645
9.312374682528207,5.886857898556371,5.192777042795929,4.79508869081319,4.555091936154959
9.311434816463592,5.886911998123051,5.19259565864779,4.794984332425229,4.555514509250855
9.310710308481665,5.887130052201888,5.192789688005167,4.795243845266454,4.555283055235358
9.309727544164184,5.8869003643230755,5.1931005030684245,4.795480541690488,4.55544036085752
9.308440944361914,5.887166210520714,5.193114920979822,4.7950546314048905,4.555633030246059
9.307256442941027,5.886891328277196,5.193515574279797,4.79461666428338,4.555668278034671
9.306573388685038,5.886999861784443,5.1939905645563735,4.794561475471603,4.555630966080093
9.305602356796964,5.886874725971747,5.193479363502712,4.794656333835847,4.555215646586287
9.304990099706112,5.886637970706775,5.193578969356512,4.79460496169543,4.554754446030363
9.304110056846012,5.88659671745678,5.193830100878893,4.794189964933714,4.554707132069497
9.30311499662763,5.886813701073096,5.194110836451355,4.7942900201442304,4.554882109252588
9.302692387819553,5.886516239582815,5.193906968746835,4.794632928106714,4.554697938784875
9.301737603687105,5.886491628968235,5.193676142465501,4.794396363946545,4.554664625876989
9.301184562395362,5.886293487032007,5.193017150141388,4.7944573235136385,4.554654541228639
9.299975339350555,5.8860980324654415,5.193225665811564,4.794450794446171,4.554610835249218
9.298321127237264,5.886353340944527,5.193672061359058,4.79464904720252,4.5544519694000645
9.29757684656714,5.886369244583174,5.193568251999783,4.794748478765983,4.55490400770239
9.297172210770071,5.8861327103330625,5.1935297052428755,4.794814622554744,4.554566269949541
9.296613207511735,5.886565509072521,5.19280824030352,4.794687574195583,4.554990645476252
9.296165022573028,5.886176992952279,5.192653198332781,4.79465674848769,4.554940177787165
9.294969693686163,5.886345685181433,5.192923036259051,4.794520248889575,4.555094959876937
9.293989797977254,5.886166018262838,5.192851478142127,4.794711226135678,4.554675598569315
9.293184306847788,5.886135881312573,5.192812757596482,4.7951267477369655,4.554492309319712
9.293011654906358,5.885676473390008,5.192818230584084,4.795344515205169,4.55446090197224
9.292884405819192,5.885609397046502,5.192791251002395,4.795457580505193,4.554531105237665
9.292629535729287,5.885368880850097,5.192493499563942,4.795575125044469,4.5544106653472864
9.291843242791234,5.885191178182819,5.192586311445987,4.795423685287942,4.554920466578737
9.29116590409548,5.885194414170062,5.192487295251509,4.795814796961939,4.5549741988190755
9.290307135106175,5.88533581770517,5.192601962933467,4.795610732434878,4.55530209187079
9.289424281056075,5.885415224409295,5.192772504412829,4.795604910640487,4.555434154952097
9.289007533238617,5.885348506022402,5.192552159967381,4.795825693631623,4.555507693228242
9.288494476104658,5.885266524828664,5.192625517236315,4.7959957681338805,4.555625823767847
9.287522160616788,5.885378440510143,5.19230603391474,4.795939068707553,4.555329242792997
9.28681251119588,5.885494211897855,5.191985705253299,4.796200807031307,4.5555112393107775
9.286295109710029,5.88529064090446,5.191774590763935,4.795975902919159,4.555434932629036
9.286101801283698,5.884876892084301,5.191318909471528,4.795964677334698,4.555345606552745
9.285234080766887,5.884915363641433,5.191594456795254,4.795893804699767,4.555346547388563
9.284293648119197,5.884664760700371,5.191516981972973,4.795981124178684,4.555397781486303
9.283329288395466,5.884955221751951,5.191583085129327,4.7955064061591175,4.555286917267759
9.282176612207843,5.884855664723327,5.191957662102966,4.795572369350313,4.555319266601192
9.281680526034913,5.884694702301966,5.192084254865805,4.795838251331736,4.555220923707311
9.280876699587969,5.884624825650776,5.1916558235268,4.795620314839008,4.555061469003747
9.280211182262587,5.885059892958489,5.191380328717439,4.7957528716412146,4.554730150578679
9.27923719056574,5.884348611389542,5.19097370205043,4.795565864824808,4.554901397906106
9.27832961738498,5.884406724500967,5.190543948697664,4.795735437657676,4.555025556569165
9.277098737848526,5.884270156417858,5.190682040665662,4.795768844015651,4.555194352271114
9.276001150804731,5.884043158998365,5.190672101401731,4.796187710744772,4.555204952591235
9.27585955787093,5.88432268596256,5.19093147833136,4.796067525767072,4.555280745352802
9.275363689389508,5.884272246884851,5.190798554830765,4.796334918908942,4.555147233857508
9.274703392880808,5.884441679119417,5.190801745939651,4.79608287413197,4.555645587084998
9.273874897660548,5.884230832057881,5.190926034671033,4.796385629242555,4.555562401868705
9.272946467077572,5.883514624203358,5.190732729137912,4.7958826604583455,4.555307609159278
9.271322680724657,5.883214931625751,5.1904590579146515,4.795891571303137,4.5550079580678835
9.270342870207738,5.88222421760036,5.190509112807914,4.796034135013141,4.554614326145966
9.269417927722738,5.8824120664493345,5.190338960113635,4.795921103348808,4.554244534535841
9.268658041481158,5.882390477706326,5.190224258039043,4.795831283850658,4.553868488847586
9.268137394479478,5.8820474256950055,5.190486048827003,4.795701862412901,4.55403552050202
9.267559457383713,5.881821861696673,5.190386978355614,4.795898627633447,4.554279252215549
9.266650388838578,5.8816264485591425,5.1904344878210456,4.795837719347704,4.55450682913192
9.265516215534918,5.88147114737239,5.189988806473509,4.796054916927872,4.55441838672447
9.264442798986634,5.881207492645049,5.189709636785729,4.796386431154371,4.55434124404531
9.263558701758507,5.880886019627454,5.189292265125726,4.7964714113951326,4.554302619231953
9.262592763866452,5.880867520768008,5.18904639268093,4.796251359003053,4.553866114118974
9.26154537314093,5.8811016459123815,5.188962617652616,4.796481028172405,4.553914487897728
9.260503821026756,5.8810178684211305,5.189166162101422,4.796228471460487,4.553738554718681
9.259516536439875,5.881373198564387,5.1888377155025704,4.79597289100466,4.554046593593086
9.258319853366107,5.881627083081623,5.188705402715453,4.79609053736103,4.554551607147715
9.257943928305936,5.882075177317676,5.188798832850567,4.7960278219123715,4.554597503877842
9.25713747504454,5.882124101781879,5.1888293439505,4.796188520084416,4.5545739407857715
9.256323415915684,5.882130115486449,5.189279722063867,4.796057254471657,4.554100146548569
9.255424355673824,5.882571928555859,5.189406070681863,4.795806327628952,4.553892288950286
9.254277693323441,5.882233667989151,5.189178145543013,4.795773502659652,4.5534216093307505
9.253375443420957,5.882182045136728,5.189009473486186,4.795826697862276,4.5533038291452606
9.25273595288508,5.882401706667538,5.189069756125515,4.796045543984332,4.553308856312155
9.252139894702715,5.882149383383016,5.1888183910389,4.79584652723419,4.553559264685841
9.251608113255758,5.881724390640422,5.188661379836343,4.795740139941097,4.553665445561995
9.250661717539783,5.881934761659708,5.188553675465185,4.795975852456363,4.553710970608951
9.249835472584623,5.882013817123522,5.188292375233604,4.7958111311753875,4.553804345548899
9.249348392472928,5.882244866719744,5.18834184508808,4.795972158042487,4.554132137346336
9.248883102977535,5.881841447722456,5.188451462146594,4.795885830808632,4.553970389251927
9.248341198219752,5.881946613398341,5.188867401616585,4.795838262712725,4.553916136310133
9.248093591242357,5.8821804513246425,5.18915426343541,4.795798310129589,4.55380704770049
9.247894515820912,5.881926909259388,5.188847892624992,4.795960107275418,4.5540470075607296
9.247262067941204,5.882291542636799,5.18859434178879,4.796141671862018,4.5541217207099995
9.246101837001639,5.882053909346004,5.188456847104407,4.796208375611533,4.554534052202823
9.24512786606657,5.8819838314451065,5.188829588881569,4.795971203479773,4.554500391004428
9.244200455989375,5.881617506713568,5.188839086962495,4.795990671733986,4.554489836203048
9.243493613924784,5.881559179088436,5.189062722184016,4.795683413945842,4.554565083576821
9.242642067877293,5.881890983387818,5.189281702551431,4.795834028882294,4.554262000241623
9.241827650515262,5.881411031169912,5.189334841865129,4.796182715429884,4.554664340612088
9.241017823375527,5.881339230513641,5.189267378077548,4.795806077131179,4.554389678514921
9.240243950446928,5.881587517647694,5.18925692102331,4.79548755291307,4.554555215967979
9.239987949968658,5.881297465236162,5.189068456900926,4.7958050273067165,4.554620085068021
9.239386895423001,5.881120946474323,5.1890746506453835,4.795575095088148,4.554904389322037
9.238454243536525,5.881108750235475,5.188946564709648,4.795270694692647,4.5553239232954565
9.237585841232121,5.880735404204102,5.1891878140256615,4.795044517330627,4.555041978336338
9.236358266564745,5.880299549282402,5.189135880019534,4.794972533525604,4.5547294485374135
9.235762395401407,5.880143036427337,5.188898257125123,4.794871655577665,4.554599890107584
9.23435832136734,5.880058509297669,5.188867152753201,4.794492074288428,4.554758189838719
9.233407643994923,5.879760112583024,5.188895171188825,4.794565741542725,4.554443854831997
9.232585485815749,5.879550800584072,5.188783925505206,4.794713300284635,4.554613203931312
9.231576096635205,5.87989454304931,5.189067583466388,4.794758532393186,4.554426181735025
9.23073722250918,5.880125868489556,5.188957043235184,4.794808626935837,4.554131256688571
9.230154858798434,5.880182749411182,5.189249045119476,4.7951878990023244,4.554124935346898
9.229242254199075,5.880574967910177,5.189136386678035,4.7947665207948695,4.553756706432448
9.228106123903649,5.8804660109480436,5.189062948054639,4.794920878844442,4.5539469690218155
9.227059080479165,5.880205139137868,5.1890541791240485,4.794851525224978,4.554443341645573
9.226476528201482,5.88021361772993,5.188876408771076,4.7949651239614575,4.553986949498674
9.225235688627315,5.8802238275881615,5.188592157039926,4.795207443173187,4.553902049395352
9.224524727717785,5.880318776347589,5.188610956362713,4.7951792654402485,4.554210256425407
9.224015629780512,5.880158849534759,5.188147609608177,4.794782718135073,4.554161544483487
9.223137257502836,5.880119963137242,5.187796874533444,4.794700545529756,4.554162486697642
9.222591451874049,5.880574494705605,5.187702401703744,4.794708918851172,4.5545591562459835
9.222252260455392,5.880649632423937,5.187733691642327,4.794334594961697,4.554396504607987
9.220556463393788,5.880720794285085,5.187294688433577,4.794141248710411,4.554595592079189
9.2205672119348,5.880695194815983,5.187398541743706,4.794692314601054,4.55474476329522
9.219727587010041,5.880386007866896,5.186914102242039,4.794697930380418,4.55461204556739
9.21937425485574,5.879985122663844,5.187101122269135,4.79485995370034,4.554704766803318
9.218703378743278,5.8802124573750625,5.187143288815475,4.7949520896789215,4.554479781343839
9.218288270528777,5.879908572883727,5.187365754120443,4.795116552215753,4.554082246914185
9.217239708863488,5.879930879550555,5.1876680027690885,4.795195457127163,4.554294952462474
9.216998636071722,5.879932733688945,5.1876629808915675,4.7953163581484,4.553933578630954
9.21628674923534,5.879911332986724,5.187352161340311,4.795463209840613,4.553969633411354
9.215324301318525,5.8801465381077165,5.187596347289201,4.795897285353336,4.5544335275668155
9.214959280999256,5.879970960513041,5.187786015383716,4.795838039161285,4.5542810981664585
9.214900138048566,5.879843866409988,5.187554091078859,4.7955639608888365,4.554627057242217
9.214616280400133,5.8802435819777426,5.18735772329376,4.795657052185633,4.554551185770209
9.213888608131342,5.8802066475310095,5.18732869294071,4.795283381339745,4.554423735137564
9.21307766764246,5.880291898486821,5.187832381468965,4.7950361816294995,4.554126749722286
9.212621023079619,5.880439849330284,5.188278752291123,4.795270427302557,4.5540229861343535
9.211850481589188,5.880422136505668,5.1884302547138725,4.794919671051288,4.553721885667758
9.210896865406887,5.8803658367416745,5.188101946073233,4.794627494584389,4.553275969790843
9.210230305153027,5.880555740741261,5.187663740024232,4.794752679958678,4.553157406355205
9.209567435287,5.880400713934308,5.1878050336165416,4.794708321362953,4.5529938421513645
9.20835802782468,5.880598412907642,5.187937355141821,4.795083742155099,4.5529260127106355
9.20772720310841,5.880580491197348,5.187897991724612,4.795145387445631,4.552901796821623
9.206824623627853,5.880509576433258,5.18831562561511,4.7953481881369555,4.553015656294151
9.206558401071044,5.880133734651288,5.1878976717512995,4.795392954704432,4.55338028141162
9.206113923330602,5.881024103455183,5.187437420465699,4.794821381986308,4.552878952911254
9.205313029804971,5.88088463193101,5.187443442139377,4.795039365956697,4.552911382143757
9.20471549334436,5.880577914859966,5.187661614094354,4.79496247865171,4.553585675231554
9.204363265709679,5.880488064540104,5.187824966774907,4.794767282108362,4.553468984171576
9.202981832977775,5.880253030120076,5.187572359705305,4.794979351133733,4.553529465365243
9.20163311953313,5.879603070672764,5.18755525560989,4.794967898452502,4.553528107616794
9.200367231122437,5.879377106950468,5.187560234596311,4.794967559981729,4.553772779130836
9.200485009644108,5.879196802969375,5.18766298154164,4.795112244865505,4.55395990820394
9.199669885901766,5.8789078507509975,5.187643563281225,4.794710653787218,4.554050150613545
9.198657726700601,5.879140962148004,5.188380523002585,4.795060347345695,4.553772540783175
9.197503009877334,5.878814810984466,5.188556700258594,4.7948591562725,4.553587782324733
9.196394681015786,5.87852907006151,5.188568928535283,4.795108491467149,4.553555921931112
9.195862055323612,5.878532297524781,5.188332742560691,4.795127262630223,4.553335048580435
9.195458456546682,5.878268437254259,5.188663327930779,4.794903124280406,4.553658182673356
9.194464616908428,5.8779549192468465,5.188919695744531,4.79521919476446,4.553826703510218
9.19367145304479,5.877726025134584,5.188857895370478,4.795045827083661,4.554188957284112
9.192228922604851,5.877918322853391,5.189285818746827,4.794833142943369,4.553994203593406
9.191322721341242,5.877901088971524,5.189086427930918,4.794815460813199,4.5540895947503826
9.190352234312787,5.877258743025316,5.188782410399318,4.794514459043887,4.553760853092457
9.189678504280423,5.877323526548302,5.189059918610946,4.794319302019866,4.553669210848601
9.188898392943912,5.87744271166633,5.188723772059562,4.7942018355547305,4.554002845569181
9.188099544745251,5.877641028068444,5.188706653251555,4.79462792925591,4.553861267996779
9.187961393300654,5.877226242097904,5.188859636705729,4.794639094576726,4.553669253681334
9.18733006775814,5.877104940659555,5.188770813426859,4.7943686699444905,4.553684944823286
9.186650256481435,5.8774458710518145,5.188409559594261,4.794217088570197,4.553767467704084
9.186294692872671,5.877490474051463,5.188252744472759,4.794234715994345,4.554162317744066
9.185430052378043,5.877338017547073,5.1886584899394075,4.7945682391121025,4.554007071906042
9.184325050654364,5.877298786373053,5.188305971236267,4.794996056257334,4.55396680405187
9.183780136617642,5.877257596520544,5.1884858543763706,4.794553002934185,4.554411071679463
9.182663754904498,5.876719257364654,5.188643304603352,4.794550289273055,4.554676844135727
9.182148062513672,5.877134199119324,5.188846895121404,4.7947707222471285,4.554518184642038
9.181174244565208,5.877016991201387,5.188798099725272,4.7942180778066055,4.554255529716843
9.180401154997606,5.87701412787728,5.188818667403879,4.794192635864432,4.554475268085907
9.179371880511175,5.8770799073185955,5.188727555781675,4.7945554147504446,4.554700991487619
9.1787847886861,5.876760217062742,5.188340218586905,4.794353001257953,4.554307998835422
9.178131128586275,5.876573724014377,5.188410323369631,4.794415418601127,4.554253403681119
9.177648347937714,5.876453819363938,5.188950588429452,4.794637610226416,4.554499364822567
9.17701638812142,5.876500251587394,5.188890342105848,4.794733681977104,4.554360684580429
9.176400253504164,5.87652313511538,5.189257491104506,4.795047321151517,4.554467933789235
9.175739814086281,5.87648997949195,5.189298455332227,4.79510871388134,4.554326682840192
9.1756268548702,5.876823432620059,5.189041799273939,4.795010419593331,4.55445516125932
9.17510426369543,5.876256481630867,5.188591209246366,4.795067616401148,4.55444618237607
9.174336899223617,5.875924325384215,5.188455107213712,4.795001590474052,4.554426356790146
9.173664270988535,5.875835670278417,5.188615944929146,4.795044189816962,4.554103592503848
9.173084494492104,5.875492210141544,5.188574075781066,4.795521911341568,4.554103682370021
9.172351767300984,5.875377610402862,5.187944859153276,4.795527232921933,4.5536193406323
9.171700734586079,5.875299019701805,5.187872296115763,4.7955850507373405,4.553565861273436
9.170714504506067,5.875597286010832,5.187492878651398,4.795936293984708,4.554120274769451
9.169930888765771,5.875626536358158,5.187298423166774,4.796070062999227,4.553849668378016
9.168795901280467,5.8754865450210705,5.187215968212449,4.795962695862053,4.55395800940141
9.167886464249571,5.875504165293017,5.186972552960443,4.795858350279245,4.553601577949786
9.167461750390073,5.875195666527396,5.187123693466843,4.795528684648239,4.553895586907433
9.167611941182793,5.874753556110508,5.187172891349215,4.795446594446856,4.553917065693227
9.166558618273429,5.87452863761755,5.187217444068748,4.7957032678380545,4.553791969901878
9.165785610389054,5.874360637484547,5.187342552958485,4.795589538947823,4.554160138831516
9.164964547807594,5.874503788035664,5.187289374425869,4.795790871653267,4.554088033052377
9.164315079594706,5.874676176234261,5.186963591438073,4.795783606204358,4.553769188840966
9.163287063910303,5.874746980104011,5.187129801669319,4.7954774851492905,4.553877580628296
9.162226422322313,5.874438249909395,5.187083700542672,4.795512071192551,4.55393022147449
9.161563667343167,5.8747756638207935,5.186720325934539,4.795356693316896,4.554498592085536
9.16104086403657,5.874610310310526,5.187027388639411,4.795249373088648,4.554479319617582
9.16084667554979,5.87456497387564,5.187137692523076,4.7957047849719885,4.5542919738757766
9.160147871359968,5.874759295364207,5.187431662600689,4.795921461724353,4.5543891343456
9.15971537835388,5.874432134889666,5.187679232943339,4.795960873845261,4.554300565432097
9.158776240642757,5.874141112663975,5.187668508699495,4.795931906814444,4.554123654839111
9.158052286110852,5.874189621779413,5.1874056378279345,4.795944491137956,4.554136089738286
9.157535821913367,5.8739259165496875,5.18710756644576,4.795763852170361,4.553963363293016
9.15677793165449,5.873955798972929,5.187024959749528,4.795647559735288,4.553919326186466
9.155446538357664,5.874634833489169,5.187323176746656,4.795871738614527,4.553808496931183
9.155112409184122,5.874581518336239,5.187182835309933,4.7956637428968385,4.553732635546953
9.15434769205418,5.874602171222559,5.187052172336852,4.795392855421289,4.553859919696659
9.153789566204253,5.874293389970384,5.187396713031369,4.795342892968374,4.553837348627156
9.153212353831432,5.87486158539363,5.187247596966113,4.795241663446192,4.553626241416879
9.152487330894171,5.874653522290236,5.187492617245378,4.794881343108959,4.553629698383804
9.151992612161735,5.874677447898396,5.187646162794718,4.795147812407171,4.553886517241546
9.151671614430537,5.874665855995342,5.187611368726603,4.795062686509542,4.553951550245855
9.151209668931012,5.874843566430704,5.187585914118716,4.7953952678554215,4.554097946311409
9.150843630380042,5.875029320770508,5.18766781026253,4.794967013416622,4.553915690042604
9.149859286199725,5.87525860119126,5.1877837829550835,4.794581112767371,4.55393729863235
9.149040791285708,5.875079924974978,5.187620207804431,4.794527797763961,4.553780398783124
9.148315048347701,5.875574218073723,5.1876659092851165,4.79494631728944,4.55354410109468
9.1475762682867,5.875624809859357,5.187334970020298,4.795416756475057,4.553811848305665
9.146680832396079,5.8755199681178825,5.187249750892997,4.795671641542604,4.553858654202045
9.146272505169298,5.8752874141244025,5.187369157116849,4.795839700377608,4.553668665293732
9.145550130824654,5.87524667556594,5.187312190062335,4.795827806563604,4.553686901501247
9.144620752221101,5.874998633936935,5.18718083007771,4.79599210543926,4.553646605179368
9.14389276861091,5.874635772345262,5.187067236242288,4.795808642677188,4.5535246034125585
9.143590380130396,5.874605271267802,5.186917491806554,4.796139184042502,4.553289896851286
9.143386806158915,5.874551685526967,5.187097128480673,4.795872466233761,4.553596479332318
9.143112935194136,5.874863149435694,5.187403402992339,4.796094337910262,4.55366890774518
9.142041569410015,5.874390251282033,5.188064665674597,4.796265968884729,4.5536239133428245
9.141450419845038,5.8742545919576905,5.187924643634011,4.795821775530895,4.553553199784247
9.140378453676542,5.874182630992486,5.1878460487161275,4.795803844443493,4.553524114949733
9.139931003050547,5.87368867008433,5.187841971149361,4.795836729451978,4.553503556912856
9.139124782045009,5.873319252385931,5.187779116549734,4.795706224360709,4.554040898710994
9.137982831410092,5.873441917619153,5.187659317741795,4.795595320714849,4.553840262168385
9.137078892086256,5.873480609842756,5.187228899257293,4.795840190758873,4.554201872206638
9.136091593520502,5.873080881821516,5.186992447052493,4.796037323467617,4.554483401262676
9.13529242336064,5.872826114488601,5.187060897949182,4.796003895751834,4.554586811976088
9.134285853558588,5.8730596761009615,5.187096033967691,4.796040280256578,4.554643384413873
9.13351998293674,5.872655731012115,5.186772602578784,4.796148208626552,4.554998853855107
9.132289672002706,5.873053371644238,5.186390204731177,4.7962586924882205,4.55489497963625
9.132271329481268,5.873033604080247,5.186240470514175,4.796245220386152,4.555069199279001
9.131765948634326,5.872823205095725,5.185801786359559,4.795617449642155,4.554750218670205
9.131046101370373,5.8726755776115365,5.18610206753821,4.795250724135219,4.5548945314175375
9.129813148217682,5.872399551165502,5.186281646678916,4.7952231318916025,4.555291034127763
9.129404474640923,5.872728923057721,5.186300046616193,4.795157947063768,4.5551817510516
9.129047261192072,5.872592933830521,5.186341240564553,4.795006472477831,4.555503082725996
9.128840564555324,5.872275457288894,5.1862687507139045,4.794875577393814,4.555717424503383
9.127763577697651,5.872318095823163,5.186296335882924,4.79473842601551,4.555751699219265
9.126976522013535,5.872137873138999,5.186233020278946,4.795054632992015,4.555667971246402
9.126269540924957,5.872026497561561,5.186131993326869,4.794980546220368,4.555438460426215
9.125610781487108,5.871866206033532,5.186192551472116,4.795293148797799,4.555035449022231
9.124558708329682,5.872184332391155,5.186177497602304,4.795052286188544,4.555111569240464
9.1236333208052,5.87229974269867,5.186037137853577,4.794959461488307,4.5552011827828505
9.122772179240531,5.872013953028204,5.186069573348156,4.795203595561076,4.555047072051391
9.122163682895264,5.872020294576442,5.186262004067407,4.794915770216874,4.5551179659478915
9.12154253620593,5.8721595491338086,5.185949527090582,4.7948681549556,4.554886037157394
9.120872904008559,5.87214177882984,5.185902276372621,4.794821372910803,4.554900008716596
9.119928297315324,5.8718097402268095,5.186013838583682,4.794750164977643,4.554908518430565
9.119196329706458,5.871728147149727,5.185966354624559,4.794578626191103,4.5551118514230176
9.118500834469192,5.871537958730737,5.185841470266054,4.794603181598088,4.555196428763454
9.11785661958063,5.871364153736465,5.185144477358114,4.7949390191212045,4.555311514916558
9.116946166135513,5.8713124406621855,5.184740321833882,4.794741481772682,4.5548403644049555
9.116575906260701,5.8712912793927545,5.184694524739412,4.794658709932493,4.55457774168693
9.1161323940542,5.871223224565032,5.1846305766548735,4.794814165068009,4.554096794736261
9.11532130023923,5.870652219339315,5.184383824237796,4.794788962078926,4.554046402994536
9.114632018252662,5.8705167576166115,5.1845538653745535,4.794755492160834,4.554105511216801
9.114415765128252,5.87081249030282,5.184374585707769,4.7951914199076136,4.554207650330367
9.114061732907192,5.870883631027324,5.1842122558772665,4.7948780600549386,4.554623588006101
9.113453058771695,5.8706347248495145,5.183726113112438,4.794987523228389,4.554502362144608
9.112578582955237,5.870174132185235,5.183605762800326,4.794935449054898,4.554601724386455
9.111967056151853,5.8699986592354065,5.183526476144471,4.79509837967325,4.554591128305898
9.111190476039454,5.869853753635181,5.183634466931907,4.794974173698668,4.5541669750500775
9.1102409657826,5.869614296294375,5.183301515403799,4.794854104399282,4.554247628725492
9.109145222838928,5.869223442814175,5.1829455974946175,4.794597420155185,4.5542968954381555
9.108774096889292,5.868979948647519,5.183226649694264,4.794367982343556,4.554462695504255
9.10819521931713,5.86901041523812,5.18299608369197,4.793977273892607,4.5548746683826185
9.107208473648958,5.869055935678756,5.182854569826272,4.7940534232215395,4.5552190730949205
9.106086715195135,5.868493521233433,5.182641674879198,4.794305457893715,4.554896715447581
9.105398321661038,5.868924912766557,5.182282659415409,4.7937676129895,4.555311663924295
9.104500793957257,5.8689259906033096,5.182747028571668,4.793717593720328,4.555406623257372
9.103460563191419,5.869231417069362,5.182340955161667,4.793724468344446,4.5554575236182435
9.102840929676907,5.868948139640322,5.182769765055708,4.793374993714463,4.555281924819819
9.102248428185781,5.868977998812993,5.18262730884552,4.793281015793482,4.5555962065060935
9.101320794724257,5.868440438254361,5.182448161041606,4.793346635979916,4.555888837117109
9.100977577581792,5.868285705771627,5.183114056584042,4.79332606010958,4.55599729288903
9.100442885082243,5.868381248805033,5.182717800140381,4.793257238465549,4.555979893519567
9.099745532167894,5.867952112430897,5.1827696803089145,4.792913528558576,4.555660282009927
9.098982848581578,5.867700851856174,5.183065134991028,4.79306202640946,4.555558054617756
9.09847651730358,5.867387194436785,5.182960997719172,4.793460210243702,4.555409535914362
9.097657603602256,5.867469053947136,5.183043994814762,4.793499246878921,4.55566084745678
9.096787165929662,5.867446249390536,5.1829843354669025,4.79347373553096,4.555666471811685
9.095440608791911,5.866987623856209,5.183063255270758,4.793593246067588,4.5557460082096295
9.094925610805271,5.8668704458249366,5.1832399493436085,4.793412989793822,4.555896222076543
9.093949348654949,5.866633673436378,5.183284600839706,4.7935609804043855,4.556085270530399
9.093293416547585,5.86624967996501,5.183231965320835,4.793598358612137,4.555913714377845
9.092426528576162,5.866475659591036,5.183181095946242,4.793783707670939,4.555994060322014
9.091716445038156,5.866384209982195,5.182947029083394,4.7937417494673245,4.556068335373669
9.09149765960415,5.8660855246618215,5.18307752324574,4.793885859921204,4.55632693692424
9.091088745100745,5.8659065692273,5.183247598476056,4.7939913597758315,4.556327327413964
9.090045067740071,5.865983549948753,5.183026898409066,4.7939092286343525,4.556458016519796
9.089281238887072,5.865857446090996,5.1830012213717715,4.793847377052206,4.556593256884652
9.08881300196185,5.865567666246781,5.182750355845928,4.793820956796556,4.556826866869502
9.088081908541799,5.865417930385135,5.182787751835703,4.7934748883278955,4.55672444547249
9.087194733965362,5.86549482665998,5.1824687381960315,4.79352770464107,4.556604234085538
9.086324593154584,5.864876855689906,5.182376009040444,4.793374507179488,4.556533705628052
9.085934455845083,5.864627344577548,5.181984392570574,4.793303156545767,4.556670129516052
9.08500588160974,5.864691896413369,5.181559378744433,4.792879687651755,4.556677542272068
9.084488995922499,5.864050575603138,5.181111175521346,4.793078306135067,4.556486621021239
9.083751887417911,5.863937179851595,5.181118172757766,4.79319862624469,4.556307467182031
9.082996408577834,5.864373214338571,5.181114062169695,4.793296958181698,4.5560118597570645
9.082544204108466,5.86432774977136,5.181313797300054,4.793653168404275,4.555840276112802
9.081884126609683,5.864107231607371,5.181729500189045,4.794143943040432,4.555711330695292
9.08108603033689,5.863978984725751,5.181776127720823,4.794178215111836,4.555500118724583
9.080120250912083,5.863749906356796,5.18173252753557,4.794521436011661,4.555242950552095
9.07948331169214,5.863739189183177,5.181836059744565,4.794141039684769,4.555029489905979
9.078582560233931,5.864106923331925,5.181538644970505,4.793860169947442,4.554861768023865
9.07765874268589,5.863926164083915,5.181335280502636,4.794277781629217,4.554938464551358
9.076895973984845,5.863925688270682,5.181333055841864,4.794152059350807,4.554840908961791
9.075968155904878,5.863595003038841,5.181620318977572,4.7942251992634,4.5548766438354775
9.075681639612604,5.863763281024911,5.1817582134043345,4.794532755624711,4.554771038981147
9.075075241042407,5.863891580530183,5.181942576793874,4.794473215182256,4.555499874187818
9.074360752701956,5.8637013214126394,5.182083189114806,4.794246073104944,4.555680053412188
9.073569592676664,5.863993008199491,5.182324748054931,4.7938727799214815,4.5556785037643035
9.073344407525356,5.863921495536094,5.182273768547607,4.793930380958273,4.555782071621314
9.07247181615886,5.863636916911108,5.182029520579658,4.793896498294507,4.555868634732439
9.071829091315594,5.863682050043684,5.18234191918663,4.794083719538733,4.555499798680386
9.070931535356149,5.863457684917926,5.181873304145252,4.794245176340372,4.555407972357746
9.070460445422844,5.863253059606443,5.181673044289274,4.794429110854326,4.555175143901154
9.069575040651948,5.8633506456176,5.181785003652091,4.794151612198517,4.555238633584757
9.068389354082338,5.86342904620144,5.181779644862527,4.794087117172907,4.554942171496174
9.06771191133289,5.863315364820125,5.181871524945957,4.79384717712878,4.554880128523183
9.067222508104875,5.8629484087492685,5.181387230465552,4.794088140946211,4.555002197432651
9.066176514391039,5.862293227930538,5.181305406523532,4.793889253960281,4.5550115274992145
9.06540559229793,5.861795582485293,5.181004489925563,4.794128604577589,4.554830868023022
9.064696077594283,5.86171526865128,5.180790789083603,4.794055948563672,4.555029267799182
9.064196195674263,5.86154754365658,5.1809573658481805,4.793984100930308,4.555009225841588
9.063483516609427,5.861893310372004,5.181182974448139,4.794156587272199,4.555022835263101
9.062735174525583,5.861993164243557,5.180933062417613,4.794222464303924,4.555000839061706
9.062095573747346,5.86227700410713,5.180912656543766,4.794860244109368,4.554846419011735
9.060915207761466,5.862379598664348,5.18037136902714,4.794445619186935,4.555408041579372
9.060030773779081,5.862590670507667,5.180552504903121,4.794308814603258,4.555324183873213
9.059154171614757,5.862249943663693,5.180483573634237,4.794251316627983,4.555365743805435
9.058271170441621,5.862019942788517,5.180352771048453,4.79481242154938,4.555754630472146
9.057611440529586,5.862085400045171,5.179953468504079,4.794901298097987,4.555517566394899
9.056783136240725,5.861943903349335,5.17981612713488,4.794868113712732,4.555796573007909
9.055827841196736,5.861520822165723,5.179701464728051,4.795061339049257,4.556145472889277
9.055009646764312,5.861452508999847,5.17955962274778,4.79494123499325,4.556023287321818
9.053993379272411,5.861174509848117,5.179639485765242,4.794915523653513,4.555974326281524
9.053324394729973,5.861358162630483,5.1796667419534375,4.794935315866837,4.555746621115101
9.053232800117097,5.861380475563221,5.179412574460229,4.79460066080793,4.555957461320736
9.052677747479008,5.861093010243412,5.179541692817693,4.794497412450932,4.555958797443644
9.051712701902517,5.861124587004641,5.179774812239706,4.794572459249164,4.556137040058383
9.051364517677879,5.86126230267826,5.179861747092455,4.794556057724968,4.555994315100803
9.051094427049762,5.860897633742914,5.179800354902615,4.794679575655834,4.556174865804639
9.050526018099239,5.860591709769021,5.179748868802562,4.794472738867626,4.5557408262199415
9.05015707481501,5.860320482741262,5.17951319119149,4.79448030338666,4.555606174732783
9.04957916865352,5.860529554146176,5.179338010550321,4.794405764779567,4.555761134926964
9.048660893944222,5.860458433880069,5.179281895102524,4.794690910509932,4.555736392339071
9.047813053093899,5.860327283954744,5.179280554597183,4.7946636587652645,4.55553911046957
9.047374061148082,5.860311971998541,5.179201780916771,4.794636372974409,4.555297471038079
9.04634150024201,5.860335711769813,5.179047501420262,4.794571712235493,4.555203763674884
9.045742448253575,5.860395891320284,5.17899075782543,4.794569247262205,4.555213397104425
9.045056777031391,5.860201043742044,5.178915316176105,4.794942420721054,4.555363733814908
9.044042741892516,5.860131982161371,5.178721475972637,4.79470055051455,4.555464975093333
9.043102819992303,5.859777615799059,5.179260464862598,4.79478291866456,4.55525237882702
9.042051776987448,5.859974703849077,5.1790972049074675,4.794788604736947,4.555398278370949
9.041201748272789,5.85970030529799,5.17879315132297,4.79457174811691,4.555404497105169
9.0406209338233,5.859209336106162,5.178534006106409,4.7947533396499855,4.555411541210774
9.039518042191698,5.859235656624557,5.178708952352434,4.794751043761619,4.554903395362898
9.038868264160305,5.85920178546541,5.17837786612713,4.794666818789305,4.554739937104181
9.037945109636672,5.858964806239222,5.178616768106278,4.794496003905109,4.554534874045787
9.036998325507206,5.858677581738947,5.178877060912735,4.794524693188061,4.55462994093878
9.036550304727648,5.858656124312515,5.179302445121568,4.794311447128123,4.554643141104566
9.036216072648985,5.858837242613946,5.179409507253493,4.794217884636974,4.5542720224200925
9.035835845350139,5.858792804962296,5.179540433288391,4.794280076165712,4.554659883078443
9.035210999939922,5.858978873967277,5.179739663564693,4.794050542814154,4.554446910293288
9.034463198784481,5.859362084555795,5.179988668669249,4.793890718729479,4.554371466541105
9.033772563163991,5.859358395898477,5.179896473075731,4.793761083344073,4.554407381048495
9.033260052672345,5.858973419173435,5.179988233695043,4.793662345763633,4.55430959592494
9.03300825103006,5.859022344509786,5.180249085840503,4.793766654457706,4.554626155985067
9.032210837801939,5.858983956897851,5.180087197819704,4.793709600641313,4.554669313387689
9.03171000460649,5.8591190384602925,5.179901948164416,4.793760271601694,4.554845099835367
9.031188297117911,5.859399246861858,5.1796106205448025,4.793797202341018,4.554780904400733
9.030532541370361,5.8592811273552075,5.179721092109102,4.793901356063863,4.554623408841918
9.030218850866891,5.859539596900719,5.179573858960223,4.794296955385952,4.554466261085889
9.029475683709556,5.859646057106778,5.179561216294132,4.794280249420151,4.554477485271949
9.028695722369804,5.8596297290521795,5.179867843607652,4.794193540882204,4.554713578875532
9.028013259162842,5.859633964041005,5.179884377769802,4.793918886891118,4.554522461898853
9.027605920320008,5.859558522125559,5.180084155516247,4.793915843088552,4.554767587072836
9.026894701843213,5.859361935245058,5.180022194794531,4.793927696459463,4.5548932586101465
9.02612674819303,5.859204622155758,5.179871635010497,4.79393531617971,4.554977553614932
9.025448690545103,5.858919477723503,5.179852678370115,4.7941943606827255,4.554769438767824
9.024429500064667,5.858760211398748,5.1797707256396865,4.794350094273926,4.5547800333170265
9.023589050375124,5.85863685132759,5.180059540045679,4.794259711961124,4.554621404100944
9.022984383958164,5.858749216350614,5.180219546918084,4.794230762131723,4.554649627990159
9.022351213180096,5.85867148046129,5.1805992925278135,4.7941020564408,4.554573709850636
9.02122581839638,5.858306119437392,5.180345889690524,4.794525176726937,4.554475621757557
9.020545518149534,5.85806431885133,5.180311967855855,4.794607609998357,4.55438033612161
9.019698464365458,5.858759197711333,5.180199766572235,4.794613584091789,4.554185776181031
9.018578851838734,5.85941832425849,5.179843230778337,4.7944036936737,4.554262086524388
9.017483178891762,5.859641254062909,5.1798960609723546,4.794484613108436,4.553606329475021
9.016857846496425,5.859778494282998,5.180415451698633,4.794355134162891,4.55344015843366
9.016216277770507,5.859657040314796,5.180450369379459,4.794061975066478,4.553509678366857
9.01549426335167,5.859608301402895,5.180277822339279,4.7941933045666865,4.553038734994001
9.014653682097801,5.859421009898262,5.180181654884906,4.79398856393654,4.552894117509914
9.01409638771597,5.859431414737023,5.179760520213161,4.794015833784135,4.553109926555999
9.013293472508614,5.859355595749869,5.179714869750752,4.794116035237355,4.55293541246126
9.012618525085449,5.859236199951172,5.179861540222168,4.793790512619019,4.552742183685303
9.012271360335102,5.859274209193976,5.179353869731656,4.794091456606078,4.5526285244727545
9.011768080153555,5.859016075201373,5.179442723185482,4.794156206809259,4.5525518239859695
9.011031168653533,5.858856811852712,5.179198108213332,4.794342786073685,4.552924377991415
9.010807267314293,5.85833868442461,5.179305764957524,4.794373975161281,4.552793356967681
9.010010856866074,5.858195527597738,5.17904676537925,4.794042295845934,4.553164091658668
9.009643072063113,5.858296786052128,5.178624732393078,4.793978906142296,4.553932070389452
9.008971159942305,5.858417678457871,5.178341555336578,4.7938245776969355,4.554036459551308
9.00884780357183,5.858687135992893,5.178184120486881,4.794252789518987,4.554162160603718
9.008157421999398,5.858459949493408,5.1780646257364,4.794279421068105,4.554300102064696
9.007356536749638,5.858384364339534,5.178186990731831,4.794229743811503,4.554352995919649
9.006940786935845,5.85851906726555,5.178421645824399,4.7941058521368065,4.554678627118772
9.00579946938692,5.85818694220784,5.178538004835966,4.794041699423773,4.554731700691707
9.005402926505182,5.858117553669605,5.178896286215578,4.794505525349507,4.555099241896143
9.005000489803969,5.857609055687114,5.1788457331668045,4.794748292602753,4.555207613434295
9.003976649235767,5.857251818924193,5.178616299219192,4.7947999240486485,4.555008081493864
9.003460058548086,5.857272113215881,5.178320724620291,4.794725322146508,4.554850735204382
9.00230746736654,5.8574359520160035,5.178019538872717,4.794519267668017,4.554728106053144
9.001938667412666,5.8574165694090805,5.177956327525742,4.7947194739356,4.55474332901387
9.0012284385339,5.857260808234907,5.1777391514857,4.794527174255624,4.5548290065075
9.000623242388848,5.8572653834126145,5.177577293392964,4.794331795308851,4.555020142435459
8.99953748023366,5.857103415378248,5.177618615656087,4.794296740879318,4.554888110288146
8.998714390201041,5.857169441317693,5.17741406126783,4.7944659518559165,4.555018843413536
8.99839829080744,5.856986310309346,5.177881570222872,4.794670856741211,4.554911370728794
8.997699743151552,5.8567485906238135,5.177723272901446,4.794786691287087,4.554514124871209
8.996490168344407,5.856787334775168,5.177823765088641,4.794952494000632,4.554209657245212
8.99639362337021,5.85675343889087,5.177413383161253,4.794896333567947,4.553932753187329
8.99595433261794,5.85667187868036,5.177499335656312,4.794916055075408,4.553878455749018
8.995199344591455,5.856829304639173,5.177376061517248,4.794873494252,4.554069504373383
8.994664194921036,5.856629465075331,5.177366058586062,4.794545299279667,4.553798502052443
8.993925906361188,5.856539935279762,5.177438411395259,4.794605821134927,4.553759068354563
8.993303517576104,5.856479293039996,5.177294545527194,4.794988584911264,4.554085969547204
8.992266541687341,5.856337474953498,5.176904337897797,4.794938282306563,4.553820643275457
8.991734034355265,5.8561272593975975,5.177113987359161,4.795163082880186,4.553983907747903
8.990689431160604,5.855881889019634,5.176946639410866,4.795314396057901,4.553787819076543
8.990210635903516,5.856054007856152,5.176992990095404,4.795338762711875,4.5540637695336645
8.989630694179661,5.8556845461933795,5.176968213388792,4.795310146104908,4.55437698699145
8.989625380206606,5.855447314495832,5.1770103413571595,4.7951938961217255,4.554390709736467
8.989088630435061,5.855335804694746,5.176770567404029,4.795203137013342,4.55460531802785
8.98851795895814,5.855645656133572,5.176879944903812,4.795418044860686,4.5546715967875215
8.98809686603516,5.855853703274358,5.176829375135955,4.7955557817154775,4.5542537988267995
8.987523393998474,5.855964479609072,5.177116207434871,4.795731527927324,4.554226406073917
8.986811027340156,5.8560173754666485,5.177259667875039,4.7956266251128294,4.553901330431741
8.985850886112512,5.855827957993806,5.17709716823366,4.795331523875998,4.554075008088892
8.984846278672416,5.856261892550449,5.177305550182531,4.795093615222857,4.554120187016081
8.984159465994368,5.8563767555008175,5.177274598232955,4.794888764300181,4.5540011595476315
8.983756164314995,5.856332413370547,5.177689833507219,4.794565006371591,4.553918995341455
8.982860403433724,5.856208842008141,5.1779098909108665,4.794519271856599,4.55414408633267
8.981994731246655,5.856066938232557,5.177672381661046,4.794406931745191,4.554037379196605
8.98152595161265,5.856011869626445,5.1780986099327295,4.794190234482927,4.554125776212773
8.980738563687783,5.855756233996294,5.177907925853579,4.794025832348921,4.553983784022294
8.980058715235376,5.855360904929019,5.1781741244066275,4.793928616443269,4.554033612274103
8.979217497927984,5.855121197248728,5.178282037260099,4.793855849323987,4.5544195049094975
8.979185744604274,5.855349153899186,5.1781459372324194,4.793768639831591,4.554438841725536
8.978152608376472,5.855340167762874,5.178217212146616,4.793557464795204,4.554109794083313
8.977481435379891,5.855229721729111,5.178309465204395,4.7937227594027725,4.554020748423331
8.977091951589095,5.854409414580393,5.178407295362562,4.793777214585142,4.554146814406274
8.976343509313223,5.853947554722588,5.178084208034705,4.793561142244704,4.554195440842025
8.97550867939385,5.8540232177054845,5.17800630251267,4.793306821927386,4.554066769851292
8.974522905583358,5.85378124523702,5.177919703811856,4.79329288792071,4.554334135585694
8.9742177506631,5.853373955183164,5.1776407652035985,4.792964378518624,4.554397472444472
8.97320608185734,5.853388206283776,5.1775694083508945,4.792439696104813,4.554466505209305
8.97298027663385,5.853403745043192,5.177231715620967,4.792084079720887,4.554334546915969
8.972520737755703,5.853132409238755,5.177336449754732,4.791761833421858,4.554458784862623
8.971425975142845,5.853552302808812,5.177158085819172,4.791723133516596,4.5546847855869075
8.970582767265343,5.853578424229517,5.1771900647859965,4.791764389235398,4.554509350423903
8.969914560069936,5.853708579300415,5.177082241683572,4.792126458627384,4.554145324196572
8.969511056603645,5.853530760172913,5.177154785110837,4.792005966629898,4.554071886647017
8.969139367780677,5.853698642433828,5.177368431826053,4.7920349019842385,4.553998429985058
8.968759839804978,5.853611989027273,5.177425698630871,4.7920255371385165,4.554067656033921
8.968581348293824,5.853773583082339,5.1775934446212455,4.7920244412429644,4.554118154045189
8.967958735584169,5.853727609031043,5.177960984847125,4.7916633101816615,4.553852032138051
8.966743935187385,5.853779232945709,5.178062289813402,4.7914270023498675,4.5538220394392255
8.966123984112002,5.853352202185248,5.178016698382809,4.791252111702729,4.554173324389932
8.965307906330581,5.853352773483935,5.178100151730985,4.791345251765464,4.554385422169696
8.964915423840285,5.85394479624927,5.178090927898884,4.7915193363279105,4.554621958807111
8.96410336936872,5.854173927447156,5.1781674731861465,4.79171424007386,4.554270040314855
8.964122586217544,5.854349316022755,5.177985398044146,4.791624514405836,4.5542883624291886
8.963356459174273,5.854295514056432,5.17759834882657,4.791534435216836,4.554340085349081
8.962820584110256,5.854531264260467,5.177302843920152,4.791584801510181,4.554630283261655
8.962527810392812,5.854541728797829,5.177481116742686,4.791496304602779,4.554486598313877
8.961530816309613,5.854118107038963,5.1774844511999465,4.79166413595434,4.554239971668959
8.961166840087301,5.854488436217467,5.177444207917354,4.7913720050183715,4.554352406292717
8.960092095514188,5.854520853395177,5.177335234651542,4.791418546378761,4.554345691293255
8.95933170755469,5.854571606147768,5.177500011988539,4.791557786545675,4.554548528640952
8.958633668994606,5.854476246358449,5.177631570097071,4.791725085828906,4.554334512009428
8.958205828968145,5.854465531619751,5.177465070411447,4.791600270495538,4.554017941850028
8.957257010274628,5.854450824177577,5.177446402173262,4.791664433434772,4.553956767912968
8.956887478921928,5.854452627305482,5.177325784028448,4.791738890280725,4.5541612466769985
8.956003409998715,5.854242263332835,5.177424291683119,4.7913304087384265,4.554488306024761
8.955306843539605,5.854229274248446,5.177634868206541,4.791461662482326,4.55432426021036
8.954428814685167,5.854068338945138,5.177886933088303,4.791493777908496,4.554064135942886
8.954538643119273,5.85427419221064,5.177765970760745,4.791556285559334,4.5541886219075645
8.953750838397674,5.854099155509598,5.177686730699557,4.791040526257308,4.5539430430989
8.953096209938165,5.853878159225265,5.177646740803477,4.790924508292396,4.554204227539945
8.952222768120144,5.8534979495202535,5.177629548274212,4.790897715832136,4.553880401946003
8.951500995675069,5.853516528858823,5.17758291843181,4.791168416519781,4.553891814003003
8.950686170328188,5.8532465493582855,5.1776326305003435,4.790967624650691,4.553674453389637
8.950367493027306,5.853435459323378,5.17768374903765,4.790829987619147,4.553733633498838
8.949802815470447,5.852960731714003,5.177553664957619,4.7910317094538994,4.55397170072158
8.949411171610041,5.853131278947342,5.177657550397769,4.791099067436632,4.554058800335079
8.948760090152152,5.8530354169460095,5.177424317919831,4.79081161836623,4.553977796474157
8.947818305420736,5.853165462728547,5.177592630980367,4.790697161021675,4.55385868830839
8.947128574792043,5.85355925020823,5.177706578702584,4.790590371931944,4.55386852051098
8.946442401457142,5.853139340452972,5.177353842408341,4.790749267218984,4.553896694000235
8.945458570279573,5.852948717362372,5.177281916768927,4.790793586146352,4.553691729893995
8.94422914427672,5.852935443091267,5.177494060583655,4.790890627695436,4.553753272330787
8.943656873437437,5.852629024129693,5.177312694858797,4.791003246118526,4.553674274373172
8.942649446328726,5.852448631652988,5.177256268685055,4.791174993476667,4.553836078198377
8.942112774633669,5.852158297044522,5.176978435056329,4.791185792169235,4.553820391606607
8.941040938936025,5.852316220724233,5.177126038977315,4.790952663038392,4.554005907123572
8.940549159963583,5.85221570907034,5.177069959888057,4.790727525765286,4.553918027980956
8.939837238027756,5.851900552281783,5.177120025046711,4.790799446595021,4.554097087728708
8.939162067309658,5.8515800486529885,5.176998866789867,4.790710852277213,4.554060387493579
8.93874853266062,5.851686811034935,5.177082741470313,4.790925557836407,4.553839773629764
8.937675346857235,5.852319072720445,5.176919082211859,4.790910489029354,4.554591866775795
8.936852041713546,5.852000666782835,5.177069051219371,4.7912390279902315,4.554578640769198
8.936340092877264,5.852251627576123,5.1768949651041565,4.7909811954304145,4.554863131391936
8.935616811410608,5.852152796832639,5.176937693032151,4.791340523063126,4.554689945940835
8.935027921684867,5.852159128456609,5.176738238805025,4.791194238512789,4.554746872399797
8.934495697403541,5.851983134809003,5.176825818589362,4.791327215453325,4.555136182752706
8.933619386975,5.851662080448055,5.176793170136871,4.791038372159665,4.555156569824642
8.933036974110088,5.851432678183299,5.177166742730735,4.790987671357799,4.555338849865696
8.932808623965737,5.851919486971911,5.176997817355423,4.790752800667814,4.555332331234599
8.93159727273849,5.851565604431514,5.176970487449601,4.790508381731145,4.55540873153865
8.930868641633253,5.85163485783797,5.177008180618286,4.790893111375662,4.555553364973802
8.93059295362709,5.851924751106316,5.177110375568926,4.7908532918691265,4.555371469734119
8.930278327485585,5.851894374776443,5.177279471031414,4.791248786273478,4.555480644711709
8.929301215874537,5.851555082785545,5.177419865787341,4.790984094161237,4.556137026767162
8.928706228916235,5.851639908152852,5.177320635677776,4.791028339949281,4.556073839853494
8.927972542635306,5.851519659294327,5.177307469357727,4.791217422119117,4.555921301131241
8.927568390123382,5.8518778260714885,5.178015304871215,4.791617977897424,4.556036558432427
8.926815821929033,5.851639755891443,5.178062355953893,4.791811902427146,4.556493752420699
8.925985441974806,5.85158562696807,5.178448894991328,4.791848875760593,4.556634284880646
8.925350681701735,5.851554594145263,5.178310922041522,4.792157160354268,4.5565276205923775
8.924746380846925,5.851511784199556,5.178059611291242,4.792043702807163,4.556696732790193
8.923949849199788,5.851255657774508,5.178146454133493,4.79217423818039,4.556779301119011
8.923057291129115,5.85153535675374,5.178333351905912,4.791814905891091,4.556809652809129
8.922464524168856,5.851436756521582,5.178432535036481,4.791867924218816,4.556566195147482
8.922159639935867,5.851140640456887,5.178042613627279,4.7918957947369885,4.556478998678572
8.921847519137046,5.851324559353395,5.178347846304293,4.792045629846009,4.55672235299033
8.92118789064906,5.85125224391741,5.178210360173134,4.7916520890179255,4.556510762210572
8.92048731600432,5.8512038506606245,5.1782646206201015,4.792365540632021,4.5567816047446605
8.919970381216144,5.851051105206862,5.177990064699763,4.792147021106874,4.556842490538243
8.919216710298059,5.851008620383215,5.177712392865353,4.792113184090162,4.556884833890461
8.918119054905135,5.850721152988049,5.178112516271959,4.792012938665687,4.556702930919985
8.917668094769125,5.850560299594335,5.1779110543919575,4.7920420043733065,4.556962886377053
8.91723481629472,5.850260656955482,5.17773033128391,4.792096807641913,4.557086399904382
8.916197390429586,5.8502429654901995,5.177524583768743,4.792001134206351,4.5573543624487485
8.915621022880988,5.85017185897163,5.177769703404818,4.791782235982728,4.557271424560337
8.915073143471288,5.85040260045583,5.177594679839738,4.791737903565851,4.557000271527822
8.914303500864824,5.8504075470570385,5.177301279718331,4.791690909091079,4.55712586495757
8.913959824897038,5.850043006011688,5.17737519912033,4.791545940238526,4.5569479861272555
8.91363467538844,5.850305080050154,5.177489851145136,4.791551042723175,4.5568308061474045
8.912730991204143,5.850332426857607,5.177745159241658,4.791864651956002,4.556915526420614
8.912031913385158,5.850113472487869,5.177658970399601,4.79162305622566,4.556853275110082
8.911409640522928,5.849772405711589,5.177560841517636,4.791906826382038,4.556920333011817
8.910474640940981,5.850059989238207,5.177862453213702,4.791766749439553,4.556862481333438
8.90992582988129,5.849930320031535,5.178000622321439,4.79192104609754,4.556604088787041
8.90918775394686,5.849821653276065,5.17810382092333,4.792205172973196,4.556293271926666
8.908346611615185,5.84951576315649,5.178234521511665,4.792138416255446,4.556598133075545
8.907772877124918,5.849465467185417,5.1780021874845135,4.792157836172251,4.556282347175891
8.907280354866838,5.84927387581359,5.177882252908747,4.7918579467422955,4.556418412211168
8.906361245760953,5.849502729165873,5.177548870625577,4.792011155554268,4.556625297324791
8.905730095559175,5.849566169044608,5.177438686596438,4.7917005119805065,4.556553597796757
8.905205294426452,5.849707941806063,5.177274071264412,4.791515730579573,4.556695635050626
8.90481409929473,5.849477478524031,5.176977642326506,4.791672618002995,4.556677192368069
8.904190914019635,5.849391431087132,5.177095505403285,4.791770619508852,4.557097353014013
8.903742351757876,5.8486915450670995,5.176914828257325,4.792100870098852,4.556899527304447
8.902999092755206,5.848764266906975,5.17657695347856,4.79204890933555,4.556725524668992
8.901999964735758,5.8492045481396735,5.1762011211812045,4.7919727631512465,4.557068748864853
8.901518899549558,5.849318850459983,5.176284996846926,4.791727873234494,4.556870024832128
8.901472497499817,5.849045117479185,5.176470734908937,4.791525899261137,4.557005482150961
8.900869400592338,5.849004111411428,5.176059606221316,4.791566280902264,4.557183454295518
8.899827691488968,5.849147395604883,5.175844855509443,4.791038742712969,4.557101080655401
8.89912983417511,5.849299924518123,5.175761063460148,4.790890569108905,4.557008925278981
8.898423531314743,5.8494651746619875,5.175879025740971,4.790884164130099,4.557022185514855
8.897820291051282,5.849124178100831,5.17601522541566,4.790895914323831,4.556983877787945
8.897163769349234,5.849311457379024,5.175807030533719,4.7909417273671275,4.557227411812954
8.896456316510355,5.849551932358569,5.175677810829431,4.790743835035883,4.557175547173179
8.896065922043146,5.849489471663506,5.175374935975414,4.7913317500012,4.557351644389027
8.89543770157202,5.849110530710768,5.175454300385998,4.7915638543156085,4.557602063497485
8.895023121731427,5.849641670948579,5.175216389740562,4.791547782910638,4.557308080443667
8.89414519655373,5.849762655731556,5.175165511532591,4.791494462481433,4.557556453970641
8.89395589488408,5.849680759857053,5.175209560146429,4.7916039508359605,4.557690422640858
8.893237735425597,5.849573611132688,5.174781504714597,4.79157500526336,4.557708961005657
8.892583632173944,5.849669055469229,5.174826962175199,4.7914136454836544,4.557842668900854
8.891966817171678,5.849342485484869,5.174753250275257,4.791423412480792,4.557919998603743
8.891243700602606,5.849019195606728,5.174812757173695,4.791665726761569,4.557544606278175
8.890342892978877,5.848844393880956,5.174803685336208,4.791620502143864,4.5574700389918466
8.889755450834157,5.848757715714283,5.174846579550258,4.791891026820532,4.557666836892498
8.88960120143016,5.848745597214118,5.174838009875703,4.791977725932049,4.557792120230069
8.889435356267791,5.848455786237811,5.17453653639183,4.7919394040560555,4.557721681468344
8.889027432406646,5.848309539541414,5.174572757240374,4.791741445454004,4.5574660414741155
8.887863773364337,5.848033139489436,5.1743778587644735,4.79194686412093,4.557404123037901
8.887190925213227,5.84814819176513,5.174465549279408,4.791823519999722,4.557503434548895
8.886459059544407,5.84781762219021,5.174241820073781,4.79194859071368,4.557071980278523
8.885853764524235,5.847564113276468,5.174404206870192,4.79165909492704,4.557422819660056
8.884891104633608,5.847608509818509,5.174084815927345,4.791658540967355,4.557522553619835
8.884100181244484,5.847560651967958,5.17451098808743,4.791708415022252,4.557410350632008
8.883731612442132,5.847492836041558,5.174431985553942,4.79158654277486,4.55758240936394
8.883218494296003,5.847222563522234,5.174202666537846,4.7914769833014805,4.557489880150653
8.882291092111572,5.846871007194668,5.174318253689425,4.791481703582525,4.557589843389971
8.881881928931062,5.847009596987986,5.174416419691765,4.791352238219518,4.557670474052429
8.881268087469017,5.847070564554776,5.174511879691493,4.791595234101726,4.557757163054952
8.880367633888314,5.8468636175533675,5.174693230465726,4.791579440835718,4.557791753574176
8.879775613179547,5.84678999771409,5.17444442092245,4.791553769302024,4.557506143706799
8.87933617651391,5.846566898410632,5.174515796451867,4.791712343048792,4.557469204264958
8.878538492668008,5.8462877125486825,5.174816173796105,4.791707902136344,4.55729470487618
8.877542706256722,5.846129140885346,5.174743853576468,4.791605187663792,4.557176220753126
8.877149402755668,5.846017483721251,5.174716660786962,4.791706744484279,4.556815280942903
8.876625916368956,5.84642458369406,5.174737359122407,4.792027141836336,4.556928576611215
8.875999827066295,5.846620828547376,5.1748492269770345,4.792075544979746,4.557143514728632
8.87513165962489,5.846420883132427,5.174485770937495,4.792190224628666,4.557192093601764
8.87460134142921,5.846561857953547,5.174488243781082,4.792357187708112,4.557490846074674
8.87405068131978,5.846419270381242,5.174339301500492,4.792300377777237,4.557375037027691
8.873205364910081,5.846022408438885,5.174427118746687,4.792464799204475,4.5575287454109
8.872326610189651,5.845636425083943,5.174071387428499,4.792199486390621,4.557488546337217
8.871513970055839,5.8454881966060555,5.173933227726203,4.792115787457036,4.557611495978526
8.871148984540593,5.845443600886746,5.173580662984597,4.791812760122655,4.557756269519979
8.870564763535299,5.845712073216346,5.173976840388437,4.791457298161916,4.5577570407736285
8.870255233139886,5.846036958537697,5.173880036904722,4.791057528739765,4.557679933341619
8.86938041439689,5.845820660088217,5.173853392596739,4.790850042762562,4.557717346667816
8.868560097550834,5.84592852178013,5.173744501819748,4.790932183838232,4.557667313795648
8.868219481827287,5.845604851054376,5.173734175194268,4.791268133198763,4.557522148828287
8.867420070135772,5.845169957360225,5.174001973920793,4.79097658306805,4.557459342017102
8.866846285802646,5.845413498507084,5.173638840498621,4.79097484617367,4.557692604326768
8.865775714626176,5.845250923124304,5.1737928799484685,4.790951426743323,4.557787469434852
8.865643791963263,5.845107283124347,5.173800179825375,4.791009466007436,4.558078278223863
8.865080399817488,5.84487765241963,5.1736838118832384,4.791324385234694,4.5578602472798915
8.864534066224419,5.845062303258836,5.173626149926562,4.791094145725097,4.557538120579613
8.863939490449017,5.844970958380648,5.173339638366176,4.790983982464128,4.557494113570317
8.863238178550896,5.8449169170441,5.173503244281845,4.791229483766644,4.557590080294752
8.862483053139238,5.844466458693226,5.173635934420183,4.790916484903196,4.557634427548875
8.862062303180245,5.844187620460508,5.173527487547279,4.790809546740646,4.557692717214041
8.861749230538095,5.844174145445937,5.1737624657296,4.790612351042884,4.5579249973098435
8.861224588770414,5.844148607844223,5.173715444804302,4.790909524688902,4.558117984625882
8.861133101438924,5.844162522647297,5.173352483976887,4.7909156657768674,4.558019755852499
8.860759812949706,5.844296250852346,5.173224350685099,4.791206973668829,4.558573516890508
8.859815715751239,5.844248703699758,5.173089567957254,4.791080099365516,4.559009507422498
8.859216945415797,5.843850395335839,5.173202334470593,4.791449332981195,4.55919525995297
8.858617802142247,5.843636554759383,5.173246001248125,4.791311889621238,4.559227033165758
8.857711970292746,5.843589648529157,5.173404968277014,4.791334881710305,4.559336036257833
8.857532606980014,5.84307478010796,5.173397559380588,4.791171379298892,4.559756333995035
8.856771822957972,5.843019716107693,5.173820538703396,4.791021156537494,4.559648318685598
8.856114504386834,5.843801794349263,5.173777491473302,4.791116779848093,4.55965690478373
8.855543354009528,5.843632163862841,5.173862166094943,4.791361872289132,4.559873385374216
8.854854730948858,5.843579526685735,5.173744616347276,4.7914390650225425,4.55990879469212
8.854260946217822,5.843628606773645,5.173492938942772,4.791410812029596,4.559972903652853
8.853607985417943,5.843794682991173,5.173933854594906,4.791045688565271,4.5597846627447405
8.852586510269731,5.8435788847605385,5.174200247093483,4.7910468496393275,4.5596607121361625
8.852277655595852,5.8434276140837875,5.174236878328979,4.790902370595819,4.559577748603165
8.851757232698775,5.843350593670254,5.174000064190725,4.790872439358197,4.559562812798963
8.850714561994291,5.84341332000554,5.173735038778216,4.790887805750696,4.559710763558049
8.849929075475345,5.8429641422346235,5.173769396061938,4.790953621281502,4.559842944744953
8.849353000539294,5.842955437284955,5.173883316573306,4.790854732030947,4.560009618129956
8.84890233930911,5.842814301146942,5.173693479852752,4.791073694556325,4.560254372354444
8.848260124077958,5.842630393331675,5.173679763011718,4.791149102393725,4.560431218795844
8.847836084278455,5.84244895516998,5.173557871867311,4.791274561601527,4.56024663229155
8.847484296236196,5.842375927289891,5.173475225696045,4.791370818166868,4.560101447023681
8.847174941701057,5.842094504005623,5.1737636642935,4.791211110133364,4.559890329397588
8.846743039667993,5.84199890474983,5.17346822553602,4.79117838342163,4.559904451280111
8.846074547639525,5.841921810770161,5.1730940256070905,4.791294166251274,4.5597899333896414
8.845507348160817,5.841909416239828,5.172753199846995,4.791196775619367,4.559973494361959
8.845015235410113,5.841716748136586,5.172649781096823,4.791228288674151,4.560157558213788
8.8450801095428,5.841620358534619,5.173110620040106,4.791502459773623,4.559647060073583
8.844216938463154,5.840938745927263,5.173208038914488,4.791803052523115,4.559437323938391
8.843444104323972,5.840528015469043,5.173577437634176,4.791841459935004,4.559530156049526
8.842499324153245,5.840183139514895,5.173198874496339,4.791899388988146,4.559273676713448
8.841799248789224,5.840291391559819,5.173240510449384,4.791765429162951,4.559237207675163
8.841303703324959,5.840243164885553,5.173072219281203,4.791702893766985,4.559080698704333
8.840981159530344,5.840261860857021,5.173233658882698,4.791534673830646,4.5590537695918405
8.840170588674425,5.840413402872364,5.173533726973782,4.791504472292344,4.558917327807306
8.83991817532742,5.840139958562396,5.173504346395114,4.791562048598834,4.559043760437205
8.83974183703493,5.8400011624473445,5.173188642601154,4.791656510203542,4.5588815244515875
8.839308348543504,5.839947547842475,5.173599579474505,4.791453285006916,4.559101076897453
8.838605792127753,5.839989823195837,5.173617680960983,4.791386456042309,4.55867279273417
8.837918314353498,5.840030852869495,5.173642553629979,4.791414603074111,4.558688477233604
8.837602881869604,5.840158006915828,5.173739218340528,4.7916984097802775,4.558516170429966
8.836946489247817,5.8401294532729935,5.174040406487103,4.791435195822554,4.5587529743880415
8.83580382412926,5.839497193085815,5.173758156954279,4.791199461619059,4.558561641214178
8.835333619758932,5.839589426185689,5.173483290535103,4.791212875704449,4.558589867053141
8.834305601033222,5.8393739554621025,5.173199025213736,4.79058407183648,4.55850428830923
8.833501956552407,5.839296751249004,5.17295597752495,4.790687407965951,4.558424899765583
8.833331968050683,5.839533529522203,5.173264416616031,4.790784316455979,4.558613198144095
8.833030429543637,5.839539448117231,5.173277157702404,4.790704614186217,4.558801962063809
8.83231840550253,5.839684880118816,5.172852741452265,4.790819169209172,4.558725253957627
8.831178099301328,5.83936140846116,5.172598117471161,4.790833110406838,4.558803701247029
8.830941491835354,5.838895005911563,5.172759788671337,4.790721597819603,4.558768503274032
8.830679363860815,5.838798658081014,5.1728084772458605,4.790743735916236,4.55862715897954
8.829955056890038,5.838481478251266,5.172904735567978,4.790848842023232,4.558746938649592
8.829254865227595,5.838158846110873,5.172939432937591,4.790726565923847,4.5586280769012015
8.829034288270732,5.837821232634118,5.172869847607187,4.790850569289924,4.558699323937737
8.828594115270098,5.837600772669609,5.173085549269732,4.790711245528434,4.558582829968702
8.827845620844021,5.837131932940041,5.1733299579910454,4.790606625772561,4.558604531136128
8.827082300325584,5.837085468518106,5.173719388629958,4.790678738153469,4.558536476907674
8.826345672456887,5.836582811141495,5.173680214392655,4.79086070923525,4.558731773728273
8.82598564389294,5.836491790241418,5.173883567770485,4.790641115535288,4.558752138178506
8.825561720831088,5.836429514524152,5.1735158036962225,4.790704986138752,4.5585846948303255
8.825283120029441,5.836380274426714,5.173710008856849,4.7903653289948664,4.558447562088476
8.824370505061463,5.836051600866944,5.173957004755953,4.790194228234952,4.558556512985787
8.824011023254752,5.835938824524464,5.173791381189576,4.790271408294838,4.558611517264282
8.823034217902373,5.836307178129425,5.173600313090916,4.79010704734564,4.558588269364218
8.822288817396798,5.836225813648108,5.173664534731812,4.790070977344535,4.558594278721714
8.821944266792357,5.836011024771574,5.17358091650012,4.790333022665234,4.558396796646185
8.821227403840934,5.836015921014391,5.173467242474459,4.790542630481998,4.558270816830783
8.820267228265783,5.836270037492348,5.17351465654665,4.7903869439060855,4.558455657764414
8.81984931425059,5.836050182858825,5.173541171359015,4.790432332417904,4.558060051677944
8.819191843644544,5.8360816783749465,5.1738714109938035,4.790142002516851,4.557980521163474
8.818662965582357,5.835761664492763,5.17398383670167,4.7900936028675485,4.558313553320786
8.817967291863898,5.836256972081102,5.173807209617359,4.7900967986649645,4.558292282443206
8.817228348069197,5.836177735237082,5.1734127561205066,4.7900233787763105,4.558219174567146
8.816454357139447,5.835926578875229,5.173453499419695,4.789738461206151,4.558244433831711
8.816055216159565,5.835984815547048,5.173560722405443,4.790264061746936,4.558106391217696
8.815048383883038,5.835897081499358,5.173676990083083,4.790360600284866,4.557967855126818
8.81420538869015,5.83574026358682,5.173719447851181,4.790379541627196,4.557616429204165
8.813437603615426,5.835543794016684,5.17376507024923,4.790339958040702,4.557792973220435
8.813089476429674,5.83557905456758,5.173782199984855,4.790473126520049,4.558018554787799
8.81224168749213,5.835472019474208,5.174018823023698,4.790148053514102,4.557983126087726
8.81155785575561,5.835523629506983,5.173928313831281,4.790010896570868,4.558226550428433
8.811336035513913,5.835585675495629,5.173945816438672,4.789777679609457,4.557945303300988
8.810737013609272,5.835517681482153,5.173828622039777,4.7895751644274,4.557782823376647
8.81000476731471,5.835246882301709,5.173868192601349,4.789421580928562,4.558046771991
8.809569084589,5.835056326159745,5.17376901655352,4.789047395754303,4.557932308129534
8.808866882573076,5.834435001875429,5.173890699335166,4.789092051253591,4.557894230441931
8.808249623118968,5.834106226105621,5.173705517312754,4.789318568395531,4.558162137736445
8.807588620933371,5.83426322055464,5.173564053797715,4.789276302603493,4.5582109176052095
8.807101676113222,5.8336372285701446,5.1733905854672715,4.789066754998089,4.558252055426738
8.806841468313898,5.833684407142221,5.173387967017709,4.789703484379724,4.558468759146215
8.806006623888264,5.833776302812551,5.173038646880781,4.789793397003885,4.558414894511539
8.805041065988942,5.833831003053834,5.173174992035508,4.78967861659965,4.558277254891292
8.803963735147759,5.834011168943511,5.173482153771652,4.789721261227021,4.558112016982502
8.803228433883222,5.8339365334879085,5.173350578655147,4.789751596660465,4.558051315525001
8.8021875751577,5.833991775352739,5.173327630279104,4.789615651442868,4.55799796044861
8.80218446251284,5.834134725519397,5.173149926292307,4.789654629118148,4.557875458165103
8.80160975594052,5.833787621790274,5.1733724808417305,4.789881643187793,4.558114115075569
8.801088108695405,5.833476096761946,5.1732948800450425,4.789855231580208,4.558547486462575
8.800527007231334,5.833627868153194,5.1729923777329585,4.789833910612616,4.558989623183807
8.79967432011079,5.833633889774694,5.1730733591801785,4.7899810027222465,4.559002222644432
8.799208069921367,5.833152476138936,5.172805307850276,4.789845958248848,4.55887382245229
8.798848869962265,5.832677462744335,5.172666038372816,4.789901095344907,4.558737788950382
8.798525586406138,5.832317275527716,5.172449932370789,4.789849914640481,4.558577477553643
8.797891295399761,5.832143081173211,5.172591625801727,4.78957210489333,4.558349783357984
8.796932023426791,5.831898771905294,5.17268713830939,4.7897087678639805,4.558404383499867
8.796132239184761,5.831962628335697,5.172754874865856,4.789799169354564,4.558394356741621
8.796145877508334,5.831747712319454,5.172986132610772,4.789739243029174,4.558831219302131
8.795383986668435,5.8316439296422375,5.173245308344936,4.789676818267924,4.558932118922756
8.794896053141713,5.831851354392443,5.173482168311348,4.789755328253667,4.55895902703984
8.794082876107138,5.831947951230336,5.173596687561286,4.790140878354443,4.5589368501932865
8.793597368515972,5.831726568213261,5.17342166476505,4.790042614827022,4.5589886201683925
8.792699902623678,5.831236337346139,5.173539881603324,4.790164027248355,4.559084648159768
8.79210444273142,5.830939613497024,5.173445264887069,4.7899955805343915,4.559129721961993
8.79165182889862,5.830489026427029,5.173516767821094,4.790125009963524,4.559149233198454
8.791233792669681,5.830151506098198,5.17332879677115,4.790231978433992,4.559001799079452
8.790600952659403,5.830102896546454,5.173192888472607,4.790166558873965,4.559078477243816
8.789889272602124,5.8299761341906144,5.17318992799726,4.790190733780806,4.559285328168978
8.789254679483985,5.829784523581198,5.173195419281387,4.790450023324008,4.559057202088494
8.788745185686624,5.82988022511749,5.173317674588089,4.79064225609586,4.559067849042017
8.788073940999954,5.829923942449823,5.17292422916983,4.790702131127887,4.558974622756011
8.78747386636745,5.8297951010694185,5.172949655732112,4.790797387896668,4.5592162459233325
8.786688876186245,5.829930038534243,5.172546759294813,4.790870877283718,4.558939623730083
8.786702345242393,5.829655114358277,5.172283622908031,4.79086060251782,4.559071926569979
8.786317846376438,5.829224537804847,5.172180684343736,4.791353848932943,4.559072232636129
8.785873813776796,5.828928811834492,5.172521610188921,4.791412332804378,4.558717043506443
8.785679514205158,5.8285529605978095,5.1723241877098,4.791168022852772,4.55837374452398
8.785050993867454,5.828333678696422,5.17220489889981,4.791104324294366,4.558424929424821
8.784780685077319,5.82811490282634,5.172092428046221,4.790745211071013,4.558542382713718
8.783937942804203,5.828155678435563,5.1719704445831285,4.790821178262586,4.558558471560615
8.783658414251512,5.828175198680311,5.171653478902559,4.790800723379743,4.558563351050988
8.783177075143126,5.828473529613693,5.17204328980798,4.79081546612037,4.558448981338047
8.782149698805911,5.8285371867713325,5.172422725311847,4.790732923324868,4.558094909092217
8.781992095286022,5.828503039254204,5.17256621542457,4.790696381158632,4.55786044285281
8.781343438129682,5.828403046105908,5.172356019607776,4.79086290007153,4.557705648156074
8.780489894851677,5.828241964965088,5.172419850522276,4.790986973602749,4.557851703934427
8.780155109929916,5.827954860577143,5.172320826934658,4.791032961485351,4.557954960804253
8.779608459336417,5.8280308109010965,5.172428922108241,4.791231080872672,4.558086983885084
8.779083803155633,5.82797746105352,5.172290227509198,4.791202489323903,4.558046629074062
8.778506501207074,5.827751013702968,5.17256159104326,4.791038641447615,4.557935336669604
8.777605916104111,5.8277742457736945,5.1725721984055255,4.790684885887496,4.558004037400773
8.777115664525663,5.827545397493937,5.172328962855143,4.790594797904633,4.557958322913135
8.776590884122971,5.827541525183663,5.172437589484852,4.790671361700104,4.558235512446405
8.776133855002579,5.827409794040904,5.172069357520026,4.790763717138352,4.557909683778636
8.775630572122965,5.827222101430727,5.1718308559196915,4.790790339837837,4.558205409236263
8.774909345290816,5.827233371604128,5.171623761053096,4.790727926021019,4.558161680687521
8.774769248837384,5.827259253286915,5.171766815582345,4.790683386569758,4.5584120809539295
8.773837933716951,5.82756109373522,5.1719571110869405,4.790644082520423,4.558547142971615
8.772956467326704,5.827307767523078,5.171747209135537,4.7907294723866025,4.558789948526186
8.77239927737751,5.827219209529816,5.171841261870226,4.79050766871839,4.558601222915367
8.771651668152238,5.827081165454885,5.17184921713117,4.790485976260169,4.5583953319911155
8.770967071139141,5.826877463589898,5.171816106404373,4.7903747266168,4.55851538030682
8.770397586876772,5.826570695358862,5.1719089495847435,4.790275853524676,4.558145396706051
8.769116587063829,5.826327799937017,5.171909498002071,4.79031536515391,4.558328242499945
8.768730036128405,5.826170231898061,5.171990618842686,4.790385308847327,4.55867272417146
8.768488091999593,5.826576405726352,5.1721270491007445,4.790369105989653,4.55884416344628
8.76820120644793,5.8264600720450295,5.172081746645833,4.790211765425353,4.559004510658375
8.76765137328343,5.826283536309545,5.171873827685009,4.790052549202334,4.558952711048451
8.766698082818527,5.825956497636582,5.171655296432942,4.789913568263771,4.558755724107091
8.76591520347357,5.825972708296464,5.171511307959527,4.789960490851698,4.5589642169325275
8.765700501337195,5.825757268542361,5.171737121919864,4.78971271010038,4.559020413345415
8.764961471622566,5.8261620129683775,5.171447935900001,4.78963099672088,4.558843323307601
8.764277203742495,5.825979157170505,5.1712682416929425,4.789467069679963,4.558708563121498
8.76338800069492,5.825904970877697,5.171537139371114,4.789452454277012,4.558593383040945
8.76309046327544,5.825452930703527,5.171313326116118,4.7894124006596375,4.558567531189298
8.762888285308199,5.825219968954722,5.171376618803764,4.789486930956916,4.558584314692858
8.76235859642018,5.825097054319093,5.171410129306066,4.78953597247685,4.558442512697591
8.761735358521891,5.825077914651325,5.171483968810387,4.789825265941134,4.558351667677039
8.761246737121219,5.825042310837341,5.171531349766595,4.789793421748811,4.558493869225657
8.760808822927766,5.824978924553634,5.171769027531755,4.790075257639923,4.558606278113303
8.76013291418603,5.824989496598728,5.171750342241941,4.790271402653776,4.558730979698628
8.75976594194694,5.824915487346638,5.171572779556689,4.790037839575953,4.558751762351817
8.75947402781442,5.82482130247599,5.1716808664410925,4.79018146273439,4.559154066776454
8.758799226170751,5.824398164026338,5.171648977299082,4.790082085658522,4.559354896661383
8.758112065765795,5.824283566015199,5.171595205922298,4.789664839093955,4.559111205473909
8.757325661526082,5.824114084108999,5.171532585905258,4.789520790847835,4.559257110476561
8.756882676029987,5.824236390684311,5.171367880111698,4.789363912486464,4.5596082498879715
8.756312875289701,5.824582206462063,5.171370921700688,4.789474173656291,4.559462179369846
8.755540819095373,5.824610423045251,5.171281914090208,4.789346418553104,4.559459529869707
8.754817780096742,5.8242950245594995,5.1713768680643595,4.789428184087636,4.559541153746228
8.754035645947091,5.82449888772558,5.171130204315142,4.789702778376666,4.559391916656171
8.753478702250238,5.824513059571958,5.171186548188901,4.790010835126076,4.559406946327024
8.752888817914954,5.824351037540624,5.171426509970166,4.7901150838612505,4.559427614238938
8.752682830678227,5.823965526070893,5.171360446313512,4.789993475132989,4.55969980317055
8.752093488275417,5.823919228778815,5.171361599500864,4.789945679918154,4.559636686229356
8.75154962709012,5.823679073553075,5.171258035614633,4.789618617249181,4.559972696602681
8.751233956080888,5.824044197906941,5.171052519050441,4.789627572857988,4.559994398287969
8.750550892386638,5.824318576732152,5.170904022270525,4.7897859445759945,4.559563179486235
8.749960113128989,5.824260118409836,5.170850795546038,4.789687538576676,4.559540403423025
8.74974774226949,5.824048257625855,5.170683650820105,4.789856470382966,4.559757172054535
8.749234910283732,5.82391887767329,5.170508455297425,4.789637620771834,4.559428372451563
8.748329253966848,5.823672654592528,5.170428346232477,4.789587868957219,4.559417597014513
8.747908038663796,5.823766757063725,5.170232330730025,4.789550435190965,4.559455185902269
8.747279087121361,5.823745976551043,5.17014369170765,4.789969497241909,4.558876477693143
8.746399174857281,5.824016652282852,5.170031534006732,4.790039168672345,4.558901523116066
8.746061698984336,5.823706410586532,5.170090524181346,4.790067094038416,4.558648835145201
8.745748728371364,5.823515823162751,5.170165042255527,4.790343369952612,4.558295086013631
8.745203174499983,5.823556675803795,5.1702514600218015,4.790346674972706,4.558097574884972
8.744747933829911,5.823462708683973,5.170078796873063,4.790268765979522,4.55799000941445
8.744233926985117,5.823240115493954,5.169954855879795,4.790504116880833,4.5578949407939495
8.743819022894641,5.823185929414298,5.1696957878072105,4.790686224204852,4.557882237963017
8.743427588080717,5.822829427810095,5.169681014035286,4.790831371723736,4.558021015925573
8.742561124852463,5.822712969010876,5.169281016024767,4.790660840899881,4.557923880666704
8.741855160279416,5.822662168851544,5.1697823573415755,4.790607885905216,4.557937793964358
8.741180755325416,5.822945144552793,5.169904770087822,4.79066894353188,4.558272906836255
8.740569057619625,5.822697599907093,5.169846672247344,4.7907031198520835,4.558089270319105
8.739996581559891,5.822800763483707,5.1696712219204075,4.790451093426803,4.55799511334715
8.739839197874737,5.822578057922235,5.169566288715651,4.790601324100121,4.558246998559861
8.739123474212963,5.822609985418862,5.169381500859449,4.790419258413045,4.5578950039648065
8.738086831529623,5.822323930356965,5.169556263446274,4.790057014644747,4.557880657784482
8.737448324651368,5.822149600897254,5.169497995592785,4.789958688414067,4.55770433866574
8.737126610168346,5.821794201024231,5.169779725093447,4.790083516157734,4.557534932089572
8.736767826613846,5.822003235583539,5.1693141192322845,4.790271815453376,4.557406085421156
8.736083820895594,5.822102930588477,5.169167868042952,4.790219979131515,4.55743537059833
8.735411882867085,5.82184845860657,5.168869531984465,4.790100195236569,4.55736818258943
8.735231895030978,5.821803846727076,5.168914261112138,4.79020331664216,4.5574887901661185
8.734461059181275,5.821993318474069,5.168938036636455,4.790200827673981,4.557446387933932
8.73348376804224,5.821761471599174,5.168942240829574,4.789958330372858,4.557446195093613
8.732600031668698,5.821929080497616,5.168752466490468,4.789818599283346,4.557461195636548
8.731824244153627,5.822209178769076,5.168759430473174,4.789442266185213,4.55752628419334
8.730982394249054,5.821738414514208,5.16862568035493,4.789372833687401,4.557498185354473
8.730709715081113,5.821408416410642,5.168509104355637,4.789388481793659,4.557249724133206
8.730148911974918,5.821057780384186,5.168522391924466,4.789371391386833,4.557183624876759
8.72962662698966,5.821472702781647,5.168299286244505,4.789422203692656,4.557181925661924
8.729113110201187,5.8216851259427775,5.168433536817212,4.789412784151025,4.557333754735436
8.728443719737372,5.821879675024197,5.16855334152479,4.78920370001458,4.557161409652885
8.72817911281995,5.821858523117197,5.168617405642969,4.788820403437324,4.557440322964728
8.727959381969526,5.8218361825332,5.168501919889849,4.7888467076761145,4.557291969748261
8.727286690823782,5.821523618180252,5.168261081652534,4.788660904850611,4.557095496842404
8.726400616439784,5.821542473970384,5.168376853909418,4.788488537006761,4.556950618535745
8.72554004991947,5.821567404280126,5.1685923853857485,4.788444582612409,4.556993336124139
8.724802323029847,5.8213202040528484,5.168734554522689,4.788215496968613,4.55693630622902
8.724329765250852,5.821019089105895,5.168744370204517,4.788027750368078,4.556811655413292
8.723574185397919,5.820840438427994,5.168729706189789,4.787999981502537,4.556395647987243
8.723319019182942,5.820735873465476,5.168496693111904,4.78775751189719,4.556427807353224
8.722811604818416,5.820627487918415,5.16841892290937,4.78791821142115,4.556378683094981
8.72214340507802,5.82048035025696,5.168623399257528,4.7878701543105775,4.556121664929635
8.721642337375217,5.8203196170594955,5.16857086704837,4.78764496061537,4.556325458155738
8.7210417741936,5.820452327828909,5.168506984676265,4.787861599189909,4.556440837116448
8.7206218843656,5.820203637626686,5.168644114708251,4.787837203114249,4.556173178899427
8.720443038321058,5.820348740947468,5.168717738690722,4.7878489422857715,4.5563281920430665
8.719746778860738,5.820474082304291,5.168852689065097,4.787815975031498,4.556122269402863
8.719245668588497,5.82044039394257,5.168838004497152,4.787725234593829,4.556157325607067
8.718698344095772,5.820474443075992,5.169483561748541,4.788018791793256,4.555990210256508
8.71819404052637,5.820496654854212,5.16981887229103,4.788119652015468,4.5559279725001005
8.717833862997212,5.82044559796475,5.170080455800647,4.788277028405217,4.556063268639296
8.717190643795709,5.820686618586134,5.1701549293922895,4.788349503326628,4.555886764875176
8.716458434477406,5.820658620242597,5.170063202863255,4.788708726851233,4.555902097363881
8.715699638233591,5.820207580243145,5.169588968780885,4.788485583424469,4.555929601374045
8.71489984080905,5.8201680286382125,5.16937702564174,4.788340650919664,4.555738776361164
8.714041587028218,5.820530130036347,5.169581906537484,4.788304611087802,4.555605948944683
8.713227341039179,5.8203765669117065,5.1694620982282515,4.7881888044955785,4.5555750619131485
8.712481200348787,5.820152371223207,5.1692297616934875,4.788480781750396,4.555357483775454
8.712108973908213,5.820217590416427,5.168995524995623,4.788261617772875,4.5553749286759215
8.711301953086611,5.820077509849744,5.168936505118621,4.788038784474802,4.555302474918634
8.710946806759516,5.819930069613944,5.169092901046926,4.788212721027545,4.555184896773828
8.710771859630954,5.820036241974611,5.168894217863502,4.787907838096735,4.554914098380184
8.710138524961735,5.820316780601417,5.169008203698786,4.787886885648274,4.554873763856309
8.709730660971342,5.820630994431718,5.168899772181033,4.787898853384174,4.554640833628964
8.709587950919754,5.820846076435571,5.168843284553747,4.788020614232233,4.554729549941405
8.708893617871649,5.820704654801,5.16900345774405,4.788243466966099,4.554728398427034
8.708621698367939,5.820419065868092,5.168807943201486,4.787864878543428,4.554748944823053
8.70796782171315,5.8203878870996935,5.168391082369048,4.787713848311325,4.554723953312841
8.707246757908152,5.820703451106119,5.168224925437292,4.7872962157369905,4.554547103807141
8.70654168298562,5.8207574122071035,5.168424117653896,4.787317188574257,4.5545610733389825
8.705660096997068,5.820454123527502,5.168191270370862,4.7870922289714795,4.554438569448486
8.705115407385028,5.82006905892888,5.1681253340461755,4.786929713033979,4.554300889656149
8.704347856511097,5.820038671992699,5.168329480725543,4.787385379118696,4.553973037152251
8.703512513384744,5.819911089392609,5.168350114273454,4.787280676024113,4.55417278442656
8.702773810483286,5.819897806591925,5.168291333357143,4.787321943543556,4.554162342117746
8.702009217456258,5.819768186643239,5.168222347567175,4.787557542734228,4.554175352348036
8.701449757824248,5.8197322553110835,5.16825359406941,4.787175648607391,4.554254754401854
8.7011907454206,5.819514528560507,5.168286456300927,4.787381680434803,4.554186614376315
8.70068518386291,5.81930323074622,5.168660632847953,4.787448891908816,4.554051803808139
8.700258550258466,5.819101232010026,5.168614501313321,4.787459173469974,4.554221009041275
8.699373496764961,5.81864650004378,5.168616041106926,4.7871721674938525,4.554255053523873
8.698516574722294,5.818590180563972,5.168771343854929,4.787222753418904,4.554552341234753
8.698121848604181,5.818510664557363,5.168618640663859,4.787159640775932,4.5546170665667605
8.697531245298944,5.8181963138480794,5.168573267804957,4.787137456858299,4.554838219569038
8.697069110351888,5.818565958479746,5.168446372329108,4.787005075120062,4.555003177851258
8.696525624908983,5.818287902829937,5.168175701907857,4.786894233679006,4.555046350524676
8.695746987371098,5.818129209472372,5.168231200700795,4.786462452160409,4.554581134693552
8.695396839084285,5.818011081365891,5.168325470896906,4.786542633760449,4.554691929810659
8.694335122063993,5.817806631016064,5.168412571220168,4.786607591842991,4.554506644402241
8.693957081813828,5.81788914295821,5.168257213469103,4.786749844293514,4.554382127181844
8.69346130194894,5.817732025264648,5.168131235006609,4.7871936782540985,4.55435667827464
8.692719978317884,5.817500106600351,5.168016160733408,4.786991174987454,4.554364149653445
8.692260525977774,5.817464094031347,5.168009551714545,4.787365633755514,4.55430626202936
8.691375165075774,5.817590294652232,5.167925233874899,4.787348071962668,4.554322359236062
8.690679234455606,5.817538904987055,5.167959940133194,4.787152012036899,4.5542906277281565
8.690111711127706,5.817056767097931,5.168092510976304,4.787303476766988,4.55458896910038
8.689744391464835,5.816787439026856,5.1683486899066375,4.7871670443044705,4.554667675762667
8.688960098078736,5.816406551235841,5.1682304114877935,4.786919092708019,4.554679471132041
8.688192927211327,5.816105361840396,5.1683155758636525,4.7869526197404255,4.554838894623896
8.687610695066757,5.81644336102209,5.168014154363793,4.787242820949413,4.554680847489251
8.686665296815274,5.816465544791871,5.1680952047897595,4.787312193605143,4.554486352671295
8.686112058654643,5.816256041734001,5.167882052820606,4.787199755906081,4.554882414193061
8.68569922733828,5.816070790238719,5.1679210980733234,4.787265599229948,4.554894220112452
8.684971487154176,5.816306955727747,5.168083378735282,4.787245663030979,4.5548216440221125
8.684476931716235,5.816350223196458,5.167943359788554,4.787400157382617,4.554868524417013
8.683341679793058,5.816305998860244,5.167664577750733,4.787161469361902,4.554664369687792
8.682995323661112,5.8159346424336,5.16760586924428,4.787167164956639,4.5546369531789725
8.682283247834501,5.815689441842239,5.167851830309442,4.786695754414203,4.55458418467523
8.682342431354055,5.815482388021382,5.167846365438026,4.78680167800406,4.554404036438147
8.681725514107384,5.815291430991126,5.168144345316017,4.786822339901327,4.554192365207365
8.681652643298374,5.815732123157581,5.168267973506723,4.786887867435114,4.553870280085369
8.68128900847665,5.815670787622052,5.167906240794404,4.78680535102287,4.553811819100451
8.680443458141358,5.815751958607978,5.168105611489319,4.787035684364693,4.553883051872253
8.68047019617657,5.815783089689973,5.167876071742886,4.787146610448614,4.553905918370213
8.68002961001365,5.815650138719929,5.167769883712652,4.787100747065347,4.553688951761894
8.679489634389485,5.81559611444346,5.16757339227761,4.787137433679624,4.553337240686476
8.67884933539688,5.815409364425169,5.167675614551675,4.787545504554433,4.553662726784375
8.678116237354928,5.815479113520408,5.167825860782545,4.787305434804384,4.553653191871383
8.6782017745183,5.8153415265877175,5.167557896934733,4.78766106579846,4.553666246144894
8.677493358391084,5.815621232351013,5.167575264417966,4.787869065748728,4.553666920709908
8.677046217692812,5.815740219726065,5.167473471767556,4.787811949630352,4.553707422997525
8.676363929324449,5.815751889309957,5.167461648263436,4.7876615817859856,4.553744110992403
8.676078475169513,5.81548539944317,5.167257346277651,4.788096408286821,4.553795963979286
8.675743615099412,5.815643570145263,5.167349221945392,4.788110363389513,4.553701513132885
8.6752925065469,5.815545750337733,5.166909783835776,4.788158226829065,4.553812272713147
8.674834991711947,5.815749449345394,5.166906987394032,4.787980510979414,4.553894330197432
8.674364908380953,5.815668143356273,5.166863751139625,4.787936030265175,4.553749864380989
8.673758976624487,5.8156936993592465,5.166638181458659,4.787595340387145,4.55393601544353
8.673377370679113,5.815938949067504,5.166425148883205,4.787449284215628,4.553908971555195
8.672777059506943,5.815950333797288,5.166329058392894,4.7874847427111575,4.5538659158488874
8.672268201627338,5.81553345298043,5.166399680029544,4.787483526155385,4.553847566537899
8.671857929255587,5.815521704533392,5.1659428613171015,4.787458328025779,4.553994008472988
8.671146000110037,5.815386338737922,5.165951841956555,4.787703671881823,4.554202847687533
8.670807385373587,5.8151414906613645,5.166143873202319,4.78751826344451,4.554075119069713
8.67059175965587,5.815374767405757,5.166086940633644,4.787478492810176,4.5540854010654295
8.670090459724962,5.815358033452679,5.166173725053285,4.787395760065942,4.5542788524276485
8.669767754492272,5.81562968544787,5.166103734218822,4.787406248083357,4.55426502982926
8.669269295151727,5.815915319496949,5.166255820523419,4.787448162187259,4.554458999827363
8.668839222554004,5.815856019139806,5.16601139906939,4.78709783337333,4.55445023203567
8.668100318361818,5.815598274521935,5.1658285347745325,4.7868932936041295,4.5546019585480195
8.667202668166793,5.8152634212943655,5.165955236178594,4.787147374975804,4.554737551976952
8.667052553872477,5.81518991704437,5.166102895416998,4.787182815012399,4.5544241988745915
8.666357105358227,5.8150715428429685,5.16590021861566,4.78725860093091,4.554748705528878
8.66560604636072,5.815000205644238,5.166046372106738,4.787153502729447,4.554587088865514
8.664950231936478,5.814738688888839,5.1661048089408155,4.787079474141571,4.554355995259628
8.664317282605358,5.814541284374182,5.16600642853288,4.786850650085812,4.554244571204705
8.663716250181713,5.814681649594276,5.165699221338618,4.786919880505515,4.554572624470194
8.663213837452425,5.814786099551017,5.165550165202132,4.786453863741094,4.554585804083408
8.662828179867411,5.814942294819189,5.16566310897751,4.7865089988682765,4.554988686226538
8.662773951192671,5.814805869114569,5.165716913147117,4.78625133155265,4.554859301199449
8.66250382966594,5.814719257231284,5.1656943583437025,4.786473998102684,4.554783225573897
8.661969386075313,5.814509019468569,5.165577317608371,4.7862505092553995,4.554648155213431
8.661461700069294,5.814601741518293,5.1656688447911145,4.786149727109308,4.554806582946983
8.661454061458324,5.814827806446566,5.1657628504872095,4.785999580394608,4.55474425929796
8.660793521537864,5.815084312111139,5.165938110508281,4.785707337203725,4.55531693391245
8.66026302505111,5.81507314789369,5.166030392504239,4.785596305586211,4.555057856646824
8.659714613155966,5.815105457875956,5.165717416703219,4.785531996396773,4.555602938819458
8.659046918578937,5.814784700103595,5.165828035272467,4.785400456727594,4.555980121014416
8.658704175374224,5.814741036735387,5.165644430049141,4.78530402550528,4.555867848470727
8.657914246863692,5.814673638516997,5.165670672956256,4.785391320071299,4.555588421078821
8.657380752245414,5.814799076770826,5.1658161168075365,4.785365439153859,4.555648703226292
8.656716878710975,5.8149573121477305,5.165945956834576,4.785725398293168,4.555652219077919
8.656084831171139,5.814810637120278,5.165775903258273,4.785476735714943,4.555494847669396
8.654951511291815,5.814961639343811,5.165392449580672,4.785726146011127,4.555548960660869
8.65449522004084,5.814658810155869,5.165595596416992,4.786042959058496,4.555958402534763
8.65397002765513,5.8142337472471475,5.165940062256229,4.786094439468363,4.555964921707432
8.652984821834831,5.814616937514407,5.165674998347921,4.786126336657015,4.556116545046694
8.65239169434413,5.814236602015144,5.165761723358359,4.786010881846383,4.55635983543908
8.65181424908272,5.814271404355429,5.165524756594876,4.786513539967969,4.5563152656079104
8.65115976013765,5.814270849486347,5.165385869222958,4.786683384649933,4.556246384750399
8.65042623084502,5.814165202461087,5.1654219542961775,4.786320057102027,4.555926259495158
8.65015014843827,5.814150417800498,5.1654052754834625,4.786182287008521,4.555829292009905
8.6495495560981,5.814138245262985,5.165493076288668,4.78607613631292,4.555928807348093
8.648986196811894,5.814543292721166,5.16518940704497,4.786063920649598,4.556032324310156
8.64862680154087,5.814620618779304,5.165380019850287,4.785867603326023,4.556024362931042
8.648125783004168,5.814459070327803,5.165257500925174,4.785737477899588,4.556143197494699
8.64770356792783,5.814227583195095,5.165044684938779,4.785718209678372,4.556010226610835
8.647604969387233,5.814025996998451,5.164746270186132,4.78543129529021,4.555682832074453
8.64687953209724,5.813833833251316,5.164585311867185,4.785567862063455,4.555888078005973
8.646460162467232,5.813506789024992,5.164555186730258,4.785595099811794,4.556008451789466
8.645575832848628,5.813489066910272,5.164700283858788,4.7858269561606335,4.555871425496505
8.644841244017321,5.813292007645237,5.164282389967542,4.785659509471598,4.556023915332408
8.644095557641219,5.813391317785743,5.164256630798075,4.7854740350641665,4.555949867919167
8.64368417791363,5.81321885502297,5.16397126037722,4.785276346173525,4.556111285215519
8.642994426266513,5.81312498760886,5.163869753997636,4.785093093670223,4.5565205626408725
8.642611227792244,5.812911225231516,5.164058919772088,4.785124072855308,4.556527409297465
8.64202751754186,5.812824936886119,5.1640688884589405,4.7853239928810005,4.55625355288259
8.641977782688727,5.812819076125549,5.163880227563856,4.78515887661515,4.556219670801201
8.641317404341201,5.81299726783561,5.1639110682421805,4.785029614474515,4.556171882044359
8.640889130753456,5.813056487416088,5.163940654998465,4.784802839537764,4.556192641452945
8.640258502553086,5.813301762241946,5.1639933814488455,4.784650326093208,4.556437560753736
8.639755798104796,5.813292459094642,5.164159790869871,4.7844106217453275,4.556606379786502
8.639234763209025,5.8134425937652585,5.164133425076803,4.784521266873678,4.55647088692983
8.638461103060505,5.813448400123696,5.163937364569094,4.78417123492258,4.556610922596036
8.638349905197046,5.813308714549424,5.164078490248621,4.784351157544773,4.5564205523238765
8.637973440573306,5.813282442766287,5.164085758739302,4.7843161267723495,4.556536534103812
8.63752002695741,5.813312285112839,5.164037994647445,4.784173247848474,4.556663153967961
8.63729700616768,5.813446323912883,5.163838093004595,4.784333178714493,4.556651222213765
8.636493490145991,5.813308603974323,5.163804454861865,4.784320577963219,4.556414733996914
8.635867384859054,5.813126040101527,5.163895890342768,4.784576725001535,4.556565652224876
8.635334839777721,5.812699958578966,5.163635615594467,4.785057080876897,4.556607036846886
8.635111403484299,5.812686618131093,5.163392675655514,4.78503397095232,4.5564361259828825
8.634451883270385,5.812303519375781,5.163511664245991,4.7850632772166675,4.556311910773846
8.63404043479601,5.812211377225763,5.163758510986689,4.785049710873434,4.556379885915682
8.63338189236602,5.812255996012548,5.16383287939602,4.78508614853682,4.556648666525318
8.632769924004661,5.812210158277882,5.163694464650333,4.78509731347213,4.556913141871018
8.63194357563408,5.811852274488313,5.164070432991835,4.78510981519468,4.556946521421041
8.631722663154957,5.811603052587623,5.164223561723869,4.785236558052965,4.5573452328305795
8.630904789117823,5.81136442231043,5.16411136042483,4.7849527977909485,4.557823553467709
8.630123054503382,5.811157285803219,5.163979108117764,4.78465308743065,4.557724915419139
8.630060073296736,5.811212397305069,5.163955897092819,4.784906256224193,4.557635904434127
8.629460812880145,5.811461421215556,5.163972852779782,4.78484517315333,4.557663209497154
8.628924605574468,5.811278420860635,5.163856632386974,4.78474216107032,4.557686734073042
8.628505737134741,5.811040444830564,5.1641727855053166,4.784338932333243,4.557708984216687
8.628052030110283,5.810758401455075,5.164204457595012,4.784281271196751,4.5575303027005365
8.627143597369038,5.8106479182219335,5.163984644422473,4.7843614834675,4.557701255862542
8.626730012969485,5.811099063800515,5.163815766904616,4.7845628178808255,4.557487328278683
8.625992973782369,5.811342356473405,5.163921722197375,4.784948659164226,4.557614992343827
8.625305409527432,5.811489034380953,5.163915265730377,4.78508594537438,4.557351809247571
8.624635421065133,5.811527633464996,5.163928493924453,4.785001432387514,4.557433660301166
8.62431655806041,5.8116102695717515,5.163785589568005,4.785039508008276,4.557603500519183
8.623989187494477,5.8116179728955935,5.164003374022004,4.784882239041173,4.557654527862036
8.623050098192124,5.811525611145787,5.164008903440345,4.785078270410104,4.557760210705813
8.62260096251602,5.811466656926762,5.163748010760481,4.784875121579477,4.557525611875928
8.621969087359641,5.811214503631713,5.163565154242049,4.784654368552375,4.5575139785430725
8.621579979703188,5.811063366279128,5.163230932990993,4.784862974601985,4.557460234652365
8.621326922362249,5.810932412586051,5.163387914603659,4.7847203604766735,4.557377350191738
8.62096093403301,5.810534820153502,5.163391561835729,4.7847063820459725,4.557300918546346
8.620481622578035,5.810115173010365,5.163418466240026,4.784700969634582,4.557404368816704
8.620013982915362,5.810342805191052,5.163375167944893,4.78456919508683,4.557309110718036
8.61971790372633,5.810188343054138,5.163237414428022,4.78410642168464,4.5572722281045115
8.619309138421114,5.809893989160275,5.163297399174541,4.784248948002843,4.557254893888613
8.619015237083536,5.809992393906324,5.163460029272416,4.784256759293791,4.557275820470422
8.618504643723254,5.809813768245463,5.163500264526766,4.784224163979661,4.557132433599735
8.618218336427262,5.809458800383258,5.163372575922354,4.784274071769373,4.556832061098095
8.617443200500352,5.809368413638038,5.163088946678127,4.784330240504081,4.556992865287626
8.617015505188945,5.808776753980609,5.162852254300979,4.7841343679237065,4.556767709140848
8.61695709919584,5.808334454183365,5.162850587955419,4.78439408108808,4.556990388762181
8.616574508498164,5.8082908225511725,5.162921720422859,4.784373235086997,4.55708743385319
8.616484649061434,5.808296404482661,5.162965623523048,4.784568899708232,4.556913030062784
8.615958264528167,5.808118067960352,5.162779305657944,4.784866574502355,4.556879372456125
8.615280447837145,5.807790614580223,5.16296992668449,4.78489654589465,4.556865874451378
8.615054552178634,5.807620718541898,5.162757730044817,4.78484318864973,4.557094282915718
8.614626113191086,5.8075433304923925,5.1627028373566715,4.7849907516900005,4.5572530234747575
8.614125931030948,5.807208762364535,5.162755734352361,4.784960518693498,4.557146092015527
8.61361283726859,5.806916790512591,5.162781915443996,4.784656609731569,4.5570002149476085
8.613161817710106,5.806631309690285,5.162809618577345,4.784622029237817,4.556770007254323
8.612504745438283,5.807161183238186,5.162666227626425,4.784787413199847,4.556660427903064
8.611867530560156,5.807223098940807,5.162864650918256,4.784600488962904,4.5566411289615
8.610780893425506,5.807109878794051,5.162685384079012,4.78474790635997,4.5564449638214395
8.610151511405697,5.807397283238022,5.162351792036485,4.784670245810216,4.556258994178111
8.609418706400684,5.807244469531724,5.162283773402211,4.784462953684179,4.556134295357153
8.609174127778982,5.807375814720714,5.162538307232494,4.784315899726287,4.555867470781322
8.608755530600346,5.807464526976478,5.1628961382310115,4.7844717254228275,4.555910961110584
8.608230039055174,5.807726491473279,5.162845364835305,4.784398186744698,4.555429038758794
8.607356958116661,5.807799629736159,5.162997574997548,4.784412658530335,4.555373703123483
8.606460011186686,5.807629772237789,5.16345583842447,4.78470677646843,4.555291262670656
8.605881976581339,5.807543757514904,5.1635829234966915,4.784784784229523,4.555088725721227
8.605667814643628,5.807213036581655,5.163651359218721,4.784697085431537,4.555086137801096
8.605086750343329,5.807198526411429,5.163575569622049,4.7848836003344255,4.555252347843229
8.604306115349779,5.807195048422137,5.163299778545634,4.784929760592717,4.555605680858858
8.603675366197153,5.80696766143633,5.163098352808826,4.785071400080279,4.555746287193308
8.603622696287346,5.806826575825975,5.162945370087449,4.784901965725484,4.555587573762963
8.603013324413086,5.806822120690963,5.162852531451575,4.784772091715538,4.555424138533136
8.602708519097712,5.806779218743073,5.1627511094216585,4.784857331240508,4.555509381616134
8.602194756885302,5.806808280034306,5.162883444665584,4.78473371739728,4.5553625625931655
8.601419092222237,5.806828863264128,5.1628417778588735,4.78479985088484,4.555364635823661
8.60104301614699,5.806796130697712,5.162814233505648,4.785161461923637,4.55533852708106
8.600541225977736,5.80707914500229,5.1628630556987956,4.785244471978219,4.555140581607071
8.60027207598102,5.8071703684681975,5.162927396994582,4.785351372587485,4.555240701314578
8.599784747684762,5.807198683607665,5.162640276311458,4.785347918482534,4.555089585397435
8.599159125280492,5.807032022067728,5.163038671530392,4.7850616486958595,4.554666794756742
8.59889833584778,5.8070895148319615,5.1628460196228625,4.785144660491545,4.554781374545383
8.598758465252356,5.807130365575832,5.162735595431784,4.784900040702452,4.554730966488831
8.598439403516016,5.807352383910739,5.162641713850682,4.784970101583477,4.554938999123265
8.597879137844819,5.807400153506185,5.162431860915556,4.784912769831163,4.555022621229427
8.59745650821262,5.80713698393862,5.162765604353971,4.7850558402081855,4.55506312107132
8.596597122431112,5.807037114475355,5.162732566413233,4.784886856651058,4.555211758022979
8.595947898590278,5.807293750384552,5.162636596231689,4.784973941828834,4.55507148306611
8.595627643430111,5.807362513521049,5.1625211135714135,4.784838989248865,4.555126919670592
8.595062971612077,5.806998192922345,5.162458118453133,4.784748071925971,4.5547691725268225
8.594211933605992,5.807027880553623,5.162283016698191,4.78449019425609,4.554563784791828
8.59357576618592,5.807057244516909,5.162420645666619,4.784359073825181,4.55421806499362
8.59314781835507,5.806978941212033,5.16291006708232,4.784091588203809,4.554347208842918
8.59304054772587,5.80722801608384,5.162934372848301,4.784263702558391,4.554342441047497
8.593213242414933,5.807153488551767,5.162650648144859,4.784193492698819,4.554258879354587
8.592797929737,5.807353204730646,5.16246877506794,4.7837143157697,4.554443977873978
8.592263438022648,5.807331088119428,5.162592914727636,4.783606748122078,4.5545406902099925
8.591874765469516,5.8073118608938925,5.162833244615833,4.7834415590769295,4.554608509432693
8.591256655684873,5.807111185992077,5.162939253552474,4.783040017501577,4.5547269253969995
8.590302077375677,5.807014035273986,5.162723972928747,4.7830034371101435,4.554849421407973
8.589804481239746,5.807114627708798,5.163059313100913,4.7830455040553845,4.554887807781153
8.589341160167347,5.807232326965828,5.163109797997908,4.782818932161703,4.554710444908637
8.588683807518661,5.807105306401497,5.163150104539049,4.782595608272171,4.554857330426276
8.587801505595849,5.806873303893199,5.163315217504867,4.782550748449248,4.554610933160732
8.58676795714433,5.806596400983421,5.163467192940671,4.7821988680131895,4.554688420445462
8.585926565532557,5.806796575928823,5.163039912630625,4.782164662318584,4.5545223762658695
8.585349429163951,5.806878833115178,5.163338700466428,4.78239174019038,4.554559387399992
8.584607907968932,5.806465702618306,5.163317571846282,4.782451351834036,4.554844534619715
8.584150629585075,5.806220849622925,5.1632528114046865,4.782411374852915,4.55465361761064
8.583441408141528,5.80626143248604,5.16313772902333,4.782128303764149,4.554775010989452
8.582960280892639,5.806043755794999,5.163066849371225,4.78197575999406,4.554607642688539
8.582000192706449,5.806158645721297,5.163276327397539,4.781806742589091,4.554748957021249
8.581771889612236,5.806193089367842,5.163077160719916,4.781757339422211,4.554821447275118
8.580800720103229,5.80601806871512,5.163061471568186,4.781677256712081,4.554532069545036
8.58019981092966,5.806076301801338,5.162919696180308,4.781692601533989,4.554510060351592
8.579996645697403,5.8061899895129985,5.162874470154445,4.781544539498987,4.5541214768930995
8.579545749945597,5.8061716328308774,5.162992927297121,4.781152961170843,4.553910119536623
8.579346061677928,5.806231999175264,5.163057161191555,4.780771418365245,4.554131810244537
8.578892888842795,5.806221917892014,5.163009434976965,4.780867342003131,4.5540477555020695
8.578370117598753,5.806487017173432,5.162775238334454,4.780691400740484,4.5539330314948865
8.577642341952942,5.806213611039304,5.162875229765754,4.780853511874883,4.554165625023762
8.576390640556966,5.806514703210934,5.16279223014526,4.780671964504922,4.554137395333874
8.575841345487717,5.806214720911525,5.162507415218151,4.780381152747491,4.554266740357466
8.575371591204947,5.806073177636655,5.1625094083099325,4.780575497276034,4.5540705725920105
8.574902513985666,5.806785148088242,5.162878789182723,4.780536370593818,4.553905766292841
8.57458086369514,5.8066309711400175,5.16285707923513,4.7804285402327515,4.553805914378129
8.574286286938575,5.8063089429178545,5.1628466267124296,4.78067625334955,4.553989012810492
8.573838252462716,5.805944855306663,5.162549548658424,4.781024400233238,4.5538719224486925
8.573236899059827,5.805850664918067,5.162281710676597,4.780963124397461,4.553737019643914
8.572865124459485,5.805852856016331,5.162295616121868,4.781455189681287,4.553722131246141
8.572282876756947,5.806009290943013,5.162397200682016,4.781523886400573,4.553824949153891
8.571946255632282,5.805968316990076,5.1620244048305395,4.781482466164324,4.553747819502329
8.570958363030012,5.805865997139002,5.161793155050929,4.781308965933627,4.553933674513265
8.570228383996817,5.806045239577276,5.161619481568727,4.781452413381589,4.553745716518498
8.569870018510821,5.806292092465507,5.161653212901706,4.781303336317626,4.553652240233479
8.569569102583413,5.806094171642398,5.161247519152786,4.780959422814244,4.553522635070966
8.569053620015639,5.80617320018999,5.160984600648916,4.781030004211681,4.553443233755105
8.568182215209603,5.806395369525798,5.161028771012699,4.7808089451389835,4.5535044141240295
8.567714622893552,5.806003814618263,5.160813942463441,4.780783408645618,4.553659598932249
8.567155054751247,5.805707572970861,5.160785532230703,4.78069289231006,4.553726006069301
8.56647611240643,5.805804308474171,5.160632326658724,4.780512802764547,4.553746783172419
8.566084847229613,5.805741799889003,5.1606158205659955,4.7804822036723555,4.553802559614795
8.565824422208854,5.805314624747652,5.160635339175175,4.780387559055945,4.553696423929843
8.565166631129639,5.805078078945764,5.160331927860138,4.780199084718083,4.553402976656499
8.564948440057405,5.804697445172012,5.160313065364984,4.779915855992217,4.553666681426367
8.564578893004654,5.804757536345405,5.160411703568211,4.780096890991262,4.553615038861479
8.56412153605166,5.8050156231563115,5.160393371386155,4.779888203575614,4.553690477574438
8.563504073592917,5.805194055703631,5.160816266551399,4.779795663373916,4.553672683190027
8.562945785906672,5.804989488974638,5.160419035973474,4.77957390399049,4.554012858748345
8.562266042441696,5.8050568746627444,5.160130446479528,4.779680523828337,4.553833752610611
8.562057665660767,5.804897820714132,5.159901641337925,4.779342486510432,4.553797415813809
8.561460525500468,5.8047211832266585,5.159956632271791,4.779285220121726,4.553964891617115
8.560954504213527,5.8045683081288795,5.159526225818301,4.7792620476744965,4.553975308133956
8.560343774082353,5.8045088145624115,5.159568222347496,4.779221172640716,4.5538134501568175
8.559982809811533,5.804668402629054,5.159524741491659,4.779482785292598,4.553572467434507
8.559653377496316,5.804690110695655,5.159744555649699,4.77944244200089,4.553666340034516
8.559209685441626,5.804306102867469,5.15934503466158,4.779132364898271,4.553422491620658
8.558818111588145,5.804602334210034,5.159336067442398,4.779052000624427,4.553146832427549
8.558422214758497,5.804555833568529,5.159341570053804,4.779091853267981,4.55326927498475
8.558004637030521,5.804574288328692,5.159348653490248,4.77898021089628,4.553433423032536
8.557388666798984,5.804603580258697,5.159501587408344,4.778645819610085,4.553549395951812
8.556309936662464,5.804706841844427,5.15938353739736,4.778336571549516,4.553496362608107
8.556094228078324,5.804631881048173,5.159654961068806,4.778203610537516,4.5535570680866515
8.555415952315359,5.804365077815905,5.159417458411863,4.777900722372995,4.55377877794648
8.555000032027177,5.804614696300399,5.159735103047111,4.7778550811414675,4.5539938018598
8.554641584565461,5.804581093130272,5.159293757876268,4.778106555563489,4.55420331072917
8.55436655808226,5.804751430343394,5.1594297164853655,4.778280963386155,4.554348468293328
8.553743326444792,5.804638544616952,5.1592844833636065,4.778223649839337,4.554189425993014
8.55341084410653,5.8045723339657345,5.159156747761508,4.778276622310597,4.554467734859585
8.552954957763902,5.804495201054856,5.159056824467022,4.778414390718773,4.554321877319877
8.552420602948363,5.804379799196263,5.1588116745219965,4.778231302369885,4.55437733701797
8.551764420526368,5.804183507269743,5.1590744632239245,4.778440682620419,4.554158760941759
8.551147147363256,5.803925596369496,5.15896704372658,4.778288074246294,4.554067516837671
8.550747391339895,5.804065863676426,5.159329711691814,4.778208399232342,4.553996923929085
8.550265620990338,5.803891873377912,5.1591813408717675,4.778183265149274,4.554194876408048
8.549709963567638,5.803595812495695,5.159348228595065,4.778106199248972,4.554481464302381
8.548802773481722,5.803616204656613,5.159311438700196,4.7781810674242156,4.554363498566257
8.54841599601662,5.803342942674125,5.1590640943875075,4.7780941325793505,4.554324157372823
8.548127771729211,5.803097759095773,5.159136871663796,4.778249130924148,4.554326715559215
8.547661894632697,5.802730547374232,5.159236578555311,4.778104630604295,4.554373385949922
8.547216030622323,5.8027901948636105,5.15940411814784,4.77794527855803,4.554547588647428
8.547007688917883,5.803011602724478,5.159220123109017,4.777943037848436,4.554486178138481
8.545989873602748,5.80288523270319,5.159189234007955,4.778020811820873,4.55473421099713
8.545447118830463,5.802394614760534,5.159079625490117,4.778091113904486,4.554625978911274
8.544636559492451,5.802094318713361,5.159065238398327,4.778349753830107,4.55466249726851
8.544190711701164,5.801872867039757,5.1591878756085325,4.778291271008024,4.55487788965936
8.543808690656398,5.801854817234122,5.1591833821700215,4.7782940670677485,4.554891181688903
8.543043732703701,5.801761687225927,5.1590016832560055,4.778123469856697,4.554570015307849
8.542735390896903,5.8017402635724045,5.158982333659762,4.778369390876699,4.554563932258949
8.54228034335505,5.801852979957906,5.158834448255458,4.778381404929987,4.554502222185634
8.541860536682815,5.801932036801019,5.158731631198853,4.778456514091714,4.554668255765052
8.541159776443152,5.801985470837143,5.158506221517088,4.778293036446353,4.554889375001646
8.540841204779488,5.801525945924799,5.158543152907148,4.7781362200835975,4.554926930874987
8.540534452700118,5.801754353616154,5.158078640805229,4.77812923373818,4.555136405230173
8.539992070458064,5.801685318679578,5.15806712524981,4.778190487385885,4.555283159765833
8.539421956207883,5.801652903549569,5.158221161571042,4.77796142555879,4.5554256976618
8.538959919756659,5.801552286075548,5.158448239907868,4.77801575751359,4.5554584469934225
8.538352574603666,5.801417462727894,5.158492738863447,4.777911133048381,4.555363884022921
8.537961125464447,5.801433423636441,5.158201344199866,4.777941713823618,4.555416028470005
8.537416348884896,5.801449343365859,5.158361522441215,4.777722871533039,4.555550257787637
8.537079045729687,5.80099356249937,5.158139554178542,4.777560007545006,4.55531991660127
8.536426139722897,5.800998454697525,5.15812677232525,4.7776662830159635,4.555291068403027
8.535958297522392,5.800809212558875,5.15835566853789,4.7777394427736635,4.5553676939046825
8.535395409233175,5.800877626909901,5.15839070329058,4.777734247658417,4.555489608392059
8.534854297905731,5.800740325297098,5.15815437114483,4.77771890106124,4.55558342273827
8.534465854253561,5.80064997790013,5.158294290801643,4.777711230935505,4.555572705854957
8.534153615840617,5.8009714644416395,5.1585655509596675,4.777580590013005,4.555657516026165
8.533438980579376,5.800909678964933,5.158658321815024,4.777597525724868,4.555493825607763
8.533011667891708,5.80085998760018,5.1583892846005055,4.777675665416048,4.55557231719909
8.532716746821796,5.80076193731201,5.158266012508379,4.7775026088172945,4.555414652752117
8.532228258048143,5.800692299876318,5.15852888565709,4.7777906981764735,4.55534053728056
8.53186608510788,5.800804680104208,5.158178610392291,4.777792820906399,4.555457844457241
8.531226640336293,5.800810608590561,5.158300359692727,4.777781131260927,4.555510424568448
8.530928667177761,5.800711304235193,5.158308985617232,4.777909207861572,4.555720359914415
8.530276489775199,5.800538269101205,5.158002509813311,4.777727234643305,4.55577922577272
8.529683911295159,5.800817894947637,5.157878255808028,4.777717933163994,4.555505404558962
8.529141127296535,5.8005949422660725,5.15775996427067,4.777709077495945,4.555537658681786
8.52851736761979,5.800441179802125,5.157622958876782,4.7780049601048455,4.5557577279379915
8.528313833608836,5.800432262716349,5.1578700167423,4.777939907994233,4.555910229712973
8.527698702929962,5.799914929234693,5.157933455261011,4.777833314191911,4.555874075980917
8.527003145482205,5.799630797458975,5.157700846494971,4.777780818290451,4.555996254488214
8.526366094437895,5.799452771407831,5.1575246992879915,4.778026912674796,4.555800189419418
8.526091018752169,5.799667275603368,5.157605937373215,4.777767175092292,4.55567384084386
8.52579594588832,5.7995263253454,5.157427703685991,4.777673192074652,4.555802679374018
8.525417126068204,5.799460273589531,5.157209759481062,4.777506258515906,4.555556108091629
8.524907055906633,5.799587783527902,5.1570554570930955,4.777493569559348,4.555341649967399
8.524104407388458,5.799541897623794,5.157371738421842,4.77761946258305,4.555238973329652
8.523632613166237,5.799640932493286,5.15728503459656,4.7777010192213885,4.555517079544739
8.52318759302653,5.799493379439425,5.157374391790787,4.777592830032088,4.555601532266822
8.522735574306585,5.7992455508014915,5.157338468497455,4.7777660248446185,4.555361081272468
8.522201990176457,5.799337273657876,5.156905991313864,4.778167309788611,4.555298429902818
8.521799462464587,5.79910853597986,5.157034300679538,4.778066216940855,4.555356563635208
8.52111137796664,5.799379343784086,5.157143222001054,4.778389748722068,4.555212287739933
8.520704198578144,5.799238006473486,5.157191477607447,4.7786451932594805,4.555232404764426
8.52014620574072,5.79927635701673,5.157399596205435,4.778386979734003,4.555603551828709
8.51978699192704,5.7991424120932695,5.157021757828662,4.778034775192479,4.555685639381409
8.519365361822743,5.798727311035022,5.157398713038886,4.778134546255975,4.5560591654615985
8.518821296713428,5.798719474495325,5.157898741634539,4.778359547190132,4.5561966130438005
8.518317492348466,5.798535029392419,5.157777236223759,4.778369585134824,4.556345252904612
8.51759698176934,5.798388022776233,5.15747957267876,4.7781978491077215,4.556150056115364
8.517439945923353,5.798133455921039,5.157488366421317,4.778515649636786,4.5558343344865575
8.51717198576246,5.7978887609969405,5.157469464901993,4.778415763288512,4.556001136535989
8.516351251367995,5.798115329854741,5.1575703565950715,4.778352467227,4.555992616086161
8.515834860488743,5.798235564826724,5.157667461282505,4.778377261035189,4.555669230127143
8.515184668350601,5.797877478712996,5.157601170333263,4.778267135842235,4.556136308324208
8.514513417190472,5.797518855700448,5.158124692212001,4.777875025569647,4.556311762028476
8.514136392273503,5.797463135068796,5.158004598892078,4.778208084548072,4.556284622972988
8.513570262445462,5.7972228028872115,5.15747335854474,4.778011152813503,4.5564461511534615
8.513043458204672,5.797419700080942,5.157502024538195,4.7782498183833795,4.5565279034754615
8.51269156536858,5.797492672706497,5.15741581997912,4.778132514156897,4.556634720532283
8.512198514418472,5.797416832662279,5.157170024446381,4.77824759942408,4.556312918573596
8.5118897113204,5.7974240571856495,5.15728575706482,4.778202845573425,4.556128418803215
8.512005226458946,5.797149878268062,5.157270982962077,4.7780084996126915,4.556021002822147
8.511578542777505,5.7968635308271885,5.157187410380351,4.77822732508391,4.555999048467519
8.5109328296284,5.796519108840653,5.157056671364618,4.7783791794349275,4.5562952257471325
8.510399406427865,5.7965432839555575,5.156909691584813,4.778056941606424,4.556035117729084
8.509800885530298,5.7963283175088645,5.15689325439796,4.77803160355481,4.555821538239383
8.508924896753971,5.796314600700744,5.156683963236664,4.7781785179005825,4.5562123014994755
8.508644806883536,5.796303659060188,5.156463377547734,4.7779751129807275,4.556347302971619
8.508168168707998,5.795946035021079,5.156563332575762,4.778110331285023,4.556468338607076
8.507636436413398,5.795645012585532,5.1565964233253805,4.778043501809458,4.5566381231214255
8.507125817807832,5.795746412122636,5.1568716313179,4.7781621560788805,4.556686186790467
8.506686011801571,5.795515133002487,5.156953043903207,4.778113967193626,4.556766482131851
8.50636878083734,5.795244783311636,5.156836154097218,4.7781365408616905,4.556599652779067
8.505610064915995,5.795216475227008,5.156710656539419,4.77818175191568,4.55649229549215
8.505005729038084,5.795307867848939,5.156949372213162,4.778116102888624,4.55635827943111
8.504236556168363,5.795065311358251,5.157182670441244,4.778031925780984,4.556306525333732
8.503993521589207,5.7950023627019975,5.1570942830517,4.778208222047266,4.556282320108072
8.503664570184736,5.795045142272292,5.157161097280832,4.778593516450692,4.556310653923933
8.503233931502518,5.795133447753902,5.157418951221578,4.778595336816274,4.5566167815993115
8.502652331589763,5.795059696421988,5.157353610712428,4.778872750712497,4.556741995311964
8.50230624883329,5.795080609641858,5.1574069643495095,4.779409832740898,4.556682184323742
8.501835304538696,5.795035906378768,5.157383235347001,4.779160190180029,4.556783307579968
8.501268227559189,5.794681650735086,5.1577241811984695,4.779111037617119,4.557051936172835
8.500586466619751,5.7946673429874584,5.157637015225844,4.77900748557485,4.557229748004532
8.499960913395077,5.794659136244602,5.157546872647098,4.779015430991739,4.556960735773709
8.49958199145631,5.794378482806756,5.157510520863977,4.779034969140284,4.556935500091647
8.498587084657448,5.794483356255533,5.1575874136978275,4.778789736711736,4.556795176853307
8.49812350280237,5.794690144870191,5.157421505063409,4.778812641537394,4.556926892713722
8.497104364864402,5.794477417014443,5.157409019124543,4.778811993819126,4.556567759061641
8.496684432828594,5.794301237945197,5.157327999338437,4.778836030112688,4.556588208358795
8.496060131383002,5.794222739494172,5.1573257846217,4.778739797566132,4.556270145245876
8.495982124148336,5.794206378714851,5.1571934551436796,4.778960646307814,4.556278497047207
8.496049596381093,5.7941162464992395,5.157201567339519,4.778940973714704,4.556424035084626
8.495677664887069,5.794138227063611,5.157199847559287,4.779047874431293,4.556292102793857
8.49508498071974,5.794135631460569,5.157161253421804,4.778876265205247,4.556180478915402
8.49438033671184,5.793925265426825,5.157091123375308,4.7790153676544715,4.556214576021594
8.493589385945214,5.793938126330096,5.15685772954886,4.779168085903077,4.556190580868035
8.493393313982182,5.793902292209065,5.156614032865368,4.779434107777385,4.556076939932214
8.492705795362244,5.79394203586824,5.156637400669175,4.779563692491086,4.556386098583008
8.492000897115457,5.793769250679913,5.156668726304109,4.77933805795789,4.556422202886405
8.491373037642772,5.793459040398645,5.156798312687638,4.779179256033189,4.556419722396549
8.490652533398793,5.793768620732927,5.156828074371481,4.779179343903486,4.556782162210133
8.490324160593799,5.793584753002995,5.157054426645301,4.77927592589913,4.557130834125517
8.489711436015263,5.79340958689629,5.1569576452134,4.779353663321624,4.557096833142496
8.4892548042636,5.793495003535651,5.156801013163596,4.779515086248532,4.557056090244553
8.48896135046102,5.793529060715061,5.156597273959807,4.7794939032885875,4.556907802223423
8.488468631623231,5.793479262574498,5.1566424768158425,4.779661143468385,4.556737067849107
8.488752941452546,5.793567741656557,5.156635169662427,4.779428976154162,4.556724772678353
8.488072011133898,5.793792890289084,5.1565581615498886,4.779823428851814,4.556945300973922
8.487671392056406,5.793540794603852,5.15654085253044,4.780011325154549,4.557087287516557
8.487075881192714,5.793434166555051,5.156468141579333,4.7798676254719865,4.557070582236773
8.48670039068649,5.793196438448248,5.1563306339756405,4.779925978998878,4.557135172580031
8.486427664462576,5.793041109156161,5.156390046084857,4.779653984019928,4.557070710110641
8.4862250018761,5.793141322402992,5.156293655718341,4.779920274111891,4.556752865443311
8.48574297399902,5.792852255353566,5.156352680777468,4.7797177144913,4.55665642608253
8.485369677549519,5.793031584261084,5.156374433214068,4.779639332391477,4.556728546422448
8.4847844187207,5.793114003756577,5.156206537868379,4.77974600904792,4.556597237227231
8.48430980747487,5.793355623665542,5.156048565860567,4.779624785347352,4.556653393881057
8.484046812713176,5.793275558813385,5.15603704309158,4.7798669493333525,4.556655203021178
8.483554030850945,5.7932144116521265,5.155920220173236,4.779786197914223,4.5569791392640955
8.482692335098248,5.792970721181391,5.15625351943406,4.779721000864001,4.556736460577678
8.482237189017443,5.792785856178376,5.156274040412856,4.7795735789883524,4.55654991169159
8.481935399732585,5.7928978131945525,5.156324934924195,4.779398594977878,4.556369650898046
8.481757153497668,5.792929237123021,5.155926452198258,4.779741240404464,4.556101213145837
8.481350922150405,5.79280238528186,5.155798983972843,4.779763191117077,4.5560300800744
8.480788835769504,5.793067986968112,5.156091049001959,4.780014669880509,4.556067499463409
8.47998481147464,5.792842101476137,5.156458906393244,4.7803077652016945,4.555753658396003
8.479229379350969,5.7922612377956515,5.1567656444571135,4.780029414179051,4.555944684157361
8.478483870141977,5.791920783069633,5.156846966832554,4.7801934307772616,4.55595213379949
8.478283112158673,5.7919642353385985,5.157020783184143,4.78027700827086,4.555709074978513
8.477818463592623,5.791960421065441,5.156996388048739,4.780243506009807,4.5558165144275975
8.477146332400403,5.792026687095921,5.1568302745111625,4.780294814293697,4.555755371310675
8.476738260572224,5.792199455860321,5.156723267085894,4.780182537313529,4.556203304374616
8.4763449443051,5.792238199707919,5.156855422098865,4.7800919289615855,4.556016495910933
8.47578512592297,5.792289530639854,5.156867335108371,4.780082771048923,4.555971986649372
8.475107532395906,5.792199726397275,5.1571362688497535,4.779979260391984,4.555657940554473
8.474692158364455,5.7919721581751045,5.157273600333104,4.780020232698985,4.555517935659279
8.474050556060757,5.79205162588919,5.157284712539983,4.779896547316569,4.555476149010956
8.473687733254518,5.7920041423968796,5.1572246420553,4.779818315082698,4.555548800739253
8.47320088202768,5.791869123942363,5.15689643985882,4.78014956019795,4.555220717628612
8.472852172980122,5.791845710663234,5.156586740764917,4.780087568070375,4.555263381319888
8.472457977989905,5.791865187163331,5.15673424174639,4.780209357234316,4.555363475560733
8.472014127146783,5.792093634955852,5.156931296100457,4.779979444788345,4.5552695275871615
8.47144492986942,5.792115018965128,5.157177340479245,4.779816722741408,4.555129105513977
8.470779320693973,5.792021932202618,5.1570871491623675,4.780040152451201,4.554953063736933
8.470407537964595,5.791930545062155,5.1570401039963985,4.779964079384121,4.554999410682968
8.469876233059813,5.7923199673581225,5.156845377405309,4.780240538128439,4.555239556994557
8.469344129473708,5.792402213378731,5.157047905605756,4.780461844938263,4.555155444442716
8.469163706216326,5.792130986713383,5.157088753878487,4.780329585017057,4.555001399755011
8.4689401205958,5.791870298581532,5.156944177645755,4.780385315287052,4.554831818864934
8.468517855327113,5.792119972688353,5.156714919493659,4.7802837914534475,4.554620924672171
8.468465113109495,5.791835255915423,5.156730917606806,4.780058507609268,4.554738169921636
8.468268715915793,5.791983133012598,5.1565076267730925,4.779746472136366,4.554920580147066
8.467757782433978,5.792047919721438,5.156262350466849,4.779614986489112,4.554769383296971
8.467417262330775,5.792421220102483,5.156281875178006,4.77965878106701,4.554583299084297
8.466916332605848,5.792575996582907,5.156317490797776,4.779801970669347,4.554708326081217
8.466257748834323,5.7925741170183755,5.156722869025543,4.779513124958612,4.554672051803209
8.465515346273376,5.792872908000746,5.156772697440351,4.7797507857997035,4.554391091120717
8.464943893424705,5.792831931421383,5.156826531264536,4.7795967327320845,4.5541307200100904
8.464591628721674,5.792706524869179,5.1568062055922335,4.779477149807962,4.55421607661288
8.463917692405422,5.792803209409481,5.156481920509804,4.7794085144415135,4.554010273945041
8.463542410176837,5.7927496037928545,5.156581928368982,4.779580326377982,4.554085151476559
8.4631073446404,5.79282422166868,5.156383522134592,4.779511974126406,4.553920923007052
8.462601970179383,5.792756474427761,5.156327097990616,4.779361385616941,4.554086743172802
8.462319867943231,5.792653654111988,5.156321234347527,4.779383079815097,4.554246279812231
8.461943053444179,5.79265437555952,5.156017806788455,4.779389291965424,4.554178836487969
8.460933146625393,5.793156783463487,5.156067984544296,4.779462565576746,4.554059888349181
8.460930299201614,5.7931997987339905,5.156092203821554,4.779518970352965,4.55391185272631
8.460606989691065,5.793046716763888,5.155997608629614,4.7792252024749935,4.553965009233852
8.460125278341534,5.793051327368615,5.155884034966111,4.779208432093361,4.553457433215949
8.45965156259328,5.792817368066514,5.155506395307481,4.7792155377186125,4.553547354568241
8.459418568753813,5.7930012206850305,5.155359455513218,4.779398638962597,4.553462485216215
8.458907251634022,5.792857593193593,5.1553523896501225,4.7792920069008025,4.553188845805157
8.45819017975805,5.792941809048364,5.155349410307718,4.7793759386121515,4.553209361269501
8.458009337648699,5.79294174014218,5.155469170692307,4.779235913791759,4.55303840383373
8.457299405082898,5.79300808176525,5.155524650726689,4.779320447789652,4.553115397032672
8.45644054497412,5.793010376806509,5.155545113269743,4.779207249308699,4.552860739916939
8.456055471669536,5.7927084199021905,5.155643707170688,4.779119701561546,4.552916741701246
8.455861095377054,5.792759215443849,5.155608283830766,4.779180194522178,4.553014254153151
8.455528137202863,5.792555474748771,5.155934713395599,4.779058182751794,4.552972677987476
8.455022643549928,5.7925284822588985,5.155927432625039,4.7790221605486085,4.5528131279551864
8.454379564175124,5.792372054829236,5.1558395804377675,4.779118834002392,4.552621918840045
8.4536451656572,5.7923186211144095,5.15550175735755,4.779344935026174,4.552777714315171
8.453444849424157,5.792243891886476,5.155196114532467,4.779323055013823,4.5528734534682505
8.453121402041642,5.791943870679946,5.155130694088256,4.779181077570503,4.55271203268164
8.45266235923767,5.7917615674914735,5.15499077611981,4.778966431993426,4.552641743977865
8.451764354356792,5.79177703934853,5.154889286980142,4.779168535711924,4.552511354123743
8.451418816393387,5.791752208137097,5.154892619135075,4.779037075525685,4.552378432179352
8.450876206217348,5.791676764513633,5.154892543893914,4.779133382289446,4.5522033583748245
8.450322608100095,5.791633721268705,5.154912309457211,4.779199200584225,4.551894373800195
8.449850977823752,5.791509274016281,5.155115929816017,4.778938481767299,4.551852881071354
8.449518235420609,5.791454365570301,5.155414799632763,4.778980889409254,4.551622615775886
8.449212953462721,5.791471680793966,5.155425857424389,4.779030076993516,4.551722944013608
8.448755865549309,5.791393374346833,5.155231583184778,4.779238370553419,4.551911069727855
8.448315888426993,5.791099654861158,5.155383073193588,4.779385477780258,4.551959302901761
8.447798526964569,5.791065296152339,5.155538919038323,4.779340911689952,4.552003389459999
8.447648686009172,5.791120626652034,5.15556609670936,4.779412010767474,4.552067557144442
8.446574612173274,5.7908181389778,5.155537620096758,4.779377417948213,4.552105313198043
8.44608286655485,5.790795766829062,5.155631569804288,4.779515780476109,4.552124948821937
8.445319924961689,5.791083297570508,5.1555033343573875,4.779909422847492,4.551993732781882
8.444922454863931,5.790925361971924,5.155359380544672,4.780026008771814,4.552064371281776
8.444808921443181,5.790966277535887,5.155210296994274,4.779968717253113,4.551921213228788
8.444525502776823,5.791016719987115,5.155238163465466,4.779819039317618,4.551929013962794
8.444373624727055,5.790809263677779,5.154975609649301,4.779694893266336,4.551887790621003
8.443824667785618,5.790836499522091,5.155157933076376,4.779732239752662,4.551936360169561
8.443357807879568,5.790797222365229,5.155372290904617,4.779709127584901,4.551877805781163
8.443032706180633,5.790968630029795,5.155101881300949,4.779834983662828,4.55180759494338
8.442645721847189,5.7908029472911275,5.155171890445063,4.779941903213895,4.551779655597283
8.442469557260479,5.790951810152115,5.155189435932653,4.780019721276735,4.551456747370033
8.441981216487209,5.790960614782955,5.155491806105207,4.77999061743993,4.55160473955485
8.441856758565788,5.790817757399686,5.15539391718715,4.779970247544438,4.551559503796589
8.441516151660267,5.790834066351475,5.155427977367356,4.780029685030326,4.551632144657338
8.440865341466287,5.790673908068725,5.155376831173667,4.780153282230759,4.551452464393568
8.440267457750771,5.790262198120951,5.155366203338876,4.780488463961415,4.551457950990228
8.440089426593937,5.79044773633743,5.155470932970612,4.780575322484993,4.551470829824099
8.439986956248644,5.7904609665830495,5.155485104252142,4.780351483922286,4.551616770093622
8.439245622185586,5.790425742269136,5.155259483301146,4.780353188113138,4.551708668154863
8.438693689330714,5.790847353043968,5.155199009207312,4.780151134791041,4.551554464049313
8.438127476014214,5.790962997625057,5.155216653683026,4.780068216443119,4.551399093972427
8.43758324316758,5.790965618609121,5.154907300627613,4.7800071666549675,4.551604460282634
8.437535760437067,5.791062806947873,5.154884642706468,4.779978122160985,4.551877135898058
8.436831475163675,5.790851097787638,5.154825270734593,4.780049436225882,4.552059278611924
8.435889389410665,5.790866811879262,5.154715515683901,4.779640442760217,4.552380390146614
8.435445051481883,5.790675834540762,5.154657417955291,4.779821935308228,4.552217867578877
8.435325574863427,5.790452594315055,5.154600961407598,4.779858012650588,4.552293717918433
8.43504085122895,5.790621921280566,5.1549443346827255,4.780107805737499,4.552113376860143
8.434738079229914,5.790459684666337,5.1549591575170215,4.780392032086248,4.552081336553887
8.434257273368479,5.790529892431451,5.1547375340984685,4.780451315783012,4.552042242260268
8.433934667918138,5.790609248254213,5.1545681172048745,4.78033244352423,4.5521845571596655
8.433486287958132,5.790591404689076,5.154591834753873,4.780328053540536,4.552075662267497
8.433335074589406,5.790598169562342,5.154250939915792,4.780262894195904,4.551949921157434
8.432779439660006,5.790684395172533,5.153968579876025,4.780326934090566,4.551909945274651
8.432332079511133,5.790667561362368,5.154098249578979,4.7802413200829195,4.552033522442226
8.431490589325131,5.790440626633473,5.154121600036109,4.78015547995084,4.5520305289600556
8.43134908517354,5.790395438471192,5.153962517789979,4.780098901219955,4.5521705873742535
8.431164841623364,5.790447545365659,5.1538248504136135,4.78024046018452,4.551902963615463
8.430839371350077,5.790347228047948,5.15362271004253,4.7803346765338235,4.5520087978963195
8.430078637808283,5.790284294302395,5.15359312385813,4.780119876813626,4.5518766228650955
8.429559014698373,5.79060528499764,5.153826175208523,4.780167570463375,4.551788596173346
8.429265732398926,5.790543714987944,5.1538992068447484,4.780119345900715,4.5517305179371395
8.429010299917614,5.790742560493889,5.153806955620433,4.780283814583099,4.551702323427611
8.428559278135976,5.7904579931399205,5.153744445181269,4.780125874875408,4.551536913438152
8.428045012459465,5.7901905084101,5.153825676994196,4.780129523610225,4.551479857655474
8.427343240913922,5.790547541274769,5.154009814015023,4.780019681874913,4.551558984115367
8.426818522337975,5.790537817927209,5.153865788680418,4.7796395646112595,4.551368631151848
8.426371475103508,5.79070459904779,5.153678878319306,4.779715154447294,4.551132136462267
8.42581499431672,5.790422293254763,5.153958387712058,4.779620230112473,4.551191111073446
8.425435369897919,5.790367918706949,5.154127619674789,4.779691857599204,4.551141567893036
8.424881467903468,5.790445469341169,5.154277560817934,4.779704171755025,4.5512010200089685
8.424731542398776,5.79011349479974,5.154111894624391,4.7797015151535875,4.551290894157991
8.424636473519136,5.789910477783914,5.1541629886854805,4.779718264588877,4.551283308372862
8.423976845002862,5.78988336799993,5.154466202366582,4.779589360097631,4.5510581851545995
8.423693429593367,5.789689652621746,5.154515970299262,4.779244845775702,4.550907265593987
8.423021274849136,5.789257122172168,5.154695614920065,4.77899216678755,4.550913518577665
8.422179110287825,5.7894241130516875,5.154735262984029,4.779149576374958,4.550760834968596
8.421712845073696,5.789150983642196,5.154729618190724,4.778952220909928,4.550540791137568
8.420991705586731,5.789202339371917,5.154919248518203,4.779030560367556,4.550517769003051
8.420449339096564,5.789514378192512,5.154762557440779,4.779487084569833,4.550604494350252
8.420031782841331,5.789092197765789,5.154860239019844,4.779471761161456,4.55051372873607
8.41947405694297,5.789050368247471,5.154637218742434,4.7796274702672195,4.5505452987891655
8.419294085218793,5.788922037113281,5.154386234851111,4.77972006712641,4.550580198367436
8.418861034625316,5.788731835110362,5.1541480604905905,4.779404635373765,4.550428351059723
8.418330542704197,5.78860054845642,5.154244910757182,4.779303008803068,4.550461243300822
8.41793239471205,5.788715800982613,5.154027794872668,4.779255823495698,4.550460517902814
8.417164131814701,5.788846983385585,5.1541749118737785,4.779158964653904,4.550434733605408
8.416615164719353,5.788851210506861,5.154219196469265,4.779042873144434,4.550298646230618
8.416241404503456,5.788640324240688,5.154207032462613,4.779308034134546,4.550349770984477
8.415992412823295,5.78835845106935,5.154246120121917,4.7796079375722895,4.550189290897904
8.41538318997327,5.787792109491254,5.154102329178908,4.779715028042576,4.550261823340061
8.414897485763847,5.787771694562191,5.154017753061814,4.77965818394049,4.5505025597529505
8.41434614782945,5.787677222136364,5.1538406899875815,4.779490505148283,4.5505900128720205
8.413739931439029,5.787319803656889,5.154081861300753,4.779512778565029,4.550798606997119
8.413306778369353,5.787318348318537,5.1538090207751095,4.779481764249539,4.550421726613076
8.413034416167491,5.786938740299966,5.153801014495241,4.779233320405074,4.550333164039881
8.41234899783621,5.787015789880196,5.153643628008624,4.779001251464214,4.5502097813167675
8.412205565951473,5.787094877114075,5.15374479644522,4.778817335990825,4.5504081438161865
8.411610111396271,5.787474789248472,5.153701336718601,4.77864340360522,4.550564483119143
8.411140931565699,5.787528238619903,5.153471849584907,4.7786118778991336,4.550504984379606
8.410611086346178,5.787655130389066,5.153548322960685,4.778732001583629,4.550558884429841
8.410073119109489,5.7873544416090805,5.153659604572804,4.778809198301306,4.5504542969787085
8.409557283715614,5.787224639761504,5.153585124015808,4.7787799593396665,4.550283366921954
8.40888841992107,5.787148465705805,5.1534801403850885,4.77906877749962,4.5501673186003275
8.408285925310407,5.7868633088428565,5.153753255340851,4.7790005724331825,4.550300199123764
8.408156281874808,5.787186730565716,5.153841682048367,4.77890434283203,4.550161163981368
8.407682440102551,5.7872572070495645,5.153875635315974,4.7785127563684275,4.5501565822597705
8.40741439824979,5.787307750205317,5.153876496151354,4.778522840759458,4.550212623663908
8.407116724030981,5.787393398664035,5.153790133855831,4.778516384306193,4.55017948996891
8.406905243688366,5.787313367222285,5.1539681523523635,4.778495893372354,4.550222995632614
8.406743869030374,5.787057289901272,5.1539055849993805,4.778806999931949,4.549980005511949
8.406343599052457,5.786940391533311,5.15386237453191,4.778692674512811,4.549967509123359
8.406108897853969,5.7866908221098265,5.153703341021887,4.778570940139446,4.55007799889179
8.405665970107846,5.786714015912007,5.153826148705515,4.77861760260506,4.549970771257152
8.405231073188872,5.786954544442363,5.1539516242780845,4.778478636182774,4.549796425496248
8.404733658456475,5.7868168986550526,5.15360819079649,4.778211074266315,4.5497478743183
8.404186186105731,5.786823808668242,5.153601813102365,4.778304957251082,4.549878254159757
8.403697230430252,5.786797855764522,5.154039044701082,4.778250619681132,4.549799502923328
8.403207975417741,5.786733506308962,5.154036311409854,4.778214685358565,4.549850515704655
8.4031250536484,5.786609066357049,5.154011920513002,4.7780160889300305,4.549977530165891
8.40253834676045,5.786465915996773,5.154256675309761,4.778003222090616,4.549864373436622
8.40188676221496,5.786071735723144,5.154092901859342,4.777996108790112,4.5496567839523285
8.401162247669022,5.7861514356901065,5.1539638984878104,4.778164121789752,4.549697576378876
8.401194113994707,5.786205669979643,5.153887301563963,4.778177168593601,4.549555412471028
8.400794125851007,5.786168764020856,5.153990888752953,4.7778021334365315,4.54969423916586
8.400373929799404,5.785879774023951,5.153876399589321,4.777691523702308,4.54991919444244
8.400039601786647,5.785497187332203,5.153963891432939,4.777623268650119,4.550025344849981
8.399459961249775,5.78526325753777,5.154103076022702,4.77761355822443,4.550003388801368
8.398916238498643,5.785460246153951,5.153982007947105,4.777659208944144,4.550046412213703
8.398252323427732,5.78532806643043,5.153772256445655,4.777797517816909,4.549979115419453
8.397626638468601,5.785480156007684,5.153845836662752,4.77768317055792,4.549885988852847
8.397082259049554,5.7855328267870245,5.153867557711477,4.777725661942807,4.5498382138431595
8.396726598571329,5.785307527205523,5.153583525657654,4.777569071208729,4.5497447395885695
8.396268753017209,5.785206977352482,5.153328508636414,4.777722947879613,4.549912592069706
8.39569965977772,5.785269865312334,5.153540304496618,4.777565235084559,4.549769892517621
8.395552165923666,5.785081827301377,5.153616546267149,4.777405336719946,4.549723048112601
8.395056709247854,5.785289056322414,5.15353171574324,4.777255695584687,4.549664231942862
8.394267849020055,5.785110811509201,5.153582942359736,4.777260591112489,4.549451887733648
8.394025181749262,5.785390201815985,5.153439066295785,4.777261955901644,4.549661413507354
8.393503591715799,5.785433819071631,5.153338309154282,4.7774678847586465,4.549546805855139
8.393117459909968,5.785154575358651,5.153159853380686,4.77734190866722,4.54969286571483
8.392874203088782,5.785235817428485,5.1531504737740255,4.7775890191246795,4.549780414484565
8.392673565356384,5.785540843457683,5.1529179563544725,4.777527922140041,4.549718285054668
8.392384429236472,5.785206671976422,5.152963450693015,4.777438604728181,4.549596079356568
8.392274764097671,5.785537919769932,5.15278724698828,4.7770227970287085,4.549576506822784
8.39165764478012,5.785635581744716,5.152939860932066,4.777230530816458,4.549255021547393
8.390791378985202,5.7855282955948,5.152925105580246,4.777365212648492,4.549266215896069
8.39035377340328,5.785626599154187,5.153013835842137,4.777357945939721,4.549518805120363
8.39016183144712,5.785703826274774,5.153105184107502,4.777289987504622,4.549410331768996
8.389699128240116,5.7856523117305025,5.153359553672571,4.777317195131987,4.549519341305433
8.38984658886812,5.785578370317747,5.153292236254387,4.777099106729645,4.5493234690373034
8.389462403040296,5.785421625125266,5.153390342051599,4.777130711243398,4.5494616274030575
8.389129658828574,5.785452842154045,5.153299942117106,4.776898134117663,4.549271343798492
8.388174067334027,5.785346240635584,5.15321794161331,4.776970901915743,4.549248690796077
8.38792668796434,5.785234787825788,5.152954083424382,4.777157269892621,4.549247744936175
8.38795459211891,5.784978027062535,5.152744737074299,4.777193953442456,4.549402271532326
8.38745200734413,5.784788991448809,5.152663390715657,4.777215400532021,4.549254889514996
8.38690295944437,5.784931652113708,5.153100041896976,4.777087016245078,4.549432189952561
8.386622280858186,5.784626642156695,5.153081662806537,4.777161146180444,4.549272112471685
8.386539541562918,5.784425034544193,5.15274170316322,4.777003059995935,4.549270494535534
8.38624972074374,5.78426577834227,5.15267779677758,4.777208606067691,4.549286777697862
8.385659499936194,5.784254954222848,5.152441655121331,4.777467893088747,4.549201637485591
8.385380759138927,5.784313380161178,5.15267217220547,4.777377765479489,4.549410954257038
8.385060958566022,5.784494939014138,5.15285590312604,4.777461555900208,4.549486037309803
8.384367492754624,5.784338343316069,5.153038874178053,4.777106796509192,4.549071608108652
8.383769907128608,5.784421108717009,5.152904786213019,4.777026540899622,4.549223165436379
8.383439337672973,5.784420225466667,5.152789979143526,4.776764610957922,4.5491015211540775
8.38301148247691,5.784042892211238,5.152562208353708,4.776841400495905,4.54932934511779
8.382378995112598,5.7840420221870765,5.152531446333639,4.7767701712491295,4.549246237147817
8.381579094842955,5.784131090930773,5.152927601173371,4.776926006112923,4.549215536838315
8.381156467846525,5.7838379238078845,5.153116231812025,4.776805910545943,4.549086192761784
8.380747734458053,5.784017389430453,5.153269559026849,4.776958759249605,4.549040684974619
8.380119511630985,5.783906842056132,5.153382980517852,4.776667875732297,4.548959747283331
8.379602566323229,5.783738359541528,5.153340494068762,4.77673029221735,4.549010506267455
8.379423945003431,5.783669431300665,5.1532401465858575,4.776995354629741,4.549036679374538
8.37886692115318,5.783683797404007,5.1529724374673815,4.7770861573578065,4.548933748040421
8.378042903066403,5.78379226308342,5.1530480832902565,4.777296797697301,4.548985180546086
8.377821837648385,5.78371656548852,5.153015644364363,4.777501438826982,4.54881112461734
8.377215550320997,5.783523428817479,5.153170782705037,4.7774640947191855,4.549035603440673
8.376858741370972,5.783182157259473,5.152957006917878,4.777475690131468,4.549117991611906
8.376090723228987,5.78314538720931,5.15287955515104,4.777254921106363,4.548875408873773
8.375907046818739,5.78281309804852,5.152788323450987,4.777164877556346,4.5486903201704605
8.375094262112018,5.7826513991245,5.152727794037308,4.7771354129148085,4.548666387491448
8.374497989420835,5.782598744378869,5.152529955242878,4.77714242177962,4.548468699762362
8.374140291588631,5.782546889998091,5.15256958188483,4.777123550380013,4.548349884153798
8.373632915236632,5.78283609835292,5.152706485611324,4.77723267802576,4.548423386550963
8.373274003872197,5.782805432285075,5.152838671129875,4.777348511447251,4.548647091623575
8.372585564734075,5.783079516403074,5.152922147768576,4.777512720652989,4.548398085892131
8.371771391136836,5.783098677397328,5.152835701046796,4.777637517845359,4.548665667931202
8.371488129923785,5.7829302236877185,5.152648283484808,4.777545705039788,4.5488860429454245
8.37086675996125,5.782867114745364,5.152615854279687,4.777439898822522,4.548869079866117
8.370503161948916,5.782882110567374,5.152458002960691,4.777807034591866,4.549001479707702
8.370193189202771,5.7830701502735815,5.152272257229568,4.777691567912179,4.549055328280633
8.369515923882991,5.78305584116232,5.152016163923104,4.777954630330775,4.549098386257936
8.368720596210412,5.782982975742149,5.152114158492805,4.777880692360353,4.5492120585326585
8.368551826797669,5.783035433101676,5.15233903497271,4.777524513129206,4.549044998234396
8.368354096089904,5.783218950489134,5.152732670555857,4.777509816277618,4.548901868242327
8.367897011203258,5.783152112375129,5.152591728473456,4.777309574589116,4.548888774984543
8.367393710471834,5.783220627442679,5.152555292629334,4.777240688376564,4.54897630805766
8.36693889503267,5.783199981100061,5.1523865930509976,4.777258652902903,4.548640349851816
8.366782294925356,5.782807050120118,5.152243831026272,4.777291850007867,4.548772230088683
8.36620101296093,5.7827369479510375,5.152322295253601,4.777503510707229,4.548834288498405
8.365686243275801,5.782593239016003,5.152269343369537,4.777685692630432,4.549159198061184
8.36491300623275,5.782461977148464,5.152247880515443,4.777667538486844,4.549366444521716
8.36415184437815,5.782300973479145,5.152151722479948,4.777659439974392,4.549530573489212
8.363764264477146,5.782164343358079,5.151854237444611,4.777825347643166,4.549690595192681
8.363503475800142,5.78217293177348,5.151997214219396,4.777806237326189,4.549662562512778
8.36292767745222,5.782128833153345,5.151890490096428,4.7777830547817866,4.550012499362747
8.362896368617104,5.782196463890446,5.15180148694783,4.777688095705188,4.550078016323895
8.362663178623535,5.781889749504496,5.151924085143204,4.777506829630511,4.550077577262105
8.362271484572874,5.781642933098975,5.152008884495155,4.777463172478067,4.550251991107592
8.362079357379413,5.781340037077341,5.151991454908935,4.777426252191076,4.550415206654955
8.361664817239616,5.7813205928229845,5.1516275082669685,4.777303524986426,4.550819886969639
8.36132744849898,5.7816675425511646,5.151609157585597,4.777374560660673,4.550948219799164
8.360936156985723,5.781798620633471,5.151398543891044,4.777596723449967,4.550734090617929
8.360722540543533,5.781868312641129,5.151442050878814,4.777503315692076,4.550665681036961
8.360349156804826,5.781581024007969,5.151580980146432,4.777955479043169,4.550783029997684
8.359740950519514,5.781409797316466,5.151767813705655,4.777998952964598,4.550806464015956
8.359367488879998,5.781663342705512,5.151648590100647,4.778004630355378,4.551007254372224
8.358737253389629,5.7816934110603215,5.1516068446792875,4.778166451760913,4.5509958500847825
8.357884881956998,5.781861340301605,5.15151133681289,4.778283668476736,4.5510433014222915
8.357094880484524,5.781753523774508,5.151517337740608,4.77805507647384,4.550749498458742
8.356327893931745,5.781523850216844,5.1513464622783225,4.777876373205316,4.550708679614528
8.355858365337685,5.781346397997459,5.151306465566776,4.777841199627947,4.550548215089265
8.355253018030425,5.781630802242397,5.151466713529312,4.7778018622945275,4.550396455811334
8.354875147850482,5.7816544130269545,5.151436241217096,4.777560209915052,4.5503337869110565
8.354465411787315,5.781452108702826,5.151313154791819,4.777687837515527,4.550187102723077
8.353933100102275,5.781142861220313,5.15127074156038,4.777565209089132,4.549991199418782
8.353814803945047,5.781074865699308,5.151059225469046,4.777621161043506,4.550431708174809
8.353308144398934,5.780938929186378,5.150917902194633,4.7779959868858235,4.550341907248487
8.352882124079184,5.780889847570312,5.151193646465624,4.778007241378932,4.550300133699875
8.35237976977896,5.78103793081291,5.151031592106595,4.778361072044697,4.550243390184843
8.351988534324471,5.781099618385578,5.1511626804286035,4.778239600850248,4.55014224885524
8.351320045291898,5.781074624312551,5.150959185582965,4.777990283212068,4.550092256691121
8.351073338431032,5.780915565788746,5.15091319891679,4.777829452363007,4.550279243904002
8.350542266588498,5.780695023001021,5.150876633523389,4.777861323160548,4.550254633255233
8.350198570993115,5.780795147838426,5.150736888231462,4.777782839046578,4.550152258310068
8.349649770552748,5.780592507582444,5.150748059122762,4.77767581282746,4.550214217478318
8.348986697974174,5.78062038612103,5.151044744926379,4.777587739889287,4.550027697703727
8.348534234105816,5.780413923116898,5.150745764275552,4.777555904559157,4.549903481384743
8.34796116761299,5.780478080952589,5.1507560967195465,4.777587654175918,4.549822055347034
8.347162408001736,5.780090528717006,5.150833061622572,4.7778217219846955,4.5496629995336
8.347186858993059,5.779808942987285,5.150815167120837,4.7780701811160515,4.549425583312271
8.346686395749234,5.779818692958511,5.150692018995699,4.778132562652637,4.549437496810297
8.345889369209443,5.77965837495691,5.150378790430824,4.777853968874789,4.549365208106323
8.345612082272638,5.779381266324421,5.150130264370534,4.778017320628563,4.549282348131385
8.345170486148184,5.779364556156092,5.149970878164884,4.777902173897632,4.549212159583811
8.344742685877307,5.7794588853676565,5.149877588746201,4.7780513402386084,4.549375195901964
8.344341964662704,5.779250041203274,5.149758009641912,4.77832321387827,4.549359800233461
8.34398605115413,5.779071584128941,5.1498756504779495,4.778305898903981,4.549285177674587
8.343636914869368,5.7789700881683785,5.149842074830016,4.778280081930178,4.549375303553575
8.343393620322733,5.779142785001385,5.149583907442798,4.7779658423541855,4.549462681914609
8.342985486274998,5.779147527747078,5.1495530956669855,4.777782068372591,4.549120227641318
8.34241271738983,5.779251316705903,5.149450905506847,4.777753280846049,4.549392178248988
8.342118642522125,5.779379832231988,5.149559291043853,4.777603297035081,4.549253444876675
8.341674564633303,5.77924940882137,5.149446088990221,4.777521061619223,4.549008342240022
8.341299248493911,5.779135872797711,5.14978449934413,4.777436003654473,4.549141852398904
8.340781709562028,5.779092585863386,5.149821382032122,4.777597343281337,4.549148209980556
8.340478252721661,5.7791120523290616,5.1496838824840525,4.7776051914997035,4.549020028364942
8.339674732688902,5.779285818740116,5.149572490311279,4.777478705537573,4.54899758494061
8.339554224399848,5.779249450070175,5.149393883727358,4.77736878966893,4.548927639052442
8.338986661233267,5.779134377302931,5.149325756265519,4.7774801002187965,4.548798763852709
8.338333253718947,5.779013411421754,5.148948302824203,4.777412375848587,4.5486463646366175
8.337833388922176,5.778970211832743,5.14915892681121,4.7771367818845025,4.548368353572672
8.337764497599826,5.779191110516074,5.14929526677038,4.777237099090813,4.548219464675088
8.337077456360507,5.779252969644778,5.149188070462606,4.777244604098968,4.548207333173323
8.33693033636269,5.779148809013575,5.14899915244675,4.7772314974861425,4.548361283584232
8.336810936867987,5.779004090786524,5.14882810515444,4.777197470061456,4.5484972288290475
8.336351435368211,5.778702644251603,5.1485749697282985,4.777317710951263,4.548461552901296
8.335897331931255,5.778842146586307,5.148756868670246,4.777207447940678,4.548429872170651
8.335579716246457,5.778497667343049,5.148796739476099,4.777413298242616,4.54821763428755
8.335071078137728,5.778330318149333,5.148980541635575,4.7772877374415685,4.548345181142912
8.334654929534722,5.778248071561913,5.148602119502282,4.777314888752131,4.548253257562468
8.333885841015611,5.778113626233811,5.148760251644884,4.777096373647743,4.548109555673393
8.333439484265767,5.777827191765408,5.148522684917206,4.777020650537505,4.5480860661179205
8.33311044673238,5.777537360322684,5.14835733415433,4.776942154934052,4.548100182061963
8.332517691238067,5.777567327158202,5.148108315131422,4.776911068950179,4.547904975261263
8.332209057694003,5.7777388039980595,5.148191970200262,4.776982449183285,4.547957889320365
8.331562617402168,5.778161526377143,5.148072520855669,4.777204443965856,4.548048368739041
8.330876236263395,5.777893263669564,5.147986610938344,4.777198279259122,4.547993429037341
8.330154631505396,5.777769904399038,5.148040925225869,4.777059856952999,4.548082913469867
8.329790497400674,5.777734900420567,5.148050887824785,4.777099366295362,4.548300726464131
8.329460895115679,5.777803159301931,5.147989321947097,4.7772827007011935,4.54814879000187
8.328778348221505,5.777709984665593,5.148074436664473,4.777302425142256,4.548100061563979
8.328132179042308,5.777881857483347,5.14781134808838,4.777140988863798,4.547858792020754
8.327517966316583,5.777655893473525,5.147771524240449,4.77676876858909,4.547713756669578
8.327135666460476,5.777316180929934,5.147716244115925,4.77678351923079,4.547423680948193
8.326893266565277,5.77720769206728,5.147812635538662,4.776737503837646,4.547451653085421
8.326514129632178,5.777215552990187,5.1478999493828805,4.77655898209761,4.5472136794898494
8.325814751613592,5.777184392471608,5.147805359619449,4.776869807298529,4.547292322968582
8.325660898713581,5.777193793043251,5.147574258856678,4.776757718538849,4.547548906772842
8.325279859383649,5.7773695778322205,5.14782232961354,4.776902526596772,4.5475434066217
8.324790760557127,5.777092629279139,5.147847703741251,4.776918773261868,4.547479276375976
8.324345769160082,5.77700596335685,5.148386675872059,4.7769925043551025,4.547553790720972
8.323930029153608,5.777169007662741,5.148416448644585,4.776959214984344,4.547470898057586
8.323685391322572,5.7770561468512085,5.1484631123576285,4.777031456238284,4.547609412208209
8.323143758058656,5.777027988952374,5.148279170348302,4.776847611091555,4.547582258614254
8.322699007712567,5.7770206248368705,5.1479603590268646,4.77659795751388,4.547518293611866
8.32230374665148,5.777179434571577,5.147668371651916,4.776943391269964,4.547333242884581
8.321938589468298,5.7771116558556,5.147431092319485,4.776812899131594,4.547395712222237
8.321553055600054,5.777149309557236,5.1473067922255415,4.777100892291451,4.547367572568563
8.321045228490249,5.776958222571583,5.147403901614439,4.7771030035081505,4.5472417005075805
8.320631533348722,5.7766861136682435,5.1473061140306395,4.777379133960241,4.547046798386725
8.32006593630665,5.776709952847339,5.147413272713138,4.777354800466552,4.547010184898282
8.319610890033072,5.776541662561252,5.147337565805944,4.777332524431609,4.547004585835471
8.31920625283226,5.776328825557122,5.14755734350518,4.7774295597197165,4.546904104962867
8.318943938176412,5.776385047983304,5.1473870595907005,4.777431194163576,4.547109862671623
8.318301327322835,5.77617589670386,5.147401334848781,4.77756561166149,4.547078178211794
8.317558711489777,5.776215194632336,5.147501297412929,4.777447831022001,4.547006393847183
8.316925673714227,5.776148890651912,5.147374830370916,4.777159241970812,4.547163926588377
8.316677557905193,5.776220622101451,5.147242695389294,4.777198848739442,4.547222044086714
8.31599622909682,5.776189498423346,5.14730333140699,4.777062327093614,4.547230669165013
8.315839520157326,5.7762215344147005,5.147296817523362,4.77705995713615,4.547187952747732
8.315679972178778,5.77634101870689,5.147255826981066,4.776912570564668,4.5470019985983265
8.315165819620397,5.776005273476405,5.147393563217634,4.776907519797126,4.54696861727143
8.3144367316655,5.775803493372399,5.1477082100512614,4.776989222110703,4.54703864227319
8.313933289529613,5.775754017930984,5.147585365274332,4.777297800330358,4.547121213156735
8.313194914573748,5.775724345640508,5.147512531979377,4.777174520062486,4.547085024135895
8.313298072924583,5.775459950845235,5.1476503722940725,4.777288236362209,4.547172775560934
8.312937667462803,5.775537687511844,5.147512366327316,4.777110831275942,4.547060989919804
8.312596343722952,5.775417577043854,5.147673631745881,4.777015732182421,4.54694141198408
8.31205252001591,5.775605196779874,5.14758571742703,4.7768651865494896,4.546849691430092
8.311832407304832,5.775515569652523,5.147553975463987,4.776886306421177,4.5469904453904775
8.311309841564448,5.775413536483225,5.147189426250325,4.776813154955002,4.546835105769727
8.310602217791908,5.775115135605944,5.147119289150865,4.7768642932968275,4.546945692772589
8.310289800368315,5.775226178320576,5.147454048528506,4.777071969079295,4.5471056372148615
8.309567172874962,5.775192707964797,5.147535968320419,4.777244929844575,4.5471899673597544
8.309209668220632,5.775249584399675,5.147455476883158,4.777059752225071,4.547208706412729
8.308669773405112,5.775200272593153,5.147557296143745,4.7772221159838475,4.547139087562029
8.308210589576362,5.7749277181992085,5.147583835173758,4.77744798293563,4.547540611488405
8.307495213937845,5.77475327060377,5.147508752110193,4.777512167962335,4.547388858074765
8.30708114306132,5.774585755494612,5.14762573334361,4.777419818120207,4.5474624059312285
8.306822651584497,5.7746396632676715,5.147680532476875,4.7774753301599056,4.547275723232312
8.306365769409217,5.774722088055513,5.1474505503561705,4.777485586610759,4.547286194540146
8.306038060546028,5.774448294738125,5.147319557103399,4.7774746046340475,4.547323728078995
8.30536889585516,5.774552661918025,5.14739077925923,4.777609593408338,4.547118712992125
8.30495746257758,5.774496099260499,5.1473568602426205,4.7774833387786835,4.546981641354452
8.304500107652812,5.774463202950662,5.147140147683329,4.7775344731965586,4.547235359861928
8.303967027893187,5.774529072604873,5.146938119478243,4.777291498182064,4.547354787481109
8.303304187112628,5.774534339511076,5.14676229906157,4.777282470968879,4.5471977567041515
8.302888724824248,5.7745859062473786,5.146828429909659,4.777303350886298,4.547012248559081
8.30235599990275,5.774265636427837,5.146966288725499,4.777193076141641,4.5473794281603
8.302053639225896,5.774173058095,5.146939852847112,4.7768351409467344,4.5474970596253605
8.301515011583254,5.774316029440686,5.146962844478365,4.776841046804271,4.547348512499035
8.301066584621294,5.773868046764406,5.147157680608936,4.776836047414064,4.547547167750658
8.30040498696553,5.773948499447504,5.147125401733009,4.776611989425379,4.547661126634878
8.299893486617286,5.773861155821859,5.146943848726997,4.776546989878018,4.547846320442401
8.299341421832162,5.773944137398099,5.1467635386468045,4.776523214865638,4.547822877033828
8.299110268404064,5.773867491911305,5.146897216041794,4.776914443288531,4.547718823089548
8.298764157247192,5.773668986453502,5.146757235056286,4.776788323150269,4.547712529241998
8.298531358489631,5.773257563075746,5.146986863820171,4.776970722308198,4.54780474894796
8.298240600962798,5.773197360848601,5.146941879713768,4.776983837335535,4.547726654051454
8.29804341291688,5.773214214813523,5.146667899808095,4.777303173878049,4.547865596713636
8.297497964070644,5.773057630733472,5.146416268341229,4.777441593923976,4.547974916198754
8.297171849097676,5.772744373633311,5.146353248300194,4.777861846314346,4.547852718926073
8.296627199732429,5.772577302876453,5.1463448683101,4.7777791207145315,4.547723431036079
8.296248050422395,5.772442791416116,5.1462671853731825,4.777918830693808,4.5478160370659175
8.29574107852062,5.772230234465786,5.146090011063901,4.777912148683431,4.547765597551229
8.295463310116844,5.771983723697969,5.14637367964004,4.778069922868645,4.547998237013284
8.294989684875826,5.772067871215169,5.146423234507152,4.778045854052982,4.54828486209313
8.294363830759355,5.772022161434782,5.146100083170538,4.777942145653419,4.548333159511033
8.293947819062284,5.771979179358903,5.146320249066073,4.777993289560419,4.54853943422134
8.2933612909168,5.771886119193264,5.1462059618639096,4.77791321357446,4.5484913371503355
8.292939166675799,5.771930762737677,5.146112231052606,4.777877571114044,4.548758870814161
8.29224154902377,5.771835094315301,5.146299267230104,4.777757500761697,4.548867980692335
8.291929924511999,5.771777427598033,5.146010676957708,4.777958206372045,4.548935198502005
8.291428176927099,5.771805038152264,5.146073936299486,4.778159272713283,4.548933333738057
8.291037203290125,5.7716778889680525,5.14598700976292,4.778307646333573,4.548952094899904
8.290256672175506,5.771516485985932,5.145897769258323,4.778006708042674,4.548690143622196
8.289749615703045,5.771404695213306,5.146174971925035,4.778012363953715,4.548582550515994
8.289439514412175,5.771694872840415,5.1459272878374005,4.778255274323431,4.5485922062567
8.289380092508253,5.771551296689192,5.145760468370161,4.778102427926831,4.548441771436943
8.28896797690997,5.771541988132791,5.1457012581665955,4.777899561692983,4.548527477047757
8.288396132494022,5.77165838079977,5.145817362686171,4.778000498847902,4.548656359039524
8.288034019094434,5.771687451740088,5.146071416028143,4.777975853277123,4.54875396928507
8.287696066344207,5.771531638710689,5.146020247998334,4.777937665697782,4.548770831736588
8.28738489132963,5.771341174191032,5.146123564980749,4.777832841257759,4.548818940208072
8.287233197198429,5.77083218429192,5.146006108019853,4.777813909846763,4.5490545631383235
8.286645013931807,5.771002373449319,5.145924319417027,4.777907690861896,4.548879142174517
8.286386726166054,5.77124833519893,5.14591372418674,4.777696523927227,4.549111068368037
8.28594722876076,5.771058151381659,5.145733088533207,4.7778691569133676,4.548933043539286
8.285402989700176,5.771011255348649,5.14523425630051,4.777723227800012,4.548901495230837
8.28479541794459,5.7710143815146555,5.145177526209089,4.777561686621772,4.548931813928816
8.284206481754342,5.7707897770857715,5.145142135236614,4.777532943750164,4.5491859619417765
8.283536342608564,5.770815777916317,5.144997655365637,4.7776483293640934,4.549098284442602
8.283012275295524,5.770587027509716,5.145075836209173,4.777681213576291,4.548997742902589
8.282058928194944,5.770493850508973,5.145055511969656,4.777438861385756,4.5489382310299
8.281825937362147,5.770321256762472,5.144860626299029,4.777715439060817,4.549049475825455
8.280970617659188,5.77035435982614,5.144853964785285,4.777803036831138,4.5489771750784955
8.281126063600569,5.770307822425322,5.144970004670181,4.777783367357155,4.548790274053607
8.280779818464616,5.770187273317454,5.144735301133268,4.777898280040923,4.548430761036454
8.280475609263922,5.769896237383293,5.144601988512176,4.777853829814685,4.548118844744001
8.280056499641908,5.769862422921969,5.144814679205021,4.77783786679583,4.548364218322771
8.279491701720163,5.769884827025474,5.1446657668616655,4.777709682985093,4.548367291906937
8.278919320685644,5.76980042901445,5.144428651330742,4.777781874945401,4.54859612390716
8.278803679992215,5.770049706494335,5.144266452436407,4.777768252932943,4.548349769686532
8.278813010145194,5.770000541215456,5.144145812352358,4.777659949709157,4.5482182969125855
8.278486014943846,5.7700995695551365,5.144354402398482,4.777687922981491,4.548122629005119
8.278293021386233,5.770013209462061,5.144440772419381,4.777704471555613,4.547889584561593
8.278029368360247,5.770375910601258,5.14433862177545,4.777426039035114,4.547863935986161
8.277921730250899,5.770448276246212,5.144361001245213,4.777435443368619,4.5480944943565245
8.277590712289626,5.770377902706051,5.144479804609856,4.777341182581696,4.548166427498345
8.277107288352155,5.770088711987555,5.144374982920368,4.777288352546439,4.548000836214133
8.276536341922206,5.770126462483717,5.144474877163626,4.777193260836248,4.547732478457989
8.275883617679506,5.77003650800257,5.144044748084411,4.777122816908734,4.547737520123835
8.275521039488357,5.769902372265347,5.144274811551762,4.777066398557772,4.547596753183888
8.274815380204366,5.769946267075712,5.144261674054633,4.776896946678955,4.547687462638902
8.274239761289312,5.770076767515741,5.1442231508118015,4.777043839712828,4.547870733566706
8.273927672584659,5.7700291669215975,5.144214661101351,4.777460553663998,4.547967546870105
8.27378630285261,5.770129588889528,5.143920032820587,4.777359378767088,4.54787713464375
8.27339779088017,5.770202282881989,5.143887326911145,4.777440456693248,4.547609828017626
8.27285541048848,5.769870412510261,5.1439682686136745,4.777355930931022,4.5476116846138925
8.272436727119597,5.769781001303633,5.143722995227535,4.777435137525563,4.547627409615001
8.271967268232162,5.769853205797662,5.143689820898524,4.777325520055548,4.547649023049295
8.271557879679412,5.769795976901412,5.143657800484209,4.777150599123205,4.547518245435245
8.271132988091365,5.769545402901341,5.143588421861778,4.777245427345614,4.547635709163818
8.270581109964432,5.769458193583377,5.143392279540383,4.77753987704598,4.54767691084715
8.270404162086226,5.769209674805764,5.143240685026596,4.777607544149296,4.547722472744977
8.270121318532887,5.768938025995117,5.143317742427611,4.7774534418364265,4.5476375220103655
8.269510707640821,5.769042604159279,5.143381635759642,4.777367021955003,4.547724951146483
8.269146439155959,5.768963933043566,5.142975589103665,4.777477685183142,4.547994542615747
8.268458805517048,5.768883612482105,5.142793034057466,4.777619546403652,4.548008629340226
8.268268263392512,5.768686136905317,5.142606272728957,4.777518445122085,4.548281096046717
8.268021887342616,5.768346735255568,5.1425819766072545,4.777525988582787,4.548363822432138
8.267589504421675,5.76858193377785,5.142504925089542,4.777029877872207,4.548314788697418
8.26740090279702,5.768584708088483,5.142224695722936,4.776813789844618,4.548400226364623
8.266899964863985,5.768628158829581,5.141991375879923,4.776809425316226,4.548327633087903
8.266730974426101,5.768593747649912,5.1420719976078955,4.776795839450278,4.5482004606291015
8.266379621130644,5.768647240375665,5.142356585103197,4.776749823935694,4.548154548040005
8.265793006499312,5.768567583391581,5.142566838158548,4.776462122453866,4.54825072165817
8.26571559119665,5.768704440159659,5.14247769033479,4.776621547726654,4.548577632312725
8.265212766886753,5.768862983425205,5.142254880926955,4.776548635831218,4.54865970661887
8.264418206057705,5.768789158181829,5.142097438927535,4.776442485641647,4.548479181436392
8.263823418584767,5.768754759507503,5.14238559254131,4.776536388518758,4.548795295846093
8.26327831694866,5.768557348653595,5.14253106996129,4.776378819519271,4.548777304759972
8.262829686007132,5.7687690050136435,5.142447518904393,4.776486685007399,4.548736849696249
8.262417692650187,5.768618348506547,5.142341880406734,4.7764953501035,4.548769068288657
8.261849863469012,5.768472026129847,5.142137557981305,4.776614026677857,4.548692394428274
8.262005131636093,5.768552438327364,5.142072973960947,4.7765535657294915,4.5486251364892984
8.261384859455504,5.768164121296313,5.14238761861465,4.776520683233326,4.548767578191131
8.261116335087568,5.768312349660504,5.1424697791342675,4.776567022755461,4.548935698856121
8.260912486455188,5.7683407202915395,5.14267592384094,4.776400969514305,4.548866217166192
8.260274892104299,5.7684081747343665,5.142632474867921,4.77622196554092,4.549050454926072
8.259790221579998,5.768423678294213,5.14272017412033,4.776277435424427,4.549206439927596
8.25983740592515,5.768443375760555,5.142549399324071,4.776116523811662,4.549286492714386
8.259258414265776,5.7688237982258155,5.142436615918619,4.776620677759478,4.549117817001961
8.259023807949397,5.769010268680679,5.142333341365734,4.776625072768025,4.549066798400712
8.258480614247484,5.768789572835883,5.142254034869642,4.776495081963179,4.549215674844263
8.258135865562796,5.768796320134905,5.142308346545336,4.776462421415148,4.549235027399284
8.25830422111797,5.7687068107171475,5.142172720021431,4.77678392370394,4.549336884249893
8.257657974801841,5.768895000219345,5.142184679071874,4.7767743377990355,4.549315337019919
8.257393675002834,5.76884493360271,5.141924880270521,4.7768999533570815,4.549296842254885
8.257105566584046,5.768700739539165,5.141961203675302,4.776822025614181,4.549270600563066
8.256746725242213,5.768836518863285,5.142074013663914,4.776634667118434,4.549336578516855
8.255797030627466,5.769079062517338,5.141767626255099,4.776801636160619,4.549183066800719
8.255508599697357,5.76883981010467,5.1418084381916005,4.776808499768555,4.549279204140652
8.255350317139786,5.768763383976695,5.141867334998014,4.776728733012288,4.548926267396637
8.254835204765445,5.768862633783309,5.141790432851822,4.77648745969345,4.549059907308693
8.254380453508217,5.768692761815928,5.141772348147172,4.776611079390232,4.548954074147281
8.254001291865523,5.768646057031809,5.141463723952577,4.776454842400546,4.548950616673192
8.25342974875264,5.768720689378174,5.141138180419835,4.776512055482444,4.54900517183498
8.253186418646209,5.768706865773031,5.140976515105781,4.7764283842747846,4.54909815265508
8.252557115575632,5.768726142577209,5.141032672032519,4.776489528506083,4.549046204860554
8.252079547427414,5.768299413388329,5.141085927805456,4.77635730153425,4.549157885374708
8.252026838592336,5.768079485345854,5.1409427224679165,4.776241064591993,4.549320746019697
8.251551373619298,5.768104184175875,5.14109998505734,4.776282705439768,4.549095418342409
8.25088712859112,5.768039446122567,5.141331658417434,4.776298648815921,4.54916248141575
8.25047073998654,5.768073634934919,5.141519630956286,4.776054032262305,4.549104358845734
8.249992964208465,5.767986482166069,5.141664374618098,4.776158990581328,4.548812003204306
8.249817479896421,5.767742423208706,5.141697805952293,4.776401937566657,4.548921675003248
8.24936531758246,5.7675216337235575,5.141332450750712,4.776330614983776,4.549095921965402
8.248774273511396,5.76757077595122,5.141138919845701,4.77630211476226,4.549187232113321
8.248018564377995,5.767518272379125,5.140859384162753,4.776301803464204,4.549387240357908
8.24768607005188,5.767346340491865,5.14087787491905,4.776273915305997,4.549452859886434
8.247641131541455,5.767491154242891,5.141051598957607,4.7762893345920885,4.54957865173393
8.24711430651571,5.767544431518216,5.140957977266683,4.7762165330163855,4.549719581878084
8.246781084399458,5.767300703860803,5.140963140549118,4.775943890363172,4.5497434883466426
8.246329150028664,5.7677320049688525,5.140834806689241,4.77570675055013,4.5497974287827985
8.246030397784512,5.767444506948984,5.140613323507151,4.775834952830438,4.549948799807264
8.245500857502787,5.76724696372005,5.140768313060409,4.77573545217151,4.549748696164771
8.245137771765737,5.7669834120992265,5.1409158071988355,4.775782900252722,4.5497061815817705
8.244631540415002,5.766596574994838,5.141099277748494,4.775930656353062,4.5497022993436556
8.244480748280235,5.766666524358418,5.14103851971419,4.775493897458781,4.549781276713247
8.244036177038447,5.766760995817609,5.141057497728029,4.775570462667742,4.5496397312763746
8.243320500731521,5.76680908639345,5.141098014275337,4.775510461368752,4.549409662470098
8.242818387259666,5.766709971578127,5.140927460098847,4.775195904770494,4.549296420371043
8.242439242677001,5.766373356511342,5.140904887254916,4.775013423970634,4.54912714902263
8.24187074385818,5.766288398583212,5.14082262244209,4.774839457057327,4.548971465511508
8.241363882656156,5.766004399273947,5.140542331178759,4.77478274251397,4.549082219833609
8.240812197408475,5.765790906054922,5.140790141738882,4.774999515027526,4.548953278452346
8.24046430695388,5.765946033358988,5.140790688287881,4.775025436758167,4.548990284817086
8.240190120187181,5.766046746947755,5.140754344536286,4.775126802660064,4.548933723790704
8.239804407210775,5.765669851809934,5.140809425821532,4.7749564289270925,4.548797604991143
8.239473513940544,5.765421304338745,5.140839289646815,4.774973044657082,4.548798966526701
8.23894742211361,5.765178863679649,5.140549600020969,4.774682721880758,4.548558311160502
8.23882103328097,5.765235754768062,5.140321905484252,4.774397149975998,4.548345740332977
8.238341147009821,5.765466234980592,5.140077982364303,4.774410696168147,4.548119032956534
8.237649658157663,5.765683395193561,5.139879852668952,4.774406087953892,4.547984874080604
8.237228147078635,5.7655040751400195,5.139780949316983,4.774109827222196,4.548034856183071
8.236875349498812,5.7652270581160945,5.139548693277476,4.774086923549669,4.547983871436826
8.236246392756842,5.765368581953995,5.1394362505920625,4.774171401175032,4.548020176166784
8.23591140493941,5.765574667355177,5.139710755285233,4.774166254337589,4.548079607935276
8.235385920578267,5.765542980447992,5.139735116019393,4.774243051716776,4.548098156565712
8.235281487146876,5.765937761887924,5.139674416560421,4.774080825713619,4.5481175386758625
8.235064815412295,5.765909348819639,5.139379650728365,4.7739114693778255,4.548361484440102
8.234698385122712,5.765898733873427,5.139544647492399,4.774300195632908,4.54835483034065
8.233998901085045,5.76589251157528,5.13947192772862,4.774330288635818,4.548225849969989
8.233541270694218,5.765638508410067,5.139481150962211,4.774366616274859,4.548222857913456
8.232802467845087,5.7654502220190915,5.139280809554196,4.7744416656094195,4.548082865784295
8.232539685313016,5.7655923595329535,5.139289124882296,4.774170506714177,4.547914102161474
8.23190532095389,5.7654755541550875,5.139168210243911,4.774130221678455,4.547885462036397
8.231619075607032,5.765357443312379,5.138993102650736,4.774137699467545,4.547981515716698
8.231078744913022,5.765233602534103,5.139184364953257,4.774070392056624,4.547999724971038
8.230499907308046,5.765196367927721,5.139155476532443,4.774351761063601,4.54824883900253
8.230200276782476,5.764882192967881,5.139291573270821,4.77429778876494,4.5479916718648505
8.22999003297331,5.76476519050697,5.1392686925386215,4.774290147724147,4.5480315496925146
8.229517105997354,5.764618572254452,5.139019110051526,4.774070431201377,4.5478387223166745
8.229061617640358,5.764411416254383,5.1392411922816965,4.773694427988161,4.547935811395655
8.228706978126473,5.76431964207971,5.139279519256792,4.773385586411506,4.547913745058519
8.228442754986112,5.764610212528425,5.1394278047823665,4.7732742455901835,4.547982597340791
8.227744070503825,5.7644577190350645,5.1394677065014065,4.773254324671213,4.547732106412778
8.22735787208904,5.764528234397114,5.139262711341383,4.773251548258491,4.547851047065654
8.226937973190998,5.764707206806232,5.139269195497036,4.773379562075796,4.547705570582686
8.226828605032923,5.764485132486187,5.139314460641375,4.773515462464388,4.547832732929081
8.226789196623342,5.764267949542317,5.139124136708616,4.7735504437910485,4.547593338948701
8.226362850140735,5.764248332149531,5.139077302070879,4.773445834893747,4.547451897784859
8.225925709439391,5.764378496278061,5.138878854002858,4.773140563880648,4.547487826618421
8.225277578150623,5.7641325557963325,5.138717970268077,4.77324723391538,4.547457742331744
8.225190293414297,5.7641000072862685,5.138890347858466,4.7729475327314,4.547356733616908
8.224755540005951,5.763841454639521,5.138715039537059,4.7730365656821325,4.547498014169737
8.224395656442068,5.763928447502205,5.138394120740808,4.773143632225244,4.54771543913577
8.224073088381926,5.763893979830136,5.138490534515939,4.772970717962031,4.547788277624192
8.223541544124645,5.763752516828558,5.138319491724814,4.773056230237407,4.54776682987008
8.222785301142881,5.763674455979798,5.138309984098479,4.77317540155024,4.5476775534356495
8.222590145937657,5.763514923362617,5.138256851189729,4.773474255411767,4.547656965788745
8.222170138241218,5.763641250074588,5.138269132576833,4.773407048623638,4.547575635190628
8.221890906689246,5.7637595205692245,5.1383263704138455,4.773260613086145,4.54774233379946
8.221464672662261,5.763671285637467,5.13806204191468,4.773385893927225,4.547987037109637
8.22101291635192,5.763342627391372,5.138213048941901,4.7732943396797705,4.548178781246402
8.220588848317977,5.763460651036877,5.138165838707663,4.773224190168686,4.5479922483529
8.220268786439776,5.763270853875071,5.138010098576904,4.773186418927243,4.548007615137735
8.219908985106008,5.763321322672202,5.138110714988357,4.773159828480796,4.547893543667127
8.219550794183952,5.763072332650295,5.13832984794363,4.7732525825500485,4.547799459393955
8.219106669386067,5.763166749408332,5.138243434869586,4.773417618826617,4.547827648773799
8.21859038106263,5.7630582181541055,5.138362245414452,4.773418777646654,4.547684613802258
8.218084383696004,5.762840301827405,5.138215655603558,4.7732943644882555,4.547547029779112
8.217574481489727,5.762867135668292,5.138152723707016,4.773100637142286,4.547559986954897
8.217271759119065,5.763000634909954,5.138013244569621,4.773235557470291,4.547459272351935
8.216767754720303,5.763267731135156,5.137896603133818,4.77309832386944,4.547258328839632
8.216401599780227,5.763103093635047,5.1378717223760635,4.773083555946162,4.5473265842015165
8.216592141268288,5.763198784864551,5.137880892506398,4.772922008591221,4.5471036795274555
8.216124580360423,5.763161321859795,5.137555299976649,4.772725057591716,4.547183957746387
8.215722720066536,5.762920135451078,5.137609595251798,4.772716458502368,4.547067541279681
8.215410497657647,5.762571393588553,5.13774816659655,4.772431004509326,4.546958846827438
8.214990197693648,5.7623945580259575,5.137607553948278,4.772622007672509,4.547168470868101
8.21482782427157,5.762199141498095,5.137730015387965,4.772527037507687,4.547213233616733
8.214407701292352,5.762075187969167,5.13806647523938,4.772659206829063,4.547518071681452
8.213911691553452,5.76191296189864,5.138044708884336,4.772781470446663,4.54748241480659
8.213681582715187,5.762301868664291,5.138092651338634,4.77280436595145,4.547741073691203
8.213171738397625,5.762484368335903,5.137940609992914,4.7728742929715136,4.547652244618848
8.212716595338623,5.762644383325287,5.138032405485501,4.773087944572631,4.547620858581416
8.21252510868145,5.762692287962364,5.1380429402404575,4.7729585095332405,4.547415998660236
8.212552680724706,5.762798886268567,5.1377324978510535,4.7728264390403385,4.5474553913642195
8.212385533635775,5.762449300128714,5.137574546588229,4.7728231232330804,4.547295159596812
8.212270206083145,5.762344455932868,5.1375945582954055,4.77295486079684,4.5473303605938815
8.211834663665629,5.762209242082116,5.137684867291936,4.773183748555596,4.547316444854362
8.211896627301543,5.762112203110598,5.1377709290596485,4.773071107907136,4.547292697897943
8.211270671567641,5.7622672471318195,5.137958418216115,4.7730511540664295,4.54729014140183
8.210826250919663,5.762227265945724,5.138028667159331,4.772993611058159,4.547049202066276
8.210350854070755,5.7621692756053,5.1380537031860225,4.772989428473201,4.547053001978414
8.209959668816152,5.762096727616551,5.138338388538198,4.772899535278005,4.546957356531059
8.209502991289694,5.762024606664848,5.138127952985709,4.77289798967008,4.546975665215516
8.208949762214221,5.76194573440023,5.138121556625691,4.77308044408176,4.54702184561219
8.208366973749282,5.762208260648212,5.138169688523845,4.773008752291046,4.546859129688374
8.208326009330033,5.762397598783277,5.13802077611694,4.7729907903220035,4.5470204397032425
8.207760593313514,5.762174102611286,5.1376869757242,4.77287932187033,4.546951689192818
8.20719093041162,5.7623702450208985,5.137579154297804,4.772802973230392,4.547152025525906
8.206811509218713,5.762461058349528,5.137613625165881,4.772622853777787,4.547428004759442
8.206528741923467,5.762281381951889,5.137760593700246,4.7724391954111685,4.547618673952515
8.205959368493168,5.761983467970651,5.137800875739491,4.7725595077707945,4.547944035813329
8.205507833940418,5.761958359606269,5.137797901203095,4.77245998544965,4.548108472474944
8.205391887807673,5.76195235845002,5.137457893005862,4.772529260075633,4.548013770445835
8.204905241905374,5.761628002562421,5.137195995361247,4.772515386114729,4.547767560634207
8.20444696260447,5.761620661979583,5.136920662490238,4.7725158617157195,4.5477986539635
8.204145484252566,5.761550096540642,5.1370959226145025,4.77255811979293,4.548019941286146
8.2036448309783,5.761511068356283,5.137272585155658,4.77231419514829,4.548068065631144
8.203164774037543,5.76165157703518,5.137284764829947,4.7720339096018245,4.5480061414695925
8.202614038631589,5.7615412943674835,5.137182430709206,4.771723077755805,4.548065077511081
8.202127447545756,5.761480111291547,5.137423025006393,4.771654583573898,4.548375636326522
8.20158166674664,5.761312006232539,5.137430189723089,4.771704622406045,4.548708037000972
8.201382223893347,5.7611491307932745,5.13747137962202,4.771747782357993,4.548753024261688
8.200887096993963,5.761114873104375,5.1375752157607035,4.772065704707812,4.548724924538337
8.200405169242,5.761424932813948,5.1374893378806465,4.772274982144625,4.548909563015981
8.199987086792252,5.761180939580245,5.137285126467668,4.772236784864347,4.548820935700558
8.19953233762589,5.761095656148444,5.137308365622684,4.772179328423809,4.549040227268264
8.198941212562449,5.760928319058499,5.137557828803238,4.772157666538011,4.549355023786973
8.198268638205416,5.761263874004997,5.1375848655231335,4.772246034154459,4.5492836477193075
8.197748659726544,5.761269883158857,5.137262003393972,4.77231277271647,4.549115522744673
8.197304803097623,5.761098372774472,5.137255040187771,4.772521942120877,4.549184316442213
8.1966028102303,5.761148776193279,5.137188008459842,4.772399954910068,4.548897881616039
8.196129232708202,5.760966097767851,5.137093842509643,4.772212595947722,4.548722708715428
8.195799854352934,5.760854341489174,5.137061133478678,4.772261141265543,4.548569749487384
8.195384759013935,5.760869863225242,5.137244364518231,4.77216325720488,4.548822295160617
8.19490202411053,5.760536824765536,5.137222146058684,4.772055253162396,4.548767947867825
8.194415596570568,5.760317549418716,5.137434024570454,4.772212257985087,4.54871528868653
8.193906264716025,5.760167341224223,5.137360673624152,4.772166577481931,4.548508710687554
8.193543308372723,5.759864328222493,5.137517666887369,4.7718980787266725,4.548624445431117
8.193220694809364,5.759606488495277,5.137435786282575,4.771756754527016,4.548555237654025
8.192921228546032,5.7595796021575705,5.137477264684789,4.771852652349565,4.548490035498591
8.192420426851502,5.759806068043944,5.137742409575987,4.771927918948001,4.548429734010336
8.192021507397925,5.759777551828908,5.137754225841835,4.772364344945817,4.548345806887105
8.191684413646941,5.759451184068076,5.137695005716948,4.772652510634737,4.548184836735103
8.19125697940399,5.75924531788453,5.137642382012865,4.772538570974644,4.5481766442163805
8.190895141443525,5.759530050460745,5.137753008637058,4.772487685585143,4.548253903553265
8.190630141497666,5.75963755064059,5.137783316012066,4.772766006214581,4.548124881135339
8.190033850598331,5.759475193037786,5.137511501950994,4.772612681379788,4.548375945299795
8.18988658135885,5.759320739003542,5.137376476905494,4.772640920007687,4.548261768514716
8.189738311888425,5.759308393603267,5.137234397523632,4.772432126364461,4.548310285032488
8.189236426776326,5.759187215033013,5.1373707181396515,4.772516538867274,4.548431505776338
8.18885312796092,5.758874421535425,5.137362836256344,4.772631143703223,4.548345791732356
8.188370869601513,5.758933961768853,5.13743779089643,4.77257783848709,4.548206034819755
8.18802051369111,5.758950753412209,5.137219978953545,4.772852789276535,4.5482511600378475
8.187543998488897,5.758746559056552,5.137316474582575,4.772758404816253,4.5484056510502775
8.187305678850587,5.7587773658082195,5.137060167366531,4.77263119552136,4.5483498463171035
8.187039421259326,5.758736831485245,5.137258923290048,4.772458348984157,4.548519797035532
8.18652626323519,5.758696971954033,5.137361528047549,4.772552705881793,4.548485489050447
8.186025123873609,5.758793549081326,5.137177685913308,4.772601556416105,4.548592747916259
8.1855942972342,5.758769003031,5.136915778058598,4.772729714175547,4.548493602429099
8.185180554146813,5.758871844233815,5.136732812426134,4.772819202156244,4.548576698542345
8.184674184850223,5.758715582717612,5.136477093960778,4.77290976471918,4.548553331741564
8.184258357958324,5.758468458154368,5.136549641077721,4.772917541617994,4.548495447073248
8.18401075729849,5.758468181164698,5.136692793300514,4.7729054154986255,4.548449652399307
8.183590741910432,5.758552842742518,5.13643465142501,4.772724303245544,4.5486466818859705
8.182850089983498,5.758678510198592,5.13659059552237,4.772876501384471,4.548618179902205
8.182486997810678,5.7586399039335125,5.136634926502953,4.77295114180255,4.548717403903553
8.181810107252208,5.758540138404745,5.1364715601453375,4.7729445629914435,4.5487557891642645
8.181559561680082,5.758373595959106,5.136397032763811,4.7731533295776245,4.548724948381946
8.181032633154675,5.758193212954404,5.136495567546407,4.7731091396540375,4.548786124170265
8.180433674857234,5.758253404380294,5.136638628724646,4.773357531470948,4.548603111350105
8.179927832343033,5.757952095255873,5.136592707915644,4.773261420637062,4.548744939369441
8.179134188103244,5.7577887277434785,5.1364092563269965,4.773288814046394,4.548570299008254
8.178809083793112,5.757672398800258,5.136292894539349,4.773343859813022,4.548655524076497
8.178451051331368,5.757716099805191,5.136448032815917,4.773379676732697,4.548714635552479
8.178237023661053,5.757539000337902,5.136285019882385,4.773269882023873,4.5488685727294715
8.17773555617831,5.757665834573075,5.136244873798279,4.773166993894981,4.548689343057125
8.177500291204042,5.757730041660483,5.136144687216897,4.773293941230702,4.548695726652944
8.177101037964713,5.75770838219613,5.136322889079775,4.7734574212135135,4.548546180967319
8.176696392171406,5.757623543744322,5.136320742480027,4.773396924560243,4.54886862278485
8.176456165974049,5.757385171115073,5.136318070919534,4.773429970905354,4.548438516525576
8.176256295442832,5.757382071440841,5.136107400650495,4.773678446156138,4.548453466532639
8.176104827715246,5.75743578799419,5.136150263599902,4.7736026338182835,4.548348545628106
8.175764200746901,5.757268468747226,5.1362885500955295,4.773539978944423,4.548144726164312
8.17528731897942,5.757170982030953,5.136266019009444,4.773754636446635,4.5481913638564775
8.174834080298126,5.757175749239245,5.1360219770746145,4.773675882648907,4.548139776430948
8.174282547913972,5.757398723406844,5.1359916624659165,4.7735884353980635,4.548158254527486
8.173809581998757,5.757240778491254,5.1359584563787,4.7736237572594655,4.54796028961407
8.173389591129943,5.757335667586196,5.135882480702842,4.773680720161483,4.548029667021692
8.172969657538449,5.757216833074679,5.135941485859337,4.773574745967126,4.547787745310998
8.172270151638307,5.757217997632035,5.136149818374085,4.773235336620005,4.547696829341365
8.171898469831097,5.75707055989833,5.136650541424127,4.772988826329673,4.547702623905935
8.171398300863101,5.756788926176468,5.136694501563064,4.773345685344503,4.547627593643648
8.171198987591639,5.756866118278831,5.136884702900809,4.773202113712101,4.547683363405824
8.170505810981016,5.756779254679899,5.1368530249495885,4.773150191895633,4.5478662494835
8.17014555999909,5.756625563298975,5.13710804470312,4.77329829332096,4.548323574636651
8.170020745519512,5.75653713983953,5.137033776726398,4.773415475996505,4.548274554352738
8.16937448338886,5.7565095257165915,5.137036674271411,4.7734666163268855,4.548305217975008
8.169019442736904,5.75651107718514,5.13703269783071,4.7736482246962675,4.548581404530483
8.169019888835019,5.756530355784338,5.137279937210003,4.7738207477760914,4.5486275921047294
8.168577345255475,5.756426256419324,5.137194824079265,4.773804379814696,4.548398739913991
8.168280675412719,5.756269267438622,5.136979898979103,4.774035807962778,4.54848017014216
8.167873994350035,5.756153783851996,5.136989577272681,4.773804057610463,4.548733084622083
8.167396941297511,5.755756653283678,5.136979932798974,4.773725873469609,4.548610116972956
8.166922106274981,5.755860259985874,5.136878728368835,4.773893179724261,4.548513586237435
8.166447029360599,5.75571456579544,5.136706762188438,4.7739160864568655,4.54862694077441
8.166051879052526,5.7556887601373194,5.136812725031316,4.773782774582132,4.548460994320044
8.165719601447911,5.755788540954558,5.136997896222712,4.773768445979372,4.548474561240413
8.165304375629798,5.755587698968689,5.136980724971296,4.773713987173018,4.548602061914214
8.164821997375011,5.755475566334968,5.137043163351271,4.773420000275183,4.548677464247496
8.164406861236833,5.755060805590378,5.136836613785534,4.773301085648286,4.548613897157372
8.163961379210452,5.755030383908652,5.136679442892578,4.773403203957076,4.548495331778734
8.163413192590806,5.755242776850851,5.136361130827315,4.773317897304886,4.548747643921563
8.162903217058128,5.755219133925155,5.1363300922935915,4.773360812731101,4.548813439876145
8.162706441183884,5.75509236027797,5.136233783910672,4.77338103428483,4.548896711121003
8.162396165386534,5.7552080583483,5.136132822759795,4.77337912638171,4.548903795064327
8.162177588928744,5.7549135019659055,5.136072113582463,4.773366608504502,4.549031802834396
8.161651743369228,5.754928284179859,5.135959021180912,4.773399836863673,4.548951527984495
8.161369758879117,5.754941650572467,5.135964341653971,4.773351324636871,4.549193138137249
8.16093108616808,5.754983801648223,5.135876098408535,4.773430774015889,4.549494593746332
8.160700246883938,5.7550368216749135,5.135762506507607,4.773237052977804,4.549687675818571
8.160439453478139,5.754645493265148,5.135710650331542,4.773348340279897,4.549617460767469
8.159985874238705,5.75469532489975,5.135827367049882,4.773144243263365,4.549696493218227
8.159776242911184,5.75456601082597,5.135953751639582,4.773300275606285,4.5496956399781565
8.159228166076597,5.754453038425803,5.13608054990828,4.773422558838018,4.5496860662269984
8.158929154521536,5.754499054777724,5.135782516366898,4.773279461536554,4.549573119131202
8.158413813793947,5.754332676046804,5.135737453216527,4.773110365332511,4.549489824799627
8.157932995511468,5.7543034023983965,5.1359329796273325,4.773079025653749,4.549587136466167
8.157533723980151,5.753979027543664,5.135850834955454,4.773080706051587,4.549667111213741
8.157261621073152,5.75374387694544,5.135972128181814,4.77324845402164,4.549443136444963
8.157064764404614,5.753600445548165,5.135913584715504,4.773217281629873,4.549352628992642
8.15645641069925,5.7535467107736,5.135910061006109,4.773132903016106,4.549547997801933
8.155892977530455,5.753601671155927,5.135936351077791,4.773158082233618,4.549570298234473
8.155719261145686,5.753734556415017,5.1358073283637005,4.773210510274487,4.549391157524693
8.155280738945324,5.753603267224498,5.1356433228338405,4.773050612235959,4.549288766166481
8.154978646304295,5.75352803836396,5.135523657214219,4.772721738544298,4.549355616141246
8.154550873654753,5.753544545628529,5.135292938466589,4.772795298840188,4.5490684445000245
8.154030261335347,5.753575767394099,5.135175195196074,4.77274809431392,4.548992077591952
8.15355754323662,5.753509516393763,5.135243257282188,4.772729662124988,4.549002839755854
8.15306135622331,5.753495850192451,5.135091208225705,4.772572270823266,4.549266158780903
8.152724760081627,5.753304126052209,5.13471452116818,4.772361519719079,4.549537530540185
8.152439721504402,5.753133267874251,5.134673796209806,4.772274280201952,4.549571812362782
8.152171469564367,5.753144200172124,5.134283082289644,4.772256581765517,4.549545546158741
8.15169133506075,5.753272209386693,5.13408442604095,4.772127940556504,4.549823093572297
8.151191376751255,5.753365741210448,5.134109748224294,4.772217600982382,4.550200391753613
8.150629258456869,5.753543719572202,5.13408837607622,4.772198670943364,4.550114781287511
8.150197878282592,5.753421849910392,5.13416293283172,4.772237527054667,4.549749655784756
8.149655916812675,5.753181807427039,5.134183997425164,4.772089866138555,4.549668615707422
8.149314506911127,5.753269005719423,5.134238787312916,4.772154889818949,4.549612417416381
8.148811118827117,5.7534682571209945,5.134089052541549,4.772338471812078,4.549598693699723
8.148262734152839,5.753360627356199,5.134170331572382,4.772365976306799,4.5495504539697205
8.148191305337575,5.753350972143461,5.1342001653343585,4.772164272971209,4.549585535675626
8.147982008647407,5.753521748789582,5.134288880587511,4.7721518189417225,4.549618897579977
8.147473255448363,5.753690873179758,5.134441769105833,4.771990685207732,4.549614021861373
8.147017320916673,5.75398112983743,5.134396008026501,4.772094562723617,4.5496864737065374
8.146485716073727,5.7537030685639925,5.134251115145306,4.771863379081501,4.549658247912824
8.146215884363489,5.753490353113164,5.134121583346147,4.771778697762692,4.549490121808342
8.145854668062924,5.7532879074521235,5.133918029967108,4.771543045662268,4.5494302346542455
8.145401300820902,5.753575455886485,5.13393910427314,4.771450909772852,4.549365977134515
8.144734172210851,5.753590459843292,5.13378444244495,4.771284865840916,4.549180565431514
8.144184456450162,5.7536351440172275,5.133893627890171,4.771222008588242,4.549056781848698
8.143660397487299,5.753411098586079,5.133892430899093,4.771204364159586,4.548920374986976
8.143129479668715,5.753272879782683,5.133851338141035,4.771141528394749,4.5489926082958085
8.14267661935842,5.753529412595482,5.133983466324794,4.771274080962883,4.548825808273539
8.142679713534326,5.75327254683701,5.134350092976364,4.771247237982209,4.548947294766141
8.142156126572408,5.753051635285698,5.134311855121928,4.771330067507386,4.548970184137442
8.141976225896995,5.752956742161281,5.134270068543663,4.771233750785173,4.548981153660339
8.141722300950212,5.752717667158525,5.134213925194008,4.771298760756644,4.549047380384897
8.141197910120225,5.752825614351965,5.134126217708109,4.771481919200223,4.549048818282547
8.140891564543043,5.752977686439066,5.133951612014849,4.771365662878255,4.548986590510171
8.140813073471705,5.753223149102838,5.134012997445008,4.7712599893378265,4.54895040623635
8.14024726888489,5.753550655978782,5.133685591438314,4.771235586169916,4.548837777295426
8.140074909641301,5.753589069514473,5.133730862895468,4.7712029400751295,4.549014972040514
8.13972201389549,5.753567770838026,5.133717934617684,4.771251902606758,4.548972609112306
8.13962758647071,5.753780911537845,5.133879152001668,4.771405066776668,4.548941652078197
8.139353370058318,5.753530472940046,5.134019652798058,4.771373928292154,4.5489861714548105
8.138650222454283,5.753441671783764,5.133819584932802,4.7710246598460655,4.54907754702315
8.138131714788896,5.753415927018203,5.133811714324151,4.7710423270493605,4.549161373968357
8.137947057913008,5.753653287250352,5.133901080361714,4.771182549137034,4.549297704018261
8.137418444477643,5.7537774246251105,5.133745462480332,4.771042207970771,4.549514234274289
8.13680779693845,5.753625050572961,5.133767254745524,4.771065997430634,4.549425409891652
8.13616926165021,5.753553764027004,5.133884771614317,4.7710375108830565,4.549546630029344
8.1361523335746,5.753165216355805,5.133946295487851,4.771035037181763,4.549629490201162
8.135658213038981,5.753161133914837,5.1337611498982545,4.771063159344059,4.549804842332522
8.135090038076319,5.753150943857933,5.1336225420053,4.771038568778694,4.5499772384181405
8.13456610540814,5.752998012361818,5.133561158958487,4.7708929350086855,4.549935194433311
8.133970283620268,5.75291207682323,5.133660253192404,4.770824498730927,4.5497915031287475
8.133596894189658,5.752860542785062,5.13373853278165,4.7708554397049125,4.54973407518734
8.133336581506835,5.752696227577313,5.13367742620436,4.770744850168866,4.549816523999232
8.133147413204878,5.7530088143960025,5.133589445407574,4.770514369915693,4.549770935156406
8.132868684834394,5.753152371724186,5.133564584513391,4.770358774532932,4.549938096190399
8.132480714221897,5.753138316613816,5.133538172874193,4.770470682900534,4.550020124815956
8.132010344747345,5.75301822114548,5.133318555066702,4.770376109402411,4.550024750194573
8.13142183438313,5.752841310585149,5.133372925812896,4.7703563295248275,4.549879718936108
8.130894298338498,5.752800258358971,5.133477151149609,4.7703916299049975,4.5498306328155955
8.13066460807361,5.752633939827839,5.133415501324326,4.770362812435741,4.549983791092629
8.13050796496287,5.752621259908118,5.133275758189678,4.77033955105403,4.549895925045209
8.12974615446642,5.752816863902739,5.133410780004564,4.7702427308334325,4.549943300146024
8.129192421711634,5.752632980069404,5.133643382157975,4.770245193507611,4.550124360146238
8.12885884330851,5.752605469175591,5.133643642833557,4.7701199966418955,4.5501248199595645
8.128334981908186,5.752398570931645,5.13382289192982,4.770154796025326,4.550075233641385
8.127951902140131,5.752418012640485,5.133626431025487,4.77015375622655,4.550169474365815
8.12780441453531,5.752342157395108,5.133397595338073,4.770226929416048,4.550278616907554
8.127307033265726,5.752347177902256,5.133232250465257,4.770295350140505,4.550182182283142
8.126907988998788,5.752255660527079,5.133435699105994,4.770056347466685,4.550229376517922
8.126457966902192,5.752472983867058,5.133508977800322,4.7702169331566395,4.550111345756373
8.12590079900191,5.752714547190818,5.133303172600045,4.7699862494881975,4.550067450994365
8.125709043698103,5.752677261914648,5.133149950094514,4.7701833745148345,4.549911290133094
8.125296599045548,5.75247936537181,5.133429321942643,4.770151047546814,4.549791961335922
8.124746829277404,5.752281254426451,5.13352859821456,4.770068286753529,4.54983071613604
8.12428067293432,5.7520614866337745,5.133623358227458,4.770033895433728,4.549704848940856
8.123750168424687,5.752289569205062,5.13356559564319,4.769798288448553,4.549659904081139
8.123597626980104,5.752230719090871,5.13325252986626,4.769673816619381,4.5496932415633164
8.122917150375574,5.752384312227322,5.133139419516731,4.769810754149562,4.549891220158182
8.122563106770418,5.752278255637811,5.133079184318075,4.769733585532831,4.5497462003571645
8.122506198676794,5.752112898430613,5.133265746804895,4.769566697603438,4.5495448327020735
8.121975523848672,5.751817077094319,5.133163820135987,4.769453710509728,4.5494233160688164
8.12157446896084,5.752082055912878,5.133055294432884,4.7692856023731265,4.549585357043978
8.121207229075969,5.751937478343192,5.133135429117069,4.769245740202472,4.549661405469621
8.120915450427631,5.752006359080899,5.133078581161577,4.769127657119409,4.549726320212283
8.120689413083896,5.751909740885763,5.132988653521221,4.769057050462747,4.549631875192103
8.12019985981038,5.75176406727805,5.132918518479205,4.769065637075418,4.549663525092181
8.11981792525732,5.75186475419182,5.132882136587408,4.769237536138505,4.549647713300166
8.11988989275763,5.751892499657555,5.133056300845742,4.769329721705689,4.549740671698686
8.119353711386562,5.752045150201335,5.132816252591897,4.769199387896085,4.549661200255338
8.118990544509655,5.751997003048458,5.133142154247351,4.769317551558286,4.549562945091125
8.11835247889792,5.7521191823754325,5.133036437708314,4.769346875602725,4.54965701432298
8.117795153011645,5.7520987430900945,5.133135495543989,4.769589509106012,4.549670318370192
8.117357454699716,5.752049616501979,5.133313376921971,4.76967720190684,4.5495738153007395
8.116832335870846,5.7520057438591365,5.133361691497228,4.769748056698913,4.549540649765263
8.116622920827812,5.751829918658859,5.13332959716159,4.769546731300137,4.549264985095009
8.116189264538377,5.75151207720043,5.13323537780183,4.769354160272762,4.549294813924964
8.11583076700441,5.751395909463356,5.133192181587219,4.769225281057633,4.549396443871183
8.11559781274022,5.7512812121027395,5.13290546497307,4.769170839094878,4.549248714664162
8.114941041256355,5.7512456806694585,5.133010522572975,4.76928458218652,4.549208390421984
8.114583664564455,5.751203805008354,5.133151590957363,4.769395066867681,4.549386486777492
8.114337809732028,5.751131597160082,5.133148890934742,4.769564276882809,4.549310148852184
8.113597644191435,5.750865485400367,5.133060848134188,4.7693511073530725,4.549273744385925
8.113272463665272,5.75076625542753,5.1329534516210575,4.769211845026086,4.549373160136802
8.112968281973437,5.75048375744505,5.132866858419428,4.768906133332228,4.5492782764144355
8.112809310925476,5.7504478863860555,5.133111686421951,4.768905543332365,4.549662978485547
8.11237229520853,5.750314074063945,5.13295001932349,4.7689936555421495,4.54963973997475
8.112249825391677,5.750009613087425,5.132999702949416,4.768948437138037,4.54972617463632
8.11195480879143,5.74983124762961,5.132855886909003,4.768757304160439,4.549495229519848
8.111606706035065,5.749498301442206,5.132566017843405,4.768574364141808,4.549460793460359
8.111162665503864,5.749514979925486,5.1325641539052835,4.768784829458633,4.549582749103537
8.111078596849898,5.749589939960502,5.132667879601948,4.7687444204444915,4.549593223610837
8.110963762446879,5.749822156559302,5.132586070593728,4.768837033868585,4.549793980606376
8.110530874243041,5.749685769821402,5.132899163365606,4.768881962277119,4.5496928408216455
8.109913351760447,5.7495788062114,5.1330505681255305,4.768662858323365,4.5496991251739685
8.10962663979739,5.74950642040908,5.132910103813369,4.768706710740465,4.54980319250538
8.109098592460313,5.749560916619381,5.132902858371747,4.768793622129524,4.549896122256537
8.108676933479387,5.749441271322659,5.132969166403021,4.768685159049762,4.549803246414676
8.10841791261471,5.749179595731777,5.132831539598933,4.768623573622208,4.550049345076724
8.107987392769168,5.7491232333395645,5.132813433983065,4.768484467340384,4.550026999552723
8.107364945700235,5.748999578463986,5.132825514923294,4.768453201285452,4.55058239476687
